PRODUCT_CODE,RULE,LIQN_DAYS,LIQN_MONTHS,LIQN_YEARS,LIQN_START_ACCOUNT,LIQN_START_DATE,LIQN_EOM,ACCR_PROD_LEVEL,ACCR_FREQ,ACCR_MONTH,ACCR_EOM,ACCR_DAY,UDE_CCY,FIRST_CALC_DATE,FIRST_ACCR_DATE,BACK_CALC_FLAG,TAX_CURRENCY,RATE_TYPE,MID_SELL_BUY,DECIMAL_TREATMENT,PNL_REPLACE,TXN_CODE,RECEIVABLE_GL,ALLOW_RECEIVABLE_TRACK,MAX_RETRY,BOOK_DATE_BASIS,VALUE_DATE_BASIS,RELEASE_IN_BOD,UDE_RATE_TYPE,UDE_RATE_CODE,BACK_UDE_FLAG,IC_MIS_TRACKING,LIQN_ENT_DAY,PAYMENT_METHOD,DEFERRED_FLAG,CALC_DAYS,LIQN_BF_MTHEND,DAYS_BF_MTHEND,DR_INT_RECV_GL,LIQN_BASED_ON_ACC_OPNG,PRODUCT_CALC_TYPE
SAV1,RULE,32,42,24,1,2026-01-01,L,1,1,10,1,15,USD,2026-01-01,2026-01-01,Y,TAX,RATE_TYP,M,D,P,ATM,RECEIVABLE_GL_1,A,8540,B,V,R,U,UDE_RATE,Y,I,L,P,Y,12,L,15,DR_INT_RE,1,S
CURR,RULE,14,36,20,1,2026-01-02,L,1,1,10,1,46,PEN,2026-01-02,2026-01-02,N,TAX,RATE_TYP,M,D,P,DEP,RECEIVABLE_GL_2,A,2141,B,V,R,U,UDE_RATE,N,I,L,P,N,20,L,10,DR_INT_RE,1,C
LOAN,RULE,6,97,50,1,2026-01-03,L,1,1,10,1,5,EUR,2026-01-03,2026-01-03,N,TAX,RATE_TYP,M,D,P,WDR,RECEIVABLE_GL_3,A,1279,B,V,R,U,UDE_RATE,N,I,L,P,N,0,L,10,DR_INT_RE,1,L
TD01,RULE,29,2,36,1,2026-01-04,L,1,1,10,1,62,BRL,2026-01-04,2026-01-04,N,TAX,RATE_TYP,M,D,P,TRF,RECEIVABLE_GL_4,A,3707,B,V,R,U,UDE_RATE,N,I,L,P,N,9,L,19,DR_INT_RE,1,T
CARD,RULE,26,9,33,1,2026-01-05,L,1,1,10,1,96,USD,2026-01-05,2026-01-05,N,TAX,RATE_TYP,M,D,P,FEE,RECEIVABLE_GL_5,A,115,B,V,R,U,UDE_RATE,N,I,L,P,N,18,L,2,DR_INT_RE,1,C
CLRG,RULE,8,1,16,1,2026-01-06,L,1,1,10,1,75,PEN,2026-01-06,2026-01-06,Y,TAX,RATE_TYP,M,D,P,INT,RECEIVABLE_GL_6,A,78,B,V,R,U,UDE_RATE,Y,I,L,P,Y,28,L,33,DR_INT_RE,1,C
SAV1,RULE,20,94,98,1,2026-01-07,L,1,1,10,1,7,EUR,2026-01-07,2026-01-07,N,TAX,RATE_TYP,M,D,P,REV,RECEIVABLE_GL_7,A,9213,B,V,R,U,UDE_RATE,N,I,L,P,N,24,L,18,DR_INT_RE,1,S
CURR,RULE,8,29,93,1,2026-01-08,L,1,1,10,1,29,BRL,2026-01-08,2026-01-08,N,TAX,RATE_TYP,M,D,P,PAY,RECEIVABLE_GL_8,A,5793,B,V,R,U,UDE_RATE,N,I,L,P,N,23,L,5,DR_INT_RE,1,C
LOAN,RULE,34,8,44,1,2026-01-09,L,1,1,10,1,35,USD,2026-01-09,2026-01-09,N,TAX,RATE_TYP,M,D,P,ATM,RECEIVABLE_GL_9,A,8826,B,V,R,U,UDE_RATE,N,I,L,P,N,4,L,23,DR_INT_RE,1,L
TD01,RULE,31,55,33,1,2026-01-10,L,1,1,10,1,25,PEN,2026-01-10,2026-01-10,N,TAX,RATE_TYP,M,D,P,DEP,RECEIVABLE_GL_10,A,3299,B,V,R,U,UDE_RATE,N,I,L,P,N,19,L,14,DR_INT_RE,1,T
CARD,RULE,23,18,80,1,2026-01-11,L,1,1,10,1,64,EUR,2026-01-11,2026-01-11,Y,TAX,RATE_TYP,M,D,P,WDR,RECEIVABLE_GL_11,A,6015,B,V,R,U,UDE_RATE,Y,I,L,P,Y,31,L,36,DR_INT_RE,1,C
CLRG,RULE,26,8,72,1,2026-01-12,L,1,1,10,1,84,BRL,2026-01-12,2026-01-12,N,TAX,RATE_TYP,M,D,P,TRF,RECEIVABLE_GL_12,A,6594,B,V,R,U,UDE_RATE,N,I,L,P,N,11,L,27,DR_INT_RE,1,C
SAV1,RULE,16,69,47,1,2026-01-13,L,1,1,10,1,56,USD,2026-01-13,2026-01-13,N,TAX,RATE_TYP,M,D,P,FEE,RECEIVABLE_GL_13,A,2989,B,V,R,U,UDE_RATE,N,I,L,P,N,29,L,26,DR_INT_RE,1,S
CURR,RULE,3,57,62,1,2026-01-14,L,1,1,10,1,15,PEN,2026-01-14,2026-01-14,N,TAX,RATE_TYP,M,D,P,INT,RECEIVABLE_GL_14,A,1239,B,V,R,U,UDE_RATE,N,I,L,P,N,29,L,24,DR_INT_RE,1,C
LOAN,RULE,27,62,60,1,2026-01-15,L,1,1,10,1,2,EUR,2026-01-15,2026-01-15,N,TAX,RATE_TYP,M,D,P,REV,RECEIVABLE_GL_15,A,8116,B,V,R,U,UDE_RATE,N,I,L,P,N,10,L,14,DR_INT_RE,1,L
TD01,RULE,10,79,59,1,2026-01-16,L,1,1,10,1,89,BRL,2026-01-16,2026-01-16,Y,TAX,RATE_TYP,M,D,P,PAY,RECEIVABLE_GL_16,A,8533,B,V,R,U,UDE_RATE,Y,I,L,P,Y,8,L,24,DR_INT_RE,1,T
CARD,RULE,29,24,10,1,2026-01-17,L,1,1,10,1,13,USD,2026-01-17,2026-01-17,N,TAX,RATE_TYP,M,D,P,ATM,RECEIVABLE_GL_17,A,9427,B,V,R,U,UDE_RATE,N,I,L,P,N,20,L,20,DR_INT_RE,1,C
CLRG,RULE,13,35,69,1,2026-01-18,L,1,1,10,1,26,PEN,2026-01-18,2026-01-18,N,TAX,RATE_TYP,M,D,P,DEP,RECEIVABLE_GL_18,A,9254,B,V,R,U,UDE_RATE,N,I,L,P,N,12,L,35,DR_INT_RE,1,C
SAV1,RULE,9,22,81,1,2026-01-19,L,1,1,10,1,30,EUR,2026-01-19,2026-01-19,N,TAX,RATE_TYP,M,D,P,WDR,RECEIVABLE_GL_19,A,2489,B,V,R,U,UDE_RATE,N,I,L,P,N,30,L,1,DR_INT_RE,1,S
CURR,RULE,35,83,7,1,2026-01-20,L,1,1,10,1,78,BRL,2026-01-20,2026-01-20,N,TAX,RATE_TYP,M,D,P,TRF,RECEIVABLE_GL_20,A,8587,B,V,R,U,UDE_RATE,N,I,L,P,N,24,L,36,DR_INT_RE,1,C
LOAN,RULE,24,93,42,1,2026-01-21,L,1,1,10,1,54,USD,2026-01-21,2026-01-21,Y,TAX,RATE_TYP,M,D,P,FEE,RECEIVABLE_GL_21,A,8016,B,V,R,U,UDE_RATE,Y,I,L,P,Y,22,L,21,DR_INT_RE,1,L
TD01,RULE,5,99,32,1,2026-01-22,L,1,1,10,1,96,PEN,2026-01-22,2026-01-22,N,TAX,RATE_TYP,M,D,P,INT,RECEIVABLE_GL_22,A,2736,B,V,R,U,UDE_RATE,N,I,L,P,N,23,L,25,DR_INT_RE,1,T
CARD,RULE,23,21,34,1,2026-01-23,L,1,1,10,1,50,EUR,2026-01-23,2026-01-23,N,TAX,RATE_TYP,M,D,P,REV,RECEIVABLE_GL_23,A,8921,B,V,R,U,UDE_RATE,N,I,L,P,N,18,L,14,DR_INT_RE,1,C
CLRG,RULE,29,84,39,1,2026-01-24,L,1,1,10,1,18,BRL,2026-01-24,2026-01-24,N,TAX,RATE_TYP,M,D,P,PAY,RECEIVABLE_GL_24,A,5306,B,V,R,U,UDE_RATE,N,I,L,P,N,12,L,20,DR_INT_RE,1,C
SAV1,RULE,5,32,70,1,2026-01-25,L,1,1,10,1,44,USD,2026-01-25,2026-01-25,N,TAX,RATE_TYP,M,D,P,ATM,RECEIVABLE_GL_25,A,4372,B,V,R,U,UDE_RATE,N,I,L,P,N,19,L,4,DR_INT_RE,1,S
CURR,RULE,35,4,41,1,2026-01-26,L,1,1,10,1,33,PEN,2026-01-26,2026-01-26,Y,TAX,RATE_TYP,M,D,P,DEP,RECEIVABLE_GL_26,A,9240,B,V,R,U,UDE_RATE,Y,I,L,P,Y,31,L,28,DR_INT_RE,1,C
LOAN,RULE,26,40,92,1,2026-01-27,L,1,1,10,1,16,EUR,2026-01-27,2026-01-27,N,TAX,RATE_TYP,M,D,P,WDR,RECEIVABLE_GL_27,A,9893,B,V,R,U,UDE_RATE,N,I,L,P,N,0,L,2,DR_INT_RE,1,L
TD01,RULE,3,47,59,1,2026-01-28,L,1,1,10,1,9,BRL,2026-01-28,2026-01-28,N,TAX,RATE_TYP,M,D,P,TRF,RECEIVABLE_GL_28,A,680,B,V,R,U,UDE_RATE,N,I,L,P,N,19,L,12,DR_INT_RE,1,T
CARD,RULE,27,79,43,1,2026-01-29,L,1,1,10,1,96,USD,2026-01-29,2026-01-29,N,TAX,RATE_TYP,M,D,P,FEE,RECEIVABLE_GL_29,A,6191,B,V,R,U,UDE_RATE,N,I,L,P,N,35,L,7,DR_INT_RE,1,C
CLRG,RULE,5,20,21,1,2026-01-30,L,1,1,10,1,58,PEN,2026-01-30,2026-01-30,N,TAX,RATE_TYP,M,D,P,INT,RECEIVABLE_GL_30,A,9719,B,V,R,U,UDE_RATE,N,I,L,P,N,10,L,20,DR_INT_RE,1,C
SAV1,RULE,33,6,32,1,2026-01-31,L,1,1,10,1,11,EUR,2026-01-31,2026-01-31,Y,TAX,RATE_TYP,M,D,P,REV,RECEIVABLE_GL_31,A,6176,B,V,R,U,UDE_RATE,Y,I,L,P,Y,19,L,27,DR_INT_RE,1,S
CURR,RULE,31,44,23,1,2026-02-01,L,1,1,10,1,10,BRL,2026-02-01,2026-02-01,N,TAX,RATE_TYP,M,D,P,PAY,RECEIVABLE_GL_32,A,9990,B,V,R,U,UDE_RATE,N,I,L,P,N,22,L,9,DR_INT_RE,1,C
LOAN,RULE,8,57,66,1,2026-02-02,L,1,1,10,1,84,USD,2026-02-02,2026-02-02,N,TAX,RATE_TYP,M,D,P,ATM,RECEIVABLE_GL_33,A,4120,B,V,R,U,UDE_RATE,N,I,L,P,N,32,L,7,DR_INT_RE,1,L
TD01,RULE,32,65,87,1,2026-02-03,L,1,1,10,1,30,PEN,2026-02-03,2026-02-03,N,TAX,RATE_TYP,M,D,P,DEP,RECEIVABLE_GL_34,A,6374,B,V,R,U,UDE_RATE,N,I,L,P,N,13,L,32,DR_INT_RE,1,T
CARD,RULE,4,36,17,1,2026-02-04,L,1,1,10,1,26,EUR,2026-02-04,2026-02-04,N,TAX,RATE_TYP,M,D,P,WDR,RECEIVABLE_GL_35,A,6315,B,V,R,U,UDE_RATE,N,I,L,P,N,35,L,25,DR_INT_RE,1,C
CLRG,RULE,15,54,59,1,2026-02-05,L,1,1,10,1,45,BRL,2026-02-05,2026-02-05,Y,TAX,RATE_TYP,M,D,P,TRF,RECEIVABLE_GL_36,A,1263,B,V,R,U,UDE_RATE,Y,I,L,P,Y,3,L,15,DR_INT_RE,1,C
SAV1,RULE,12,55,67,1,2026-02-06,L,1,1,10,1,63,USD,2026-02-06,2026-02-06,N,TAX,RATE_TYP,M,D,P,FEE,RECEIVABLE_GL_37,A,4399,B,V,R,U,UDE_RATE,N,I,L,P,N,27,L,3,DR_INT_RE,1,S
CURR,RULE,11,27,22,1,2026-02-07,L,1,1,10,1,2,PEN,2026-02-07,2026-02-07,N,TAX,RATE_TYP,M,D,P,INT,RECEIVABLE_GL_38,A,2396,B,V,R,U,UDE_RATE,N,I,L,P,N,30,L,9,DR_INT_RE,1,C
LOAN,RULE,6,77,28,1,2026-02-08,L,1,1,10,1,43,EUR,2026-02-08,2026-02-08,N,TAX,RATE_TYP,M,D,P,REV,RECEIVABLE_GL_39,A,5824,B,V,R,U,UDE_RATE,N,I,L,P,N,5,L,21,DR_INT_RE,1,L
TD01,RULE,2,14,91,1,2026-02-09,L,1,1,10,1,50,BRL,2026-02-09,2026-02-09,N,TAX,RATE_TYP,M,D,P,PAY,RECEIVABLE_GL_40,A,3927,B,V,R,U,UDE_RATE,N,I,L,P,N,20,L,6,DR_INT_RE,1,T
CARD,RULE,29,82,70,1,2026-02-10,L,1,1,10,1,47,USD,2026-02-10,2026-02-10,Y,TAX,RATE_TYP,M,D,P,ATM,RECEIVABLE_GL_41,A,8219,B,V,R,U,UDE_RATE,Y,I,L,P,Y,6,L,1,DR_INT_RE,1,C
CLRG,RULE,33,2,54,1,2026-02-11,L,1,1,10,1,97,PEN,2026-02-11,2026-02-11,N,TAX,RATE_TYP,M,D,P,DEP,RECEIVABLE_GL_42,A,4933,B,V,R,U,UDE_RATE,N,I,L,P,N,3,L,15,DR_INT_RE,1,C
SAV1,RULE,22,17,94,1,2026-02-12,L,1,1,10,1,16,EUR,2026-02-12,2026-02-12,N,TAX,RATE_TYP,M,D,P,WDR,RECEIVABLE_GL_43,A,9209,B,V,R,U,UDE_RATE,N,I,L,P,N,34,L,21,DR_INT_RE,1,S
CURR,RULE,8,66,11,1,2026-02-13,L,1,1,10,1,10,BRL,2026-02-13,2026-02-13,N,TAX,RATE_TYP,M,D,P,TRF,RECEIVABLE_GL_44,A,4105,B,V,R,U,UDE_RATE,N,I,L,P,N,6,L,16,DR_INT_RE,1,C
LOAN,RULE,32,3,46,1,2026-02-14,L,1,1,10,1,11,USD,2026-02-14,2026-02-14,N,TAX,RATE_TYP,M,D,P,FEE,RECEIVABLE_GL_45,A,1264,B,V,R,U,UDE_RATE,N,I,L,P,N,5,L,17,DR_INT_RE,1,L
TD01,RULE,22,20,69,1,2026-02-15,L,1,1,10,1,92,PEN,2026-02-15,2026-02-15,Y,TAX,RATE_TYP,M,D,P,INT,RECEIVABLE_GL_46,A,4364,B,V,R,U,UDE_RATE,Y,I,L,P,Y,30,L,9,DR_INT_RE,1,T
CARD,RULE,25,36,34,1,2026-02-16,L,1,1,10,1,92,EUR,2026-02-16,2026-02-16,N,TAX,RATE_TYP,M,D,P,REV,RECEIVABLE_GL_47,A,1989,B,V,R,U,UDE_RATE,N,I,L,P,N,2,L,18,DR_INT_RE,1,C
CLRG,RULE,31,18,7,1,2026-02-17,L,1,1,10,1,90,BRL,2026-02-17,2026-02-17,N,TAX,RATE_TYP,M,D,P,PAY,RECEIVABLE_GL_48,A,4458,B,V,R,U,UDE_RATE,N,I,L,P,N,8,L,1,DR_INT_RE,1,C
SAV1,RULE,23,73,39,1,2026-02-18,L,1,1,10,1,6,USD,2026-02-18,2026-02-18,N,TAX,RATE_TYP,M,D,P,ATM,RECEIVABLE_GL_49,A,1869,B,V,R,U,UDE_RATE,N,I,L,P,N,26,L,32,DR_INT_RE,1,S
CURR,RULE,6,8,83,1,2026-02-19,L,1,1,10,1,40,PEN,2026-02-19,2026-02-19,N,TAX,RATE_TYP,M,D,P,DEP,RECEIVABLE_GL_50,A,9265,B,V,R,U,UDE_RATE,N,I,L,P,N,19,L,31,DR_INT_RE,1,C
LOAN,RULE,22,60,19,1,2026-02-20,L,1,1,10,1,60,EUR,2026-02-20,2026-02-20,Y,TAX,RATE_TYP,M,D,P,WDR,RECEIVABLE_GL_51,A,7088,B,V,R,U,UDE_RATE,Y,I,L,P,Y,11,L,17,DR_INT_RE,1,L
TD01,RULE,23,50,80,1,2026-02-21,L,1,1,10,1,50,BRL,2026-02-21,2026-02-21,N,TAX,RATE_TYP,M,D,P,TRF,RECEIVABLE_GL_52,A,9985,B,V,R,U,UDE_RATE,N,I,L,P,N,36,L,29,DR_INT_RE,1,T
CARD,RULE,26,59,80,1,2026-02-22,L,1,1,10,1,62,USD,2026-02-22,2026-02-22,N,TAX,RATE_TYP,M,D,P,FEE,RECEIVABLE_GL_53,A,1654,B,V,R,U,UDE_RATE,N,I,L,P,N,26,L,7,DR_INT_RE,1,C
CLRG,RULE,30,29,24,1,2026-02-23,L,1,1,10,1,73,PEN,2026-02-23,2026-02-23,N,TAX,RATE_TYP,M,D,P,INT,RECEIVABLE_GL_54,A,7001,B,V,R,U,UDE_RATE,N,I,L,P,N,32,L,19,DR_INT_RE,1,C
SAV1,RULE,31,18,57,1,2026-02-24,L,1,1,10,1,47,EUR,2026-02-24,2026-02-24,N,TAX,RATE_TYP,M,D,P,REV,RECEIVABLE_GL_55,A,6009,B,V,R,U,UDE_RATE,N,I,L,P,N,3,L,19,DR_INT_RE,1,S
CURR,RULE,26,99,39,1,2026-02-25,L,1,1,10,1,38,BRL,2026-02-25,2026-02-25,Y,TAX,RATE_TYP,M,D,P,PAY,RECEIVABLE_GL_56,A,6129,B,V,R,U,UDE_RATE,Y,I,L,P,Y,21,L,9,DR_INT_RE,1,C
LOAN,RULE,31,98,91,1,2026-02-26,L,1,1,10,1,26,USD,2026-02-26,2026-02-26,N,TAX,RATE_TYP,M,D,P,ATM,RECEIVABLE_GL_57,A,607,B,V,R,U,UDE_RATE,N,I,L,P,N,4,L,27,DR_INT_RE,1,L
TD01,RULE,36,53,85,1,2026-02-27,L,1,1,10,1,44,PEN,2026-02-27,2026-02-27,N,TAX,RATE_TYP,M,D,P,DEP,RECEIVABLE_GL_58,A,9511,B,V,R,U,UDE_RATE,N,I,L,P,N,5,L,19,DR_INT_RE,1,T
CARD,RULE,21,80,79,1,2026-02-28,L,1,1,10,1,67,EUR,2026-02-28,2026-02-28,N,TAX,RATE_TYP,M,D,P,WDR,RECEIVABLE_GL_59,A,1467,B,V,R,U,UDE_RATE,N,I,L,P,N,13,L,9,DR_INT_RE,1,C
CLRG,RULE,25,92,34,1,2026-03-01,L,1,1,10,1,74,BRL,2026-03-01,2026-03-01,N,TAX,RATE_TYP,M,D,P,TRF,RECEIVABLE_GL_60,A,7249,B,V,R,U,UDE_RATE,N,I,L,P,N,0,L,26,DR_INT_RE,1,C
SAV1,RULE,16,68,80,1,2026-03-02,L,1,1,10,1,14,USD,2026-03-02,2026-03-02,Y,TAX,RATE_TYP,M,D,P,FEE,RECEIVABLE_GL_61,A,2931,B,V,R,U,UDE_RATE,Y,I,L,P,Y,16,L,28,DR_INT_RE,1,S
CURR,RULE,25,38,90,1,2026-03-03,L,1,1,10,1,75,PEN,2026-03-03,2026-03-03,N,TAX,RATE_TYP,M,D,P,INT,RECEIVABLE_GL_62,A,8903,B,V,R,U,UDE_RATE,N,I,L,P,N,24,L,14,DR_INT_RE,1,C
LOAN,RULE,4,73,37,1,2026-03-04,L,1,1,10,1,60,EUR,2026-03-04,2026-03-04,N,TAX,RATE_TYP,M,D,P,REV,RECEIVABLE_GL_63,A,940,B,V,R,U,UDE_RATE,N,I,L,P,N,0,L,9,DR_INT_RE,1,L
TD01,RULE,6,40,95,1,2026-03-05,L,1,1,10,1,54,BRL,2026-03-05,2026-03-05,N,TAX,RATE_TYP,M,D,P,PAY,RECEIVABLE_GL_64,A,2363,B,V,R,U,UDE_RATE,N,I,L,P,N,31,L,17,DR_INT_RE,1,T
CARD,RULE,31,60,89,1,2026-03-06,L,1,1,10,1,70,USD,2026-03-06,2026-03-06,N,TAX,RATE_TYP,M,D,P,ATM,RECEIVABLE_GL_65,A,6479,B,V,R,U,UDE_RATE,N,I,L,P,N,31,L,26,DR_INT_RE,1,C
CLRG,RULE,14,85,51,1,2026-03-07,L,1,1,10,1,63,PEN,2026-03-07,2026-03-07,Y,TAX,RATE_TYP,M,D,P,DEP,RECEIVABLE_GL_66,A,507,B,V,R,U,UDE_RATE,Y,I,L,P,Y,31,L,24,DR_INT_RE,1,C
SAV1,RULE,15,26,47,1,2026-03-08,L,1,1,10,1,32,EUR,2026-03-08,2026-03-08,N,TAX,RATE_TYP,M,D,P,WDR,RECEIVABLE_GL_67,A,9486,B,V,R,U,UDE_RATE,N,I,L,P,N,31,L,28,DR_INT_RE,1,S
CURR,RULE,33,42,82,1,2026-03-09,L,1,1,10,1,64,BRL,2026-03-09,2026-03-09,N,TAX,RATE_TYP,M,D,P,TRF,RECEIVABLE_GL_68,A,2508,B,V,R,U,UDE_RATE,N,I,L,P,N,19,L,0,DR_INT_RE,1,C
LOAN,RULE,0,7,0,1,2026-03-10,L,1,1,10,1,73,USD,2026-03-10,2026-03-10,N,TAX,RATE_TYP,M,D,P,FEE,RECEIVABLE_GL_69,A,8440,B,V,R,U,UDE_RATE,N,I,L,P,N,17,L,14,DR_INT_RE,1,L
TD01,RULE,14,3,69,1,2026-03-11,L,1,1,10,1,40,PEN,2026-03-11,2026-03-11,N,TAX,RATE_TYP,M,D,P,INT,RECEIVABLE_GL_70,A,6854,B,V,R,U,UDE_RATE,N,I,L,P,N,9,L,1,DR_INT_RE,1,T
CARD,RULE,1,48,98,1,2026-03-12,L,1,1,10,1,81,EUR,2026-03-12,2026-03-12,Y,TAX,RATE_TYP,M,D,P,REV,RECEIVABLE_GL_71,A,5476,B,V,R,U,UDE_RATE,Y,I,L,P,Y,27,L,29,DR_INT_RE,1,C
CLRG,RULE,12,12,66,1,2026-03-13,L,1,1,10,1,76,BRL,2026-03-13,2026-03-13,N,TAX,RATE_TYP,M,D,P,PAY,RECEIVABLE_GL_72,A,157,B,V,R,U,UDE_RATE,N,I,L,P,N,21,L,35,DR_INT_RE,1,C
SAV1,RULE,17,49,12,1,2026-03-14,L,1,1,10,1,3,USD,2026-03-14,2026-03-14,N,TAX,RATE_TYP,M,D,P,ATM,RECEIVABLE_GL_73,A,1419,B,V,R,U,UDE_RATE,N,I,L,P,N,13,L,11,DR_INT_RE,1,S
CURR,RULE,32,32,22,1,2026-03-15,L,1,1,10,1,75,PEN,2026-03-15,2026-03-15,N,TAX,RATE_TYP,M,D,P,DEP,RECEIVABLE_GL_74,A,4843,B,V,R,U,UDE_RATE,N,I,L,P,N,34,L,3,DR_INT_RE,1,C
LOAN,RULE,20,16,65,1,2026-03-16,L,1,1,10,1,56,EUR,2026-03-16,2026-03-16,N,TAX,RATE_TYP,M,D,P,WDR,RECEIVABLE_GL_75,A,7363,B,V,R,U,UDE_RATE,N,I,L,P,N,29,L,27,DR_INT_RE,1,L
TD01,RULE,23,36,43,1,2026-03-17,L,1,1,10,1,13,BRL,2026-03-17,2026-03-17,Y,TAX,RATE_TYP,M,D,P,TRF,RECEIVABLE_GL_76,A,3824,B,V,R,U,UDE_RATE,Y,I,L,P,Y,15,L,26,DR_INT_RE,1,T
CARD,RULE,35,53,81,1,2026-03-18,L,1,1,10,1,17,USD,2026-03-18,2026-03-18,N,TAX,RATE_TYP,M,D,P,FEE,RECEIVABLE_GL_77,A,4216,B,V,R,U,UDE_RATE,N,I,L,P,N,19,L,12,DR_INT_RE,1,C
CLRG,RULE,34,18,69,1,2026-03-19,L,1,1,10,1,4,PEN,2026-03-19,2026-03-19,N,TAX,RATE_TYP,M,D,P,INT,RECEIVABLE_GL_78,A,3931,B,V,R,U,UDE_RATE,N,I,L,P,N,32,L,14,DR_INT_RE,1,C
SAV1,RULE,14,6,93,1,2026-03-20,L,1,1,10,1,96,EUR,2026-03-20,2026-03-20,N,TAX,RATE_TYP,M,D,P,REV,RECEIVABLE_GL_79,A,3615,B,V,R,U,UDE_RATE,N,I,L,P,N,1,L,1,DR_INT_RE,1,S
CURR,RULE,22,82,3,1,2026-03-21,L,1,1,10,1,7,BRL,2026-03-21,2026-03-21,N,TAX,RATE_TYP,M,D,P,PAY,RECEIVABLE_GL_80,A,1108,B,V,R,U,UDE_RATE,N,I,L,P,N,10,L,18,DR_INT_RE,1,C
LOAN,RULE,1,51,94,1,2026-03-22,L,1,1,10,1,55,USD,2026-03-22,2026-03-22,Y,TAX,RATE_TYP,M,D,P,ATM,RECEIVABLE_GL_81,A,9600,B,V,R,U,UDE_RATE,Y,I,L,P,Y,4,L,20,DR_INT_RE,1,L
TD01,RULE,16,49,61,1,2026-03-23,L,1,1,10,1,2,PEN,2026-03-23,2026-03-23,N,TAX,RATE_TYP,M,D,P,DEP,RECEIVABLE_GL_82,A,6505,B,V,R,U,UDE_RATE,N,I,L,P,N,7,L,6,DR_INT_RE,1,T
CARD,RULE,10,84,6,1,2026-03-24,L,1,1,10,1,40,EUR,2026-03-24,2026-03-24,N,TAX,RATE_TYP,M,D,P,WDR,RECEIVABLE_GL_83,A,6724,B,V,R,U,UDE_RATE,N,I,L,P,N,30,L,3,DR_INT_RE,1,C
CLRG,RULE,27,68,32,1,2026-03-25,L,1,1,10,1,77,BRL,2026-03-25,2026-03-25,N,TAX,RATE_TYP,M,D,P,TRF,RECEIVABLE_GL_84,A,5487,B,V,R,U,UDE_RATE,N,I,L,P,N,36,L,29,DR_INT_RE,1,C
SAV1,RULE,25,55,0,1,2026-03-26,L,1,1,10,1,56,USD,2026-03-26,2026-03-26,N,TAX,RATE_TYP,M,D,P,FEE,RECEIVABLE_GL_85,A,2173,B,V,R,U,UDE_RATE,N,I,L,P,N,23,L,26,DR_INT_RE,1,S
CURR,RULE,22,59,58,1,2026-03-27,L,1,1,10,1,95,PEN,2026-03-27,2026-03-27,Y,TAX,RATE_TYP,M,D,P,INT,RECEIVABLE_GL_86,A,3929,B,V,R,U,UDE_RATE,Y,I,L,P,Y,36,L,17,DR_INT_RE,1,C
LOAN,RULE,14,70,46,1,2026-03-28,L,1,1,10,1,98,EUR,2026-03-28,2026-03-28,N,TAX,RATE_TYP,M,D,P,REV,RECEIVABLE_GL_87,A,5703,B,V,R,U,UDE_RATE,N,I,L,P,N,13,L,26,DR_INT_RE,1,L
TD01,RULE,0,35,16,1,2026-03-29,L,1,1,10,1,66,BRL,2026-03-29,2026-03-29,N,TAX,RATE_TYP,M,D,P,PAY,RECEIVABLE_GL_88,A,88,B,V,R,U,UDE_RATE,N,I,L,P,N,20,L,24,DR_INT_RE,1,T
CARD,RULE,13,12,66,1,2026-03-30,L,1,1,10,1,87,USD,2026-03-30,2026-03-30,N,TAX,RATE_TYP,M,D,P,ATM,RECEIVABLE_GL_89,A,7456,B,V,R,U,UDE_RATE,N,I,L,P,N,33,L,34,DR_INT_RE,1,C
CLRG,RULE,13,83,52,1,2026-03-31,L,1,1,10,1,99,PEN,2026-03-31,2026-03-31,N,TAX,RATE_TYP,M,D,P,DEP,RECEIVABLE_GL_90,A,2278,B,V,R,U,UDE_RATE,N,I,L,P,N,28,L,27,DR_INT_RE,1,C
SAV1,RULE,15,64,76,1,2026-04-01,L,1,1,10,1,6,EUR,2026-04-01,2026-04-01,Y,TAX,RATE_TYP,M,D,P,WDR,RECEIVABLE_GL_91,A,6430,B,V,R,U,UDE_RATE,Y,I,L,P,Y,27,L,19,DR_INT_RE,1,S
CURR,RULE,0,1,26,1,2026-04-02,L,1,1,10,1,82,BRL,2026-04-02,2026-04-02,N,TAX,RATE_TYP,M,D,P,TRF,RECEIVABLE_GL_92,A,7708,B,V,R,U,UDE_RATE,N,I,L,P,N,28,L,4,DR_INT_RE,1,C
LOAN,RULE,28,81,90,1,2026-04-03,L,1,1,10,1,75,USD,2026-04-03,2026-04-03,N,TAX,RATE_TYP,M,D,P,FEE,RECEIVABLE_GL_93,A,8252,B,V,R,U,UDE_RATE,N,I,L,P,N,12,L,34,DR_INT_RE,1,L
TD01,RULE,5,2,36,1,2026-04-04,L,1,1,10,1,50,PEN,2026-04-04,2026-04-04,N,TAX,RATE_TYP,M,D,P,INT,RECEIVABLE_GL_94,A,4066,B,V,R,U,UDE_RATE,N,I,L,P,N,30,L,16,DR_INT_RE,1,T
CARD,RULE,11,38,26,1,2026-04-05,L,1,1,10,1,84,EUR,2026-04-05,2026-04-05,N,TAX,RATE_TYP,M,D,P,REV,RECEIVABLE_GL_95,A,6448,B,V,R,U,UDE_RATE,N,I,L,P,N,20,L,11,DR_INT_RE,1,C
CLRG,RULE,22,39,67,1,2026-04-06,L,1,1,10,1,50,BRL,2026-04-06,2026-04-06,Y,TAX,RATE_TYP,M,D,P,PAY,RECEIVABLE_GL_96,A,7157,B,V,R,U,UDE_RATE,Y,I,L,P,Y,32,L,18,DR_INT_RE,1,C
SAV1,RULE,12,91,13,1,2026-04-07,L,1,1,10,1,53,USD,2026-04-07,2026-04-07,N,TAX,RATE_TYP,M,D,P,ATM,RECEIVABLE_GL_97,A,4332,B,V,R,U,UDE_RATE,N,I,L,P,N,27,L,21,DR_INT_RE,1,S
CURR,RULE,31,87,88,1,2026-04-08,L,1,1,10,1,6,PEN,2026-04-08,2026-04-08,N,TAX,RATE_TYP,M,D,P,DEP,RECEIVABLE_GL_98,A,9997,B,V,R,U,UDE_RATE,N,I,L,P,N,9,L,24,DR_INT_RE,1,C
LOAN,RULE,30,72,74,1,2026-04-09,L,1,1,10,1,34,EUR,2026-04-09,2026-04-09,N,TAX,RATE_TYP,M,D,P,WDR,RECEIVABLE_GL_99,A,6557,B,V,R,U,UDE_RATE,N,I,L,P,N,10,L,34,DR_INT_RE,1,L
TD01,RULE,16,20,29,1,2026-04-10,L,1,1,10,1,88,BRL,2026-04-10,2026-04-10,N,TAX,RATE_TYP,M,D,P,TRF,RECEIVABLE_GL_100,A,8325,B,V,R,U,UDE_RATE,N,I,L,P,N,9,L,10,DR_INT_RE,1,T
CARD,RULE,3,82,25,1,2026-04-11,L,1,1,10,1,15,USD,2026-04-11,2026-04-11,Y,TAX,RATE_TYP,M,D,P,FEE,RECEIVABLE_GL_101,A,7841,B,V,R,U,UDE_RATE,Y,I,L,P,Y,7,L,32,DR_INT_RE,1,C
CLRG,RULE,1,68,56,1,2026-04-12,L,1,1,10,1,69,PEN,2026-04-12,2026-04-12,N,TAX,RATE_TYP,M,D,P,INT,RECEIVABLE_GL_102,A,8406,B,V,R,U,UDE_RATE,N,I,L,P,N,23,L,12,DR_INT_RE,1,C
SAV1,RULE,28,60,6,1,2026-04-13,L,1,1,10,1,30,EUR,2026-04-13,2026-04-13,N,TAX,RATE_TYP,M,D,P,REV,RECEIVABLE_GL_103,A,9523,B,V,R,U,UDE_RATE,N,I,L,P,N,5,L,30,DR_INT_RE,1,S
CURR,RULE,27,99,44,1,2026-04-14,L,1,1,10,1,88,BRL,2026-04-14,2026-04-14,N,TAX,RATE_TYP,M,D,P,PAY,RECEIVABLE_GL_104,A,6675,B,V,R,U,UDE_RATE,N,I,L,P,N,3,L,18,DR_INT_RE,1,C
LOAN,RULE,30,14,53,1,2026-04-15,L,1,1,10,1,28,USD,2026-04-15,2026-04-15,N,TAX,RATE_TYP,M,D,P,ATM,RECEIVABLE_GL_105,A,9674,B,V,R,U,UDE_RATE,N,I,L,P,N,26,L,14,DR_INT_RE,1,L
TD01,RULE,19,12,6,1,2026-04-16,L,1,1,10,1,16,PEN,2026-04-16,2026-04-16,Y,TAX,RATE_TYP,M,D,P,DEP,RECEIVABLE_GL_106,A,4555,B,V,R,U,UDE_RATE,Y,I,L,P,Y,20,L,28,DR_INT_RE,1,T
CARD,RULE,5,26,72,1,2026-04-17,L,1,1,10,1,53,EUR,2026-04-17,2026-04-17,N,TAX,RATE_TYP,M,D,P,WDR,RECEIVABLE_GL_107,A,1938,B,V,R,U,UDE_RATE,N,I,L,P,N,8,L,18,DR_INT_RE,1,C
CLRG,RULE,21,69,19,1,2026-04-18,L,1,1,10,1,16,BRL,2026-04-18,2026-04-18,N,TAX,RATE_TYP,M,D,P,TRF,RECEIVABLE_GL_108,A,3604,B,V,R,U,UDE_RATE,N,I,L,P,N,29,L,17,DR_INT_RE,1,C
SAV1,RULE,34,74,69,1,2026-04-19,L,1,1,10,1,86,USD,2026-04-19,2026-04-19,N,TAX,RATE_TYP,M,D,P,FEE,RECEIVABLE_GL_109,A,4554,B,V,R,U,UDE_RATE,N,I,L,P,N,7,L,13,DR_INT_RE,1,S
CURR,RULE,15,53,50,1,2026-04-20,L,1,1,10,1,75,PEN,2026-04-20,2026-04-20,N,TAX,RATE_TYP,M,D,P,INT,RECEIVABLE_GL_110,A,5794,B,V,R,U,UDE_RATE,N,I,L,P,N,28,L,6,DR_INT_RE,1,C
LOAN,RULE,1,88,47,1,2026-04-21,L,1,1,10,1,96,EUR,2026-04-21,2026-04-21,Y,TAX,RATE_TYP,M,D,P,REV,RECEIVABLE_GL_111,A,4639,B,V,R,U,UDE_RATE,Y,I,L,P,Y,3,L,5,DR_INT_RE,1,L
TD01,RULE,12,2,67,1,2026-04-22,L,1,1,10,1,35,BRL,2026-04-22,2026-04-22,N,TAX,RATE_TYP,M,D,P,PAY,RECEIVABLE_GL_112,A,5503,B,V,R,U,UDE_RATE,N,I,L,P,N,10,L,29,DR_INT_RE,1,T
CARD,RULE,33,7,50,1,2026-04-23,L,1,1,10,1,49,USD,2026-04-23,2026-04-23,N,TAX,RATE_TYP,M,D,P,ATM,RECEIVABLE_GL_113,A,2423,B,V,R,U,UDE_RATE,N,I,L,P,N,14,L,23,DR_INT_RE,1,C
CLRG,RULE,1,97,93,1,2026-04-24,L,1,1,10,1,67,PEN,2026-04-24,2026-04-24,N,TAX,RATE_TYP,M,D,P,DEP,RECEIVABLE_GL_114,A,6643,B,V,R,U,UDE_RATE,N,I,L,P,N,20,L,15,DR_INT_RE,1,C
SAV1,RULE,11,55,21,1,2026-04-25,L,1,1,10,1,49,EUR,2026-04-25,2026-04-25,N,TAX,RATE_TYP,M,D,P,WDR,RECEIVABLE_GL_115,A,8933,B,V,R,U,UDE_RATE,N,I,L,P,N,6,L,12,DR_INT_RE,1,S
CURR,RULE,4,70,58,1,2026-04-26,L,1,1,10,1,28,BRL,2026-04-26,2026-04-26,Y,TAX,RATE_TYP,M,D,P,TRF,RECEIVABLE_GL_116,A,6562,B,V,R,U,UDE_RATE,Y,I,L,P,Y,24,L,29,DR_INT_RE,1,C
LOAN,RULE,12,78,17,1,2026-04-27,L,1,1,10,1,31,USD,2026-04-27,2026-04-27,N,TAX,RATE_TYP,M,D,P,FEE,RECEIVABLE_GL_117,A,5335,B,V,R,U,UDE_RATE,N,I,L,P,N,16,L,5,DR_INT_RE,1,L
TD01,RULE,19,16,34,1,2026-04-28,L,1,1,10,1,43,PEN,2026-04-28,2026-04-28,N,TAX,RATE_TYP,M,D,P,INT,RECEIVABLE_GL_118,A,9654,B,V,R,U,UDE_RATE,N,I,L,P,N,27,L,28,DR_INT_RE,1,T
CARD,RULE,24,84,0,1,2026-04-29,L,1,1,10,1,59,EUR,2026-04-29,2026-04-29,N,TAX,RATE_TYP,M,D,P,REV,RECEIVABLE_GL_119,A,8920,B,V,R,U,UDE_RATE,N,I,L,P,N,20,L,0,DR_INT_RE,1,C
CLRG,RULE,9,86,61,1,2026-04-30,L,1,1,10,1,56,BRL,2026-04-30,2026-04-30,N,TAX,RATE_TYP,M,D,P,PAY,RECEIVABLE_GL_120,A,3572,B,V,R,U,UDE_RATE,N,I,L,P,N,7,L,4,DR_INT_RE,1,C
SAV1,RULE,30,80,31,1,2026-05-01,L,1,1,10,1,13,USD,2026-05-01,2026-05-01,Y,TAX,RATE_TYP,M,D,P,ATM,RECEIVABLE_GL_121,A,4745,B,V,R,U,UDE_RATE,Y,I,L,P,Y,26,L,13,DR_INT_RE,1,S
CURR,RULE,16,16,98,1,2026-05-02,L,1,1,10,1,19,PEN,2026-05-02,2026-05-02,N,TAX,RATE_TYP,M,D,P,DEP,RECEIVABLE_GL_122,A,2191,B,V,R,U,UDE_RATE,N,I,L,P,N,8,L,13,DR_INT_RE,1,C
LOAN,RULE,16,61,85,1,2026-05-03,L,1,1,10,1,33,EUR,2026-05-03,2026-05-03,N,TAX,RATE_TYP,M,D,P,WDR,RECEIVABLE_GL_123,A,8553,B,V,R,U,UDE_RATE,N,I,L,P,N,36,L,6,DR_INT_RE,1,L
TD01,RULE,2,68,86,1,2026-05-04,L,1,1,10,1,55,BRL,2026-05-04,2026-05-04,N,TAX,RATE_TYP,M,D,P,TRF,RECEIVABLE_GL_124,A,194,B,V,R,U,UDE_RATE,N,I,L,P,N,6,L,4,DR_INT_RE,1,T
CARD,RULE,33,30,55,1,2026-05-05,L,1,1,10,1,91,USD,2026-05-05,2026-05-05,N,TAX,RATE_TYP,M,D,P,FEE,RECEIVABLE_GL_125,A,6407,B,V,R,U,UDE_RATE,N,I,L,P,N,27,L,4,DR_INT_RE,1,C
CLRG,RULE,13,44,24,1,2026-05-06,L,1,1,10,1,54,PEN,2026-05-06,2026-05-06,Y,TAX,RATE_TYP,M,D,P,INT,RECEIVABLE_GL_126,A,2268,B,V,R,U,UDE_RATE,Y,I,L,P,Y,32,L,25,DR_INT_RE,1,C
SAV1,RULE,33,13,45,1,2026-05-07,L,1,1,10,1,11,EUR,2026-05-07,2026-05-07,N,TAX,RATE_TYP,M,D,P,REV,RECEIVABLE_GL_127,A,1641,B,V,R,U,UDE_RATE,N,I,L,P,N,20,L,27,DR_INT_RE,1,S
CURR,RULE,24,85,80,1,2026-05-08,L,1,1,10,1,4,BRL,2026-05-08,2026-05-08,N,TAX,RATE_TYP,M,D,P,PAY,RECEIVABLE_GL_128,A,6110,B,V,R,U,UDE_RATE,N,I,L,P,N,19,L,25,DR_INT_RE,1,C
LOAN,RULE,13,95,99,1,2026-05-09,L,1,1,10,1,6,USD,2026-05-09,2026-05-09,N,TAX,RATE_TYP,M,D,P,ATM,RECEIVABLE_GL_129,A,3477,B,V,R,U,UDE_RATE,N,I,L,P,N,5,L,22,DR_INT_RE,1,L
TD01,RULE,1,94,27,1,2026-05-10,L,1,1,10,1,78,PEN,2026-05-10,2026-05-10,N,TAX,RATE_TYP,M,D,P,DEP,RECEIVABLE_GL_130,A,6146,B,V,R,U,UDE_RATE,N,I,L,P,N,25,L,1,DR_INT_RE,1,T
CARD,RULE,36,61,92,1,2026-05-11,L,1,1,10,1,9,EUR,2026-05-11,2026-05-11,Y,TAX,RATE_TYP,M,D,P,WDR,RECEIVABLE_GL_131,A,2179,B,V,R,U,UDE_RATE,Y,I,L,P,Y,3,L,9,DR_INT_RE,1,C
CLRG,RULE,7,19,22,1,2026-05-12,L,1,1,10,1,99,BRL,2026-05-12,2026-05-12,N,TAX,RATE_TYP,M,D,P,TRF,RECEIVABLE_GL_132,A,7900,B,V,R,U,UDE_RATE,N,I,L,P,N,26,L,34,DR_INT_RE,1,C
SAV1,RULE,32,26,62,1,2026-05-13,L,1,1,10,1,90,USD,2026-05-13,2026-05-13,N,TAX,RATE_TYP,M,D,P,FEE,RECEIVABLE_GL_133,A,5477,B,V,R,U,UDE_RATE,N,I,L,P,N,20,L,31,DR_INT_RE,1,S
CURR,RULE,22,0,11,1,2026-05-14,L,1,1,10,1,68,PEN,2026-05-14,2026-05-14,N,TAX,RATE_TYP,M,D,P,INT,RECEIVABLE_GL_134,A,1696,B,V,R,U,UDE_RATE,N,I,L,P,N,0,L,7,DR_INT_RE,1,C
LOAN,RULE,33,79,80,1,2026-05-15,L,1,1,10,1,67,EUR,2026-05-15,2026-05-15,N,TAX,RATE_TYP,M,D,P,REV,RECEIVABLE_GL_135,A,1042,B,V,R,U,UDE_RATE,N,I,L,P,N,16,L,11,DR_INT_RE,1,L
TD01,RULE,12,43,50,1,2026-05-16,L,1,1,10,1,42,BRL,2026-05-16,2026-05-16,Y,TAX,RATE_TYP,M,D,P,PAY,RECEIVABLE_GL_136,A,3113,B,V,R,U,UDE_RATE,Y,I,L,P,Y,25,L,0,DR_INT_RE,1,T
CARD,RULE,1,35,36,1,2026-05-17,L,1,1,10,1,98,USD,2026-05-17,2026-05-17,N,TAX,RATE_TYP,M,D,P,ATM,RECEIVABLE_GL_137,A,9668,B,V,R,U,UDE_RATE,N,I,L,P,N,26,L,33,DR_INT_RE,1,C
CLRG,RULE,5,95,11,1,2026-05-18,L,1,1,10,1,47,PEN,2026-05-18,2026-05-18,N,TAX,RATE_TYP,M,D,P,DEP,RECEIVABLE_GL_138,A,5679,B,V,R,U,UDE_RATE,N,I,L,P,N,30,L,31,DR_INT_RE,1,C
SAV1,RULE,16,89,98,1,2026-05-19,L,1,1,10,1,3,EUR,2026-05-19,2026-05-19,N,TAX,RATE_TYP,M,D,P,WDR,RECEIVABLE_GL_139,A,3663,B,V,R,U,UDE_RATE,N,I,L,P,N,14,L,31,DR_INT_RE,1,S
CURR,RULE,29,4,16,1,2026-05-20,L,1,1,10,1,42,BRL,2026-05-20,2026-05-20,N,TAX,RATE_TYP,M,D,P,TRF,RECEIVABLE_GL_140,A,982,B,V,R,U,UDE_RATE,N,I,L,P,N,26,L,4,DR_INT_RE,1,C
LOAN,RULE,29,29,71,1,2026-05-21,L,1,1,10,1,20,USD,2026-05-21,2026-05-21,Y,TAX,RATE_TYP,M,D,P,FEE,RECEIVABLE_GL_141,A,3191,B,V,R,U,UDE_RATE,Y,I,L,P,Y,11,L,22,DR_INT_RE,1,L
TD01,RULE,25,55,6,1,2026-05-22,L,1,1,10,1,25,PEN,2026-05-22,2026-05-22,N,TAX,RATE_TYP,M,D,P,INT,RECEIVABLE_GL_142,A,9190,B,V,R,U,UDE_RATE,N,I,L,P,N,6,L,6,DR_INT_RE,1,T
CARD,RULE,16,78,21,1,2026-05-23,L,1,1,10,1,84,EUR,2026-05-23,2026-05-23,N,TAX,RATE_TYP,M,D,P,REV,RECEIVABLE_GL_143,A,2118,B,V,R,U,UDE_RATE,N,I,L,P,N,12,L,8,DR_INT_RE,1,C
CLRG,RULE,2,92,92,1,2026-05-24,L,1,1,10,1,33,BRL,2026-05-24,2026-05-24,N,TAX,RATE_TYP,M,D,P,PAY,RECEIVABLE_GL_144,A,425,B,V,R,U,UDE_RATE,N,I,L,P,N,10,L,5,DR_INT_RE,1,C
SAV1,RULE,29,62,72,1,2026-05-25,L,1,1,10,1,81,USD,2026-05-25,2026-05-25,N,TAX,RATE_TYP,M,D,P,ATM,RECEIVABLE_GL_145,A,9188,B,V,R,U,UDE_RATE,N,I,L,P,N,3,L,8,DR_INT_RE,1,S
CURR,RULE,36,56,41,1,2026-05-26,L,1,1,10,1,64,PEN,2026-05-26,2026-05-26,Y,TAX,RATE_TYP,M,D,P,DEP,RECEIVABLE_GL_146,A,2235,B,V,R,U,UDE_RATE,Y,I,L,P,Y,9,L,26,DR_INT_RE,1,C
LOAN,RULE,26,20,9,1,2026-05-27,L,1,1,10,1,86,EUR,2026-05-27,2026-05-27,N,TAX,RATE_TYP,M,D,P,WDR,RECEIVABLE_GL_147,A,1572,B,V,R,U,UDE_RATE,N,I,L,P,N,3,L,24,DR_INT_RE,1,L
TD01,RULE,6,75,94,1,2026-05-28,L,1,1,10,1,48,BRL,2026-05-28,2026-05-28,N,TAX,RATE_TYP,M,D,P,TRF,RECEIVABLE_GL_148,A,7720,B,V,R,U,UDE_RATE,N,I,L,P,N,24,L,0,DR_INT_RE,1,T
CARD,RULE,8,70,38,1,2026-05-29,L,1,1,10,1,62,USD,2026-05-29,2026-05-29,N,TAX,RATE_TYP,M,D,P,FEE,RECEIVABLE_GL_149,A,5164,B,V,R,U,UDE_RATE,N,I,L,P,N,12,L,26,DR_INT_RE,1,C
CLRG,RULE,19,91,85,1,2026-05-30,L,1,1,10,1,7,PEN,2026-05-30,2026-05-30,N,TAX,RATE_TYP,M,D,P,INT,RECEIVABLE_GL_150,A,7677,B,V,R,U,UDE_RATE,N,I,L,P,N,15,L,11,DR_INT_RE,1,C
SAV1,RULE,32,98,16,1,2026-05-31,L,1,1,10,1,98,EUR,2026-05-31,2026-05-31,Y,TAX,RATE_TYP,M,D,P,REV,RECEIVABLE_GL_151,A,9418,B,V,R,U,UDE_RATE,Y,I,L,P,Y,8,L,35,DR_INT_RE,1,S
CURR,RULE,30,26,43,1,2026-06-01,L,1,1,10,1,11,BRL,2026-06-01,2026-06-01,N,TAX,RATE_TYP,M,D,P,PAY,RECEIVABLE_GL_152,A,285,B,V,R,U,UDE_RATE,N,I,L,P,N,21,L,2,DR_INT_RE,1,C
LOAN,RULE,34,55,44,1,2026-06-02,L,1,1,10,1,34,USD,2026-06-02,2026-06-02,N,TAX,RATE_TYP,M,D,P,ATM,RECEIVABLE_GL_153,A,1707,B,V,R,U,UDE_RATE,N,I,L,P,N,32,L,15,DR_INT_RE,1,L
TD01,RULE,30,82,17,1,2026-06-03,L,1,1,10,1,67,PEN,2026-06-03,2026-06-03,N,TAX,RATE_TYP,M,D,P,DEP,RECEIVABLE_GL_154,A,5668,B,V,R,U,UDE_RATE,N,I,L,P,N,8,L,22,DR_INT_RE,1,T
CARD,RULE,32,32,96,1,2026-06-04,L,1,1,10,1,48,EUR,2026-06-04,2026-06-04,N,TAX,RATE_TYP,M,D,P,WDR,RECEIVABLE_GL_155,A,773,B,V,R,U,UDE_RATE,N,I,L,P,N,29,L,3,DR_INT_RE,1,C
CLRG,RULE,28,46,43,1,2026-06-05,L,1,1,10,1,49,BRL,2026-06-05,2026-06-05,Y,TAX,RATE_TYP,M,D,P,TRF,RECEIVABLE_GL_156,A,9028,B,V,R,U,UDE_RATE,Y,I,L,P,Y,28,L,3,DR_INT_RE,1,C
SAV1,RULE,4,7,19,1,2026-06-06,L,1,1,10,1,24,USD,2026-06-06,2026-06-06,N,TAX,RATE_TYP,M,D,P,FEE,RECEIVABLE_GL_157,A,5792,B,V,R,U,UDE_RATE,N,I,L,P,N,22,L,20,DR_INT_RE,1,S
CURR,RULE,29,91,81,1,2026-06-07,L,1,1,10,1,1,PEN,2026-06-07,2026-06-07,N,TAX,RATE_TYP,M,D,P,INT,RECEIVABLE_GL_158,A,3847,B,V,R,U,UDE_RATE,N,I,L,P,N,22,L,7,DR_INT_RE,1,C
LOAN,RULE,27,49,5,1,2026-06-08,L,1,1,10,1,74,EUR,2026-06-08,2026-06-08,N,TAX,RATE_TYP,M,D,P,REV,RECEIVABLE_GL_159,A,4269,B,V,R,U,UDE_RATE,N,I,L,P,N,33,L,3,DR_INT_RE,1,L
TD01,RULE,35,87,50,1,2026-06-09,L,1,1,10,1,33,BRL,2026-06-09,2026-06-09,N,TAX,RATE_TYP,M,D,P,PAY,RECEIVABLE_GL_160,A,6655,B,V,R,U,UDE_RATE,N,I,L,P,N,21,L,10,DR_INT_RE,1,T
CARD,RULE,14,31,25,1,2026-06-10,L,1,1,10,1,93,USD,2026-06-10,2026-06-10,Y,TAX,RATE_TYP,M,D,P,ATM,RECEIVABLE_GL_161,A,4848,B,V,R,U,UDE_RATE,Y,I,L,P,Y,23,L,23,DR_INT_RE,1,C
CLRG,RULE,13,50,93,1,2026-06-11,L,1,1,10,1,52,PEN,2026-06-11,2026-06-11,N,TAX,RATE_TYP,M,D,P,DEP,RECEIVABLE_GL_162,A,4624,B,V,R,U,UDE_RATE,N,I,L,P,N,3,L,8,DR_INT_RE,1,C
SAV1,RULE,2,29,52,1,2026-06-12,L,1,1,10,1,49,EUR,2026-06-12,2026-06-12,N,TAX,RATE_TYP,M,D,P,WDR,RECEIVABLE_GL_163,A,8204,B,V,R,U,UDE_RATE,N,I,L,P,N,27,L,4,DR_INT_RE,1,S
CURR,RULE,16,91,34,1,2026-06-13,L,1,1,10,1,39,BRL,2026-06-13,2026-06-13,N,TAX,RATE_TYP,M,D,P,TRF,RECEIVABLE_GL_164,A,6283,B,V,R,U,UDE_RATE,N,I,L,P,N,3,L,11,DR_INT_RE,1,C
LOAN,RULE,25,31,41,1,2026-06-14,L,1,1,10,1,47,USD,2026-06-14,2026-06-14,N,TAX,RATE_TYP,M,D,P,FEE,RECEIVABLE_GL_165,A,6163,B,V,R,U,UDE_RATE,N,I,L,P,N,35,L,23,DR_INT_RE,1,L
TD01,RULE,8,72,50,1,2026-06-15,L,1,1,10,1,49,PEN,2026-06-15,2026-06-15,Y,TAX,RATE_TYP,M,D,P,INT,RECEIVABLE_GL_166,A,3426,B,V,R,U,UDE_RATE,Y,I,L,P,Y,0,L,7,DR_INT_RE,1,T
CARD,RULE,18,71,37,1,2026-06-16,L,1,1,10,1,99,EUR,2026-06-16,2026-06-16,N,TAX,RATE_TYP,M,D,P,REV,RECEIVABLE_GL_167,A,3522,B,V,R,U,UDE_RATE,N,I,L,P,N,12,L,1,DR_INT_RE,1,C
CLRG,RULE,28,29,66,1,2026-06-17,L,1,1,10,1,85,BRL,2026-06-17,2026-06-17,N,TAX,RATE_TYP,M,D,P,PAY,RECEIVABLE_GL_168,A,58,B,V,R,U,UDE_RATE,N,I,L,P,N,26,L,1,DR_INT_RE,1,C
SAV1,RULE,16,27,82,1,2026-06-18,L,1,1,10,1,89,USD,2026-06-18,2026-06-18,N,TAX,RATE_TYP,M,D,P,ATM,RECEIVABLE_GL_169,A,6720,B,V,R,U,UDE_RATE,N,I,L,P,N,34,L,10,DR_INT_RE,1,S
CURR,RULE,33,65,31,1,2026-06-19,L,1,1,10,1,34,PEN,2026-06-19,2026-06-19,N,TAX,RATE_TYP,M,D,P,DEP,RECEIVABLE_GL_170,A,3527,B,V,R,U,UDE_RATE,N,I,L,P,N,33,L,36,DR_INT_RE,1,C
LOAN,RULE,31,27,60,1,2026-06-20,L,1,1,10,1,14,EUR,2026-06-20,2026-06-20,Y,TAX,RATE_TYP,M,D,P,WDR,RECEIVABLE_GL_171,A,6656,B,V,R,U,UDE_RATE,Y,I,L,P,Y,21,L,36,DR_INT_RE,1,L
TD01,RULE,6,41,85,1,2026-06-21,L,1,1,10,1,37,BRL,2026-06-21,2026-06-21,N,TAX,RATE_TYP,M,D,P,TRF,RECEIVABLE_GL_172,A,7170,B,V,R,U,UDE_RATE,N,I,L,P,N,33,L,36,DR_INT_RE,1,T
CARD,RULE,19,97,79,1,2026-06-22,L,1,1,10,1,93,USD,2026-06-22,2026-06-22,N,TAX,RATE_TYP,M,D,P,FEE,RECEIVABLE_GL_173,A,7464,B,V,R,U,UDE_RATE,N,I,L,P,N,28,L,10,DR_INT_RE,1,C
CLRG,RULE,36,61,85,1,2026-06-23,L,1,1,10,1,82,PEN,2026-06-23,2026-06-23,N,TAX,RATE_TYP,M,D,P,INT,RECEIVABLE_GL_174,A,4652,B,V,R,U,UDE_RATE,N,I,L,P,N,31,L,4,DR_INT_RE,1,C
SAV1,RULE,9,14,89,1,2026-06-24,L,1,1,10,1,82,EUR,2026-06-24,2026-06-24,N,TAX,RATE_TYP,M,D,P,REV,RECEIVABLE_GL_175,A,1922,B,V,R,U,UDE_RATE,N,I,L,P,N,11,L,24,DR_INT_RE,1,S
CURR,RULE,26,56,77,1,2026-06-25,L,1,1,10,1,99,BRL,2026-06-25,2026-06-25,Y,TAX,RATE_TYP,M,D,P,PAY,RECEIVABLE_GL_176,A,4023,B,V,R,U,UDE_RATE,Y,I,L,P,Y,13,L,20,DR_INT_RE,1,C
LOAN,RULE,11,62,28,1,2026-06-26,L,1,1,10,1,81,USD,2026-06-26,2026-06-26,N,TAX,RATE_TYP,M,D,P,ATM,RECEIVABLE_GL_177,A,8748,B,V,R,U,UDE_RATE,N,I,L,P,N,19,L,18,DR_INT_RE,1,L
TD01,RULE,15,46,76,1,2026-06-27,L,1,1,10,1,68,PEN,2026-06-27,2026-06-27,N,TAX,RATE_TYP,M,D,P,DEP,RECEIVABLE_GL_178,A,6042,B,V,R,U,UDE_RATE,N,I,L,P,N,1,L,16,DR_INT_RE,1,T
CARD,RULE,19,25,99,1,2026-06-28,L,1,1,10,1,91,EUR,2026-06-28,2026-06-28,N,TAX,RATE_TYP,M,D,P,WDR,RECEIVABLE_GL_179,A,515,B,V,R,U,UDE_RATE,N,I,L,P,N,11,L,7,DR_INT_RE,1,C
CLRG,RULE,24,53,25,1,2026-06-29,L,1,1,10,1,73,BRL,2026-06-29,2026-06-29,N,TAX,RATE_TYP,M,D,P,TRF,RECEIVABLE_GL_180,A,560,B,V,R,U,UDE_RATE,N,I,L,P,N,12,L,4,DR_INT_RE,1,C
SAV1,RULE,28,0,11,1,2026-06-30,L,1,1,10,1,50,USD,2026-06-30,2026-06-30,Y,TAX,RATE_TYP,M,D,P,FEE,RECEIVABLE_GL_181,A,6370,B,V,R,U,UDE_RATE,Y,I,L,P,Y,27,L,9,DR_INT_RE,1,S
CURR,RULE,1,40,94,1,2026-07-01,L,1,1,10,1,49,PEN,2026-07-01,2026-07-01,N,TAX,RATE_TYP,M,D,P,INT,RECEIVABLE_GL_182,A,550,B,V,R,U,UDE_RATE,N,I,L,P,N,7,L,33,DR_INT_RE,1,C
LOAN,RULE,3,61,27,1,2026-07-02,L,1,1,10,1,29,EUR,2026-07-02,2026-07-02,N,TAX,RATE_TYP,M,D,P,REV,RECEIVABLE_GL_183,A,3803,B,V,R,U,UDE_RATE,N,I,L,P,N,5,L,7,DR_INT_RE,1,L
TD01,RULE,21,10,75,1,2026-07-03,L,1,1,10,1,71,BRL,2026-07-03,2026-07-03,N,TAX,RATE_TYP,M,D,P,PAY,RECEIVABLE_GL_184,A,9431,B,V,R,U,UDE_RATE,N,I,L,P,N,30,L,26,DR_INT_RE,1,T
CARD,RULE,26,95,2,1,2026-07-04,L,1,1,10,1,8,USD,2026-07-04,2026-07-04,N,TAX,RATE_TYP,M,D,P,ATM,RECEIVABLE_GL_185,A,7405,B,V,R,U,UDE_RATE,N,I,L,P,N,29,L,16,DR_INT_RE,1,C
CLRG,RULE,19,77,89,1,2026-07-05,L,1,1,10,1,94,PEN,2026-07-05,2026-07-05,Y,TAX,RATE_TYP,M,D,P,DEP,RECEIVABLE_GL_186,A,8333,B,V,R,U,UDE_RATE,Y,I,L,P,Y,6,L,23,DR_INT_RE,1,C
SAV1,RULE,22,21,67,1,2026-07-06,L,1,1,10,1,99,EUR,2026-07-06,2026-07-06,N,TAX,RATE_TYP,M,D,P,WDR,RECEIVABLE_GL_187,A,5223,B,V,R,U,UDE_RATE,N,I,L,P,N,33,L,18,DR_INT_RE,1,S
CURR,RULE,20,55,1,1,2026-07-07,L,1,1,10,1,17,BRL,2026-07-07,2026-07-07,N,TAX,RATE_TYP,M,D,P,TRF,RECEIVABLE_GL_188,A,9400,B,V,R,U,UDE_RATE,N,I,L,P,N,30,L,22,DR_INT_RE,1,C
LOAN,RULE,9,36,82,1,2026-07-08,L,1,1,10,1,45,USD,2026-07-08,2026-07-08,N,TAX,RATE_TYP,M,D,P,FEE,RECEIVABLE_GL_189,A,3067,B,V,R,U,UDE_RATE,N,I,L,P,N,3,L,8,DR_INT_RE,1,L
TD01,RULE,28,33,75,1,2026-07-09,L,1,1,10,1,8,PEN,2026-07-09,2026-07-09,N,TAX,RATE_TYP,M,D,P,INT,RECEIVABLE_GL_190,A,7902,B,V,R,U,UDE_RATE,N,I,L,P,N,3,L,10,DR_INT_RE,1,T
CARD,RULE,28,45,77,1,2026-07-10,L,1,1,10,1,26,EUR,2026-07-10,2026-07-10,Y,TAX,RATE_TYP,M,D,P,REV,RECEIVABLE_GL_191,A,6467,B,V,R,U,UDE_RATE,Y,I,L,P,Y,31,L,33,DR_INT_RE,1,C
CLRG,RULE,35,83,95,1,2026-07-11,L,1,1,10,1,75,BRL,2026-07-11,2026-07-11,N,TAX,RATE_TYP,M,D,P,PAY,RECEIVABLE_GL_192,A,5776,B,V,R,U,UDE_RATE,N,I,L,P,N,33,L,24,DR_INT_RE,1,C
SAV1,RULE,11,75,29,1,2026-07-12,L,1,1,10,1,28,USD,2026-07-12,2026-07-12,N,TAX,RATE_TYP,M,D,P,ATM,RECEIVABLE_GL_193,A,4135,B,V,R,U,UDE_RATE,N,I,L,P,N,17,L,33,DR_INT_RE,1,S
CURR,RULE,7,68,67,1,2026-07-13,L,1,1,10,1,40,PEN,2026-07-13,2026-07-13,N,TAX,RATE_TYP,M,D,P,DEP,RECEIVABLE_GL_194,A,779,B,V,R,U,UDE_RATE,N,I,L,P,N,9,L,8,DR_INT_RE,1,C
LOAN,RULE,21,86,92,1,2026-07-14,L,1,1,10,1,47,EUR,2026-07-14,2026-07-14,N,TAX,RATE_TYP,M,D,P,WDR,RECEIVABLE_GL_195,A,7165,B,V,R,U,UDE_RATE,N,I,L,P,N,28,L,27,DR_INT_RE,1,L
TD01,RULE,3,7,79,1,2026-07-15,L,1,1,10,1,36,BRL,2026-07-15,2026-07-15,Y,TAX,RATE_TYP,M,D,P,TRF,RECEIVABLE_GL_196,A,917,B,V,R,U,UDE_RATE,Y,I,L,P,Y,33,L,14,DR_INT_RE,1,T
CARD,RULE,5,25,74,1,2026-07-16,L,1,1,10,1,20,USD,2026-07-16,2026-07-16,N,TAX,RATE_TYP,M,D,P,FEE,RECEIVABLE_GL_197,A,362,B,V,R,U,UDE_RATE,N,I,L,P,N,5,L,26,DR_INT_RE,1,C
CLRG,RULE,23,5,82,1,2026-07-17,L,1,1,10,1,0,PEN,2026-07-17,2026-07-17,N,TAX,RATE_TYP,M,D,P,INT,RECEIVABLE_GL_198,A,6358,B,V,R,U,UDE_RATE,N,I,L,P,N,36,L,20,DR_INT_RE,1,C
SAV1,RULE,25,57,72,1,2026-07-18,L,1,1,10,1,70,EUR,2026-07-18,2026-07-18,N,TAX,RATE_TYP,M,D,P,REV,RECEIVABLE_GL_199,A,8876,B,V,R,U,UDE_RATE,N,I,L,P,N,24,L,34,DR_INT_RE,1,S
CURR,RULE,7,79,76,1,2026-07-19,L,1,1,10,1,2,BRL,2026-07-19,2026-07-19,N,TAX,RATE_TYP,M,D,P,PAY,RECEIVABLE_GL_200,A,9166,B,V,R,U,UDE_RATE,N,I,L,P,N,9,L,20,DR_INT_RE,1,C
LOAN,RULE,34,79,81,1,2026-07-20,L,1,1,10,1,28,USD,2026-07-20,2026-07-20,Y,TAX,RATE_TYP,M,D,P,ATM,RECEIVABLE_GL_201,A,7088,B,V,R,U,UDE_RATE,Y,I,L,P,Y,16,L,12,DR_INT_RE,1,L
TD01,RULE,7,36,95,1,2026-07-21,L,1,1,10,1,23,PEN,2026-07-21,2026-07-21,N,TAX,RATE_TYP,M,D,P,DEP,RECEIVABLE_GL_202,A,3532,B,V,R,U,UDE_RATE,N,I,L,P,N,6,L,17,DR_INT_RE,1,T
CARD,RULE,9,13,91,1,2026-07-22,L,1,1,10,1,7,EUR,2026-07-22,2026-07-22,N,TAX,RATE_TYP,M,D,P,WDR,RECEIVABLE_GL_203,A,6378,B,V,R,U,UDE_RATE,N,I,L,P,N,34,L,5,DR_INT_RE,1,C
CLRG,RULE,27,2,48,1,2026-07-23,L,1,1,10,1,42,BRL,2026-07-23,2026-07-23,N,TAX,RATE_TYP,M,D,P,TRF,RECEIVABLE_GL_204,A,7518,B,V,R,U,UDE_RATE,N,I,L,P,N,3,L,22,DR_INT_RE,1,C
SAV1,RULE,1,12,39,1,2026-07-24,L,1,1,10,1,49,USD,2026-07-24,2026-07-24,N,TAX,RATE_TYP,M,D,P,FEE,RECEIVABLE_GL_205,A,3822,B,V,R,U,UDE_RATE,N,I,L,P,N,36,L,16,DR_INT_RE,1,S
CURR,RULE,32,74,88,1,2026-07-25,L,1,1,10,1,32,PEN,2026-07-25,2026-07-25,Y,TAX,RATE_TYP,M,D,P,INT,RECEIVABLE_GL_206,A,2200,B,V,R,U,UDE_RATE,Y,I,L,P,Y,28,L,12,DR_INT_RE,1,C
LOAN,RULE,9,99,68,1,2026-07-26,L,1,1,10,1,96,EUR,2026-07-26,2026-07-26,N,TAX,RATE_TYP,M,D,P,REV,RECEIVABLE_GL_207,A,3182,B,V,R,U,UDE_RATE,N,I,L,P,N,12,L,13,DR_INT_RE,1,L
TD01,RULE,7,49,0,1,2026-07-27,L,1,1,10,1,43,BRL,2026-07-27,2026-07-27,N,TAX,RATE_TYP,M,D,P,PAY,RECEIVABLE_GL_208,A,3351,B,V,R,U,UDE_RATE,N,I,L,P,N,14,L,30,DR_INT_RE,1,T
CARD,RULE,27,9,97,1,2026-07-28,L,1,1,10,1,6,USD,2026-07-28,2026-07-28,N,TAX,RATE_TYP,M,D,P,ATM,RECEIVABLE_GL_209,A,406,B,V,R,U,UDE_RATE,N,I,L,P,N,36,L,22,DR_INT_RE,1,C
CLRG,RULE,36,87,83,1,2026-07-29,L,1,1,10,1,81,PEN,2026-07-29,2026-07-29,N,TAX,RATE_TYP,M,D,P,DEP,RECEIVABLE_GL_210,A,4374,B,V,R,U,UDE_RATE,N,I,L,P,N,26,L,0,DR_INT_RE,1,C
SAV1,RULE,20,50,98,1,2026-07-30,L,1,1,10,1,69,EUR,2026-07-30,2026-07-30,Y,TAX,RATE_TYP,M,D,P,WDR,RECEIVABLE_GL_211,A,8569,B,V,R,U,UDE_RATE,Y,I,L,P,Y,24,L,11,DR_INT_RE,1,S
CURR,RULE,4,2,66,1,2026-07-31,L,1,1,10,1,30,BRL,2026-07-31,2026-07-31,N,TAX,RATE_TYP,M,D,P,TRF,RECEIVABLE_GL_212,A,7501,B,V,R,U,UDE_RATE,N,I,L,P,N,5,L,22,DR_INT_RE,1,C
LOAN,RULE,23,89,49,1,2026-08-01,L,1,1,10,1,19,USD,2026-08-01,2026-08-01,N,TAX,RATE_TYP,M,D,P,FEE,RECEIVABLE_GL_213,A,8204,B,V,R,U,UDE_RATE,N,I,L,P,N,11,L,7,DR_INT_RE,1,L
TD01,RULE,3,71,28,1,2026-08-02,L,1,1,10,1,93,PEN,2026-08-02,2026-08-02,N,TAX,RATE_TYP,M,D,P,INT,RECEIVABLE_GL_214,A,3983,B,V,R,U,UDE_RATE,N,I,L,P,N,20,L,27,DR_INT_RE,1,T
CARD,RULE,23,61,16,1,2026-08-03,L,1,1,10,1,33,EUR,2026-08-03,2026-08-03,N,TAX,RATE_TYP,M,D,P,REV,RECEIVABLE_GL_215,A,6523,B,V,R,U,UDE_RATE,N,I,L,P,N,10,L,17,DR_INT_RE,1,C
CLRG,RULE,5,91,70,1,2026-08-04,L,1,1,10,1,40,BRL,2026-08-04,2026-08-04,Y,TAX,RATE_TYP,M,D,P,PAY,RECEIVABLE_GL_216,A,9200,B,V,R,U,UDE_RATE,Y,I,L,P,Y,8,L,23,DR_INT_RE,1,C
SAV1,RULE,11,58,96,1,2026-08-05,L,1,1,10,1,8,USD,2026-08-05,2026-08-05,N,TAX,RATE_TYP,M,D,P,ATM,RECEIVABLE_GL_217,A,1284,B,V,R,U,UDE_RATE,N,I,L,P,N,0,L,14,DR_INT_RE,1,S
CURR,RULE,22,84,35,1,2026-08-06,L,1,1,10,1,40,PEN,2026-08-06,2026-08-06,N,TAX,RATE_TYP,M,D,P,DEP,RECEIVABLE_GL_218,A,2966,B,V,R,U,UDE_RATE,N,I,L,P,N,27,L,21,DR_INT_RE,1,C
LOAN,RULE,30,61,29,1,2026-08-07,L,1,1,10,1,59,EUR,2026-08-07,2026-08-07,N,TAX,RATE_TYP,M,D,P,WDR,RECEIVABLE_GL_219,A,4044,B,V,R,U,UDE_RATE,N,I,L,P,N,12,L,14,DR_INT_RE,1,L
TD01,RULE,34,11,81,1,2026-08-08,L,1,1,10,1,54,BRL,2026-08-08,2026-08-08,N,TAX,RATE_TYP,M,D,P,TRF,RECEIVABLE_GL_220,A,6800,B,V,R,U,UDE_RATE,N,I,L,P,N,30,L,1,DR_INT_RE,1,T
CARD,RULE,30,54,51,1,2026-08-09,L,1,1,10,1,68,USD,2026-08-09,2026-08-09,Y,TAX,RATE_TYP,M,D,P,FEE,RECEIVABLE_GL_221,A,5471,B,V,R,U,UDE_RATE,Y,I,L,P,Y,32,L,9,DR_INT_RE,1,C
CLRG,RULE,9,5,36,1,2026-08-10,L,1,1,10,1,92,PEN,2026-08-10,2026-08-10,N,TAX,RATE_TYP,M,D,P,INT,RECEIVABLE_GL_222,A,7,B,V,R,U,UDE_RATE,N,I,L,P,N,30,L,21,DR_INT_RE,1,C
SAV1,RULE,16,36,37,1,2026-08-11,L,1,1,10,1,65,EUR,2026-08-11,2026-08-11,N,TAX,RATE_TYP,M,D,P,REV,RECEIVABLE_GL_223,A,7109,B,V,R,U,UDE_RATE,N,I,L,P,N,1,L,11,DR_INT_RE,1,S
CURR,RULE,4,26,80,1,2026-08-12,L,1,1,10,1,86,BRL,2026-08-12,2026-08-12,N,TAX,RATE_TYP,M,D,P,PAY,RECEIVABLE_GL_224,A,3598,B,V,R,U,UDE_RATE,N,I,L,P,N,25,L,30,DR_INT_RE,1,C
LOAN,RULE,35,55,7,1,2026-08-13,L,1,1,10,1,37,USD,2026-08-13,2026-08-13,N,TAX,RATE_TYP,M,D,P,ATM,RECEIVABLE_GL_225,A,6397,B,V,R,U,UDE_RATE,N,I,L,P,N,2,L,6,DR_INT_RE,1,L
TD01,RULE,15,37,49,1,2026-08-14,L,1,1,10,1,7,PEN,2026-08-14,2026-08-14,Y,TAX,RATE_TYP,M,D,P,DEP,RECEIVABLE_GL_226,A,1377,B,V,R,U,UDE_RATE,Y,I,L,P,Y,2,L,16,DR_INT_RE,1,T
CARD,RULE,24,38,3,1,2026-08-15,L,1,1,10,1,95,EUR,2026-08-15,2026-08-15,N,TAX,RATE_TYP,M,D,P,WDR,RECEIVABLE_GL_227,A,9906,B,V,R,U,UDE_RATE,N,I,L,P,N,10,L,4,DR_INT_RE,1,C
CLRG,RULE,30,80,26,1,2026-08-16,L,1,1,10,1,63,BRL,2026-08-16,2026-08-16,N,TAX,RATE_TYP,M,D,P,TRF,RECEIVABLE_GL_228,A,3388,B,V,R,U,UDE_RATE,N,I,L,P,N,21,L,30,DR_INT_RE,1,C
SAV1,RULE,18,33,88,1,2026-08-17,L,1,1,10,1,62,USD,2026-08-17,2026-08-17,N,TAX,RATE_TYP,M,D,P,FEE,RECEIVABLE_GL_229,A,6441,B,V,R,U,UDE_RATE,N,I,L,P,N,29,L,23,DR_INT_RE,1,S
CURR,RULE,28,42,26,1,2026-08-18,L,1,1,10,1,1,PEN,2026-08-18,2026-08-18,N,TAX,RATE_TYP,M,D,P,INT,RECEIVABLE_GL_230,A,916,B,V,R,U,UDE_RATE,N,I,L,P,N,19,L,6,DR_INT_RE,1,C
LOAN,RULE,15,38,28,1,2026-08-19,L,1,1,10,1,51,EUR,2026-08-19,2026-08-19,Y,TAX,RATE_TYP,M,D,P,REV,RECEIVABLE_GL_231,A,2177,B,V,R,U,UDE_RATE,Y,I,L,P,Y,20,L,13,DR_INT_RE,1,L
TD01,RULE,25,11,76,1,2026-08-20,L,1,1,10,1,11,BRL,2026-08-20,2026-08-20,N,TAX,RATE_TYP,M,D,P,PAY,RECEIVABLE_GL_232,A,166,B,V,R,U,UDE_RATE,N,I,L,P,N,27,L,24,DR_INT_RE,1,T
CARD,RULE,24,97,13,1,2026-08-21,L,1,1,10,1,26,USD,2026-08-21,2026-08-21,N,TAX,RATE_TYP,M,D,P,ATM,RECEIVABLE_GL_233,A,1169,B,V,R,U,UDE_RATE,N,I,L,P,N,16,L,10,DR_INT_RE,1,C
CLRG,RULE,33,23,62,1,2026-08-22,L,1,1,10,1,36,PEN,2026-08-22,2026-08-22,N,TAX,RATE_TYP,M,D,P,DEP,RECEIVABLE_GL_234,A,7358,B,V,R,U,UDE_RATE,N,I,L,P,N,22,L,18,DR_INT_RE,1,C
SAV1,RULE,10,83,2,1,2026-08-23,L,1,1,10,1,43,EUR,2026-08-23,2026-08-23,N,TAX,RATE_TYP,M,D,P,WDR,RECEIVABLE_GL_235,A,3772,B,V,R,U,UDE_RATE,N,I,L,P,N,2,L,30,DR_INT_RE,1,S
CURR,RULE,19,77,96,1,2026-08-24,L,1,1,10,1,83,BRL,2026-08-24,2026-08-24,Y,TAX,RATE_TYP,M,D,P,TRF,RECEIVABLE_GL_236,A,6000,B,V,R,U,UDE_RATE,Y,I,L,P,Y,8,L,21,DR_INT_RE,1,C
LOAN,RULE,19,42,56,1,2026-08-25,L,1,1,10,1,33,USD,2026-08-25,2026-08-25,N,TAX,RATE_TYP,M,D,P,FEE,RECEIVABLE_GL_237,A,3831,B,V,R,U,UDE_RATE,N,I,L,P,N,36,L,19,DR_INT_RE,1,L
TD01,RULE,29,28,5,1,2026-08-26,L,1,1,10,1,73,PEN,2026-08-26,2026-08-26,N,TAX,RATE_TYP,M,D,P,INT,RECEIVABLE_GL_238,A,5224,B,V,R,U,UDE_RATE,N,I,L,P,N,35,L,31,DR_INT_RE,1,T
CARD,RULE,18,23,40,1,2026-08-27,L,1,1,10,1,70,EUR,2026-08-27,2026-08-27,N,TAX,RATE_TYP,M,D,P,REV,RECEIVABLE_GL_239,A,27,B,V,R,U,UDE_RATE,N,I,L,P,N,19,L,35,DR_INT_RE,1,C
CLRG,RULE,19,83,26,1,2026-08-28,L,1,1,10,1,71,BRL,2026-08-28,2026-08-28,N,TAX,RATE_TYP,M,D,P,PAY,RECEIVABLE_GL_240,A,9039,B,V,R,U,UDE_RATE,N,I,L,P,N,16,L,35,DR_INT_RE,1,C
SAV1,RULE,12,33,84,1,2026-08-29,L,1,1,10,1,65,USD,2026-08-29,2026-08-29,Y,TAX,RATE_TYP,M,D,P,ATM,RECEIVABLE_GL_241,A,5027,B,V,R,U,UDE_RATE,Y,I,L,P,Y,27,L,33,DR_INT_RE,1,S
CURR,RULE,24,35,71,1,2026-08-30,L,1,1,10,1,1,PEN,2026-08-30,2026-08-30,N,TAX,RATE_TYP,M,D,P,DEP,RECEIVABLE_GL_242,A,4852,B,V,R,U,UDE_RATE,N,I,L,P,N,30,L,9,DR_INT_RE,1,C
LOAN,RULE,14,96,39,1,2026-08-31,L,1,1,10,1,19,EUR,2026-08-31,2026-08-31,N,TAX,RATE_TYP,M,D,P,WDR,RECEIVABLE_GL_243,A,4961,B,V,R,U,UDE_RATE,N,I,L,P,N,32,L,34,DR_INT_RE,1,L
TD01,RULE,10,48,99,1,2026-09-01,L,1,1,10,1,58,BRL,2026-09-01,2026-09-01,N,TAX,RATE_TYP,M,D,P,TRF,RECEIVABLE_GL_244,A,4490,B,V,R,U,UDE_RATE,N,I,L,P,N,22,L,5,DR_INT_RE,1,T
CARD,RULE,2,78,81,1,2026-09-02,L,1,1,10,1,94,USD,2026-09-02,2026-09-02,N,TAX,RATE_TYP,M,D,P,FEE,RECEIVABLE_GL_245,A,6922,B,V,R,U,UDE_RATE,N,I,L,P,N,24,L,17,DR_INT_RE,1,C
CLRG,RULE,11,27,78,1,2026-09-03,L,1,1,10,1,80,PEN,2026-09-03,2026-09-03,Y,TAX,RATE_TYP,M,D,P,INT,RECEIVABLE_GL_246,A,6269,B,V,R,U,UDE_RATE,Y,I,L,P,Y,29,L,8,DR_INT_RE,1,C
SAV1,RULE,31,69,53,1,2026-09-04,L,1,1,10,1,6,EUR,2026-09-04,2026-09-04,N,TAX,RATE_TYP,M,D,P,REV,RECEIVABLE_GL_247,A,7865,B,V,R,U,UDE_RATE,N,I,L,P,N,16,L,30,DR_INT_RE,1,S
CURR,RULE,2,18,48,1,2026-09-05,L,1,1,10,1,36,BRL,2026-09-05,2026-09-05,N,TAX,RATE_TYP,M,D,P,PAY,RECEIVABLE_GL_248,A,3652,B,V,R,U,UDE_RATE,N,I,L,P,N,19,L,12,DR_INT_RE,1,C
LOAN,RULE,21,33,13,1,2026-09-06,L,1,1,10,1,31,USD,2026-09-06,2026-09-06,N,TAX,RATE_TYP,M,D,P,ATM,RECEIVABLE_GL_249,A,5347,B,V,R,U,UDE_RATE,N,I,L,P,N,12,L,35,DR_INT_RE,1,L
TD01,RULE,6,98,9,1,2026-09-07,L,1,1,10,1,63,PEN,2026-09-07,2026-09-07,N,TAX,RATE_TYP,M,D,P,DEP,RECEIVABLE_GL_250,A,5463,B,V,R,U,UDE_RATE,N,I,L,P,N,36,L,24,DR_INT_RE,1,T
CARD,RULE,12,75,45,1,2026-09-08,L,1,1,10,1,1,EUR,2026-09-08,2026-09-08,Y,TAX,RATE_TYP,M,D,P,WDR,RECEIVABLE_GL_251,A,1722,B,V,R,U,UDE_RATE,Y,I,L,P,Y,23,L,17,DR_INT_RE,1,C
CLRG,RULE,0,6,54,1,2026-09-09,L,1,1,10,1,89,BRL,2026-09-09,2026-09-09,N,TAX,RATE_TYP,M,D,P,TRF,RECEIVABLE_GL_252,A,7711,B,V,R,U,UDE_RATE,N,I,L,P,N,6,L,9,DR_INT_RE,1,C
SAV1,RULE,31,24,59,1,2026-09-10,L,1,1,10,1,62,USD,2026-09-10,2026-09-10,N,TAX,RATE_TYP,M,D,P,FEE,RECEIVABLE_GL_253,A,8102,B,V,R,U,UDE_RATE,N,I,L,P,N,4,L,5,DR_INT_RE,1,S
CURR,RULE,25,44,42,1,2026-09-11,L,1,1,10,1,19,PEN,2026-09-11,2026-09-11,N,TAX,RATE_TYP,M,D,P,INT,RECEIVABLE_GL_254,A,9711,B,V,R,U,UDE_RATE,N,I,L,P,N,2,L,20,DR_INT_RE,1,C
LOAN,RULE,28,3,69,1,2026-09-12,L,1,1,10,1,19,EUR,2026-09-12,2026-09-12,N,TAX,RATE_TYP,M,D,P,REV,RECEIVABLE_GL_255,A,7314,B,V,R,U,UDE_RATE,N,I,L,P,N,15,L,10,DR_INT_RE,1,L
TD01,RULE,7,70,79,1,2026-09-13,L,1,1,10,1,50,BRL,2026-09-13,2026-09-13,Y,TAX,RATE_TYP,M,D,P,PAY,RECEIVABLE_GL_256,A,3675,B,V,R,U,UDE_RATE,Y,I,L,P,Y,14,L,5,DR_INT_RE,1,T
CARD,RULE,17,9,8,1,2026-09-14,L,1,1,10,1,20,USD,2026-09-14,2026-09-14,N,TAX,RATE_TYP,M,D,P,ATM,RECEIVABLE_GL_257,A,6180,B,V,R,U,UDE_RATE,N,I,L,P,N,35,L,35,DR_INT_RE,1,C
CLRG,RULE,0,41,3,1,2026-09-15,L,1,1,10,1,34,PEN,2026-09-15,2026-09-15,N,TAX,RATE_TYP,M,D,P,DEP,RECEIVABLE_GL_258,A,3407,B,V,R,U,UDE_RATE,N,I,L,P,N,20,L,7,DR_INT_RE,1,C
SAV1,RULE,33,44,47,1,2026-09-16,L,1,1,10,1,70,EUR,2026-09-16,2026-09-16,N,TAX,RATE_TYP,M,D,P,WDR,RECEIVABLE_GL_259,A,4986,B,V,R,U,UDE_RATE,N,I,L,P,N,35,L,1,DR_INT_RE,1,S
CURR,RULE,21,72,98,1,2026-09-17,L,1,1,10,1,75,BRL,2026-09-17,2026-09-17,N,TAX,RATE_TYP,M,D,P,TRF,RECEIVABLE_GL_260,A,4979,B,V,R,U,UDE_RATE,N,I,L,P,N,26,L,28,DR_INT_RE,1,C
LOAN,RULE,15,60,9,1,2026-09-18,L,1,1,10,1,85,USD,2026-09-18,2026-09-18,Y,TAX,RATE_TYP,M,D,P,FEE,RECEIVABLE_GL_261,A,1054,B,V,R,U,UDE_RATE,Y,I,L,P,Y,30,L,17,DR_INT_RE,1,L
TD01,RULE,30,83,32,1,2026-09-19,L,1,1,10,1,94,PEN,2026-09-19,2026-09-19,N,TAX,RATE_TYP,M,D,P,INT,RECEIVABLE_GL_262,A,5269,B,V,R,U,UDE_RATE,N,I,L,P,N,23,L,7,DR_INT_RE,1,T
CARD,RULE,17,98,56,1,2026-09-20,L,1,1,10,1,96,EUR,2026-09-20,2026-09-20,N,TAX,RATE_TYP,M,D,P,REV,RECEIVABLE_GL_263,A,3873,B,V,R,U,UDE_RATE,N,I,L,P,N,10,L,10,DR_INT_RE,1,C
CLRG,RULE,10,83,23,1,2026-09-21,L,1,1,10,1,66,BRL,2026-09-21,2026-09-21,N,TAX,RATE_TYP,M,D,P,PAY,RECEIVABLE_GL_264,A,2321,B,V,R,U,UDE_RATE,N,I,L,P,N,26,L,22,DR_INT_RE,1,C
SAV1,RULE,6,3,59,1,2026-09-22,L,1,1,10,1,6,USD,2026-09-22,2026-09-22,N,TAX,RATE_TYP,M,D,P,ATM,RECEIVABLE_GL_265,A,2888,B,V,R,U,UDE_RATE,N,I,L,P,N,13,L,3,DR_INT_RE,1,S
CURR,RULE,19,15,21,1,2026-09-23,L,1,1,10,1,15,PEN,2026-09-23,2026-09-23,Y,TAX,RATE_TYP,M,D,P,DEP,RECEIVABLE_GL_266,A,8411,B,V,R,U,UDE_RATE,Y,I,L,P,Y,20,L,3,DR_INT_RE,1,C
LOAN,RULE,36,48,7,1,2026-09-24,L,1,1,10,1,20,EUR,2026-09-24,2026-09-24,N,TAX,RATE_TYP,M,D,P,WDR,RECEIVABLE_GL_267,A,6966,B,V,R,U,UDE_RATE,N,I,L,P,N,1,L,28,DR_INT_RE,1,L
TD01,RULE,14,94,39,1,2026-09-25,L,1,1,10,1,86,BRL,2026-09-25,2026-09-25,N,TAX,RATE_TYP,M,D,P,TRF,RECEIVABLE_GL_268,A,7358,B,V,R,U,UDE_RATE,N,I,L,P,N,14,L,33,DR_INT_RE,1,T
CARD,RULE,22,85,23,1,2026-09-26,L,1,1,10,1,23,USD,2026-09-26,2026-09-26,N,TAX,RATE_TYP,M,D,P,FEE,RECEIVABLE_GL_269,A,6274,B,V,R,U,UDE_RATE,N,I,L,P,N,4,L,9,DR_INT_RE,1,C
CLRG,RULE,20,49,45,1,2026-09-27,L,1,1,10,1,2,PEN,2026-09-27,2026-09-27,N,TAX,RATE_TYP,M,D,P,INT,RECEIVABLE_GL_270,A,1336,B,V,R,U,UDE_RATE,N,I,L,P,N,18,L,12,DR_INT_RE,1,C
SAV1,RULE,5,50,13,1,2026-09-28,L,1,1,10,1,66,EUR,2026-09-28,2026-09-28,Y,TAX,RATE_TYP,M,D,P,REV,RECEIVABLE_GL_271,A,1800,B,V,R,U,UDE_RATE,Y,I,L,P,Y,8,L,19,DR_INT_RE,1,S
CURR,RULE,14,13,58,1,2026-09-29,L,1,1,10,1,96,BRL,2026-09-29,2026-09-29,N,TAX,RATE_TYP,M,D,P,PAY,RECEIVABLE_GL_272,A,1439,B,V,R,U,UDE_RATE,N,I,L,P,N,4,L,23,DR_INT_RE,1,C
LOAN,RULE,3,71,33,1,2026-09-30,L,1,1,10,1,47,USD,2026-09-30,2026-09-30,N,TAX,RATE_TYP,M,D,P,ATM,RECEIVABLE_GL_273,A,5244,B,V,R,U,UDE_RATE,N,I,L,P,N,23,L,16,DR_INT_RE,1,L
TD01,RULE,16,81,75,1,2026-10-01,L,1,1,10,1,90,PEN,2026-10-01,2026-10-01,N,TAX,RATE_TYP,M,D,P,DEP,RECEIVABLE_GL_274,A,3853,B,V,R,U,UDE_RATE,N,I,L,P,N,26,L,28,DR_INT_RE,1,T
CARD,RULE,11,93,31,1,2026-10-02,L,1,1,10,1,55,EUR,2026-10-02,2026-10-02,N,TAX,RATE_TYP,M,D,P,WDR,RECEIVABLE_GL_275,A,2488,B,V,R,U,UDE_RATE,N,I,L,P,N,2,L,33,DR_INT_RE,1,C
CLRG,RULE,31,81,76,1,2026-10-03,L,1,1,10,1,72,BRL,2026-10-03,2026-10-03,Y,TAX,RATE_TYP,M,D,P,TRF,RECEIVABLE_GL_276,A,4332,B,V,R,U,UDE_RATE,Y,I,L,P,Y,4,L,26,DR_INT_RE,1,C
SAV1,RULE,6,53,47,1,2026-10-04,L,1,1,10,1,49,USD,2026-10-04,2026-10-04,N,TAX,RATE_TYP,M,D,P,FEE,RECEIVABLE_GL_277,A,8367,B,V,R,U,UDE_RATE,N,I,L,P,N,29,L,0,DR_INT_RE,1,S
CURR,RULE,14,89,33,1,2026-10-05,L,1,1,10,1,35,PEN,2026-10-05,2026-10-05,N,TAX,RATE_TYP,M,D,P,INT,RECEIVABLE_GL_278,A,1355,B,V,R,U,UDE_RATE,N,I,L,P,N,0,L,31,DR_INT_RE,1,C
LOAN,RULE,13,66,79,1,2026-10-06,L,1,1,10,1,71,EUR,2026-10-06,2026-10-06,N,TAX,RATE_TYP,M,D,P,REV,RECEIVABLE_GL_279,A,6921,B,V,R,U,UDE_RATE,N,I,L,P,N,6,L,32,DR_INT_RE,1,L
TD01,RULE,33,34,13,1,2026-10-07,L,1,1,10,1,60,BRL,2026-10-07,2026-10-07,N,TAX,RATE_TYP,M,D,P,PAY,RECEIVABLE_GL_280,A,2261,B,V,R,U,UDE_RATE,N,I,L,P,N,1,L,18,DR_INT_RE,1,T
CARD,RULE,8,79,43,1,2026-10-08,L,1,1,10,1,81,USD,2026-10-08,2026-10-08,Y,TAX,RATE_TYP,M,D,P,ATM,RECEIVABLE_GL_281,A,402,B,V,R,U,UDE_RATE,Y,I,L,P,Y,9,L,4,DR_INT_RE,1,C
CLRG,RULE,34,13,31,1,2026-10-09,L,1,1,10,1,69,PEN,2026-10-09,2026-10-09,N,TAX,RATE_TYP,M,D,P,DEP,RECEIVABLE_GL_282,A,4993,B,V,R,U,UDE_RATE,N,I,L,P,N,11,L,24,DR_INT_RE,1,C
SAV1,RULE,36,53,84,1,2026-10-10,L,1,1,10,1,92,EUR,2026-10-10,2026-10-10,N,TAX,RATE_TYP,M,D,P,WDR,RECEIVABLE_GL_283,A,370,B,V,R,U,UDE_RATE,N,I,L,P,N,7,L,3,DR_INT_RE,1,S
CURR,RULE,13,71,62,1,2026-10-11,L,1,1,10,1,96,BRL,2026-10-11,2026-10-11,N,TAX,RATE_TYP,M,D,P,TRF,RECEIVABLE_GL_284,A,7962,B,V,R,U,UDE_RATE,N,I,L,P,N,5,L,35,DR_INT_RE,1,C
LOAN,RULE,16,0,67,1,2026-10-12,L,1,1,10,1,8,USD,2026-10-12,2026-10-12,N,TAX,RATE_TYP,M,D,P,FEE,RECEIVABLE_GL_285,A,5635,B,V,R,U,UDE_RATE,N,I,L,P,N,9,L,17,DR_INT_RE,1,L
TD01,RULE,26,86,71,1,2026-10-13,L,1,1,10,1,61,PEN,2026-10-13,2026-10-13,Y,TAX,RATE_TYP,M,D,P,INT,RECEIVABLE_GL_286,A,6072,B,V,R,U,UDE_RATE,Y,I,L,P,Y,8,L,34,DR_INT_RE,1,T
CARD,RULE,20,32,99,1,2026-10-14,L,1,1,10,1,15,EUR,2026-10-14,2026-10-14,N,TAX,RATE_TYP,M,D,P,REV,RECEIVABLE_GL_287,A,5663,B,V,R,U,UDE_RATE,N,I,L,P,N,4,L,22,DR_INT_RE,1,C
CLRG,RULE,11,23,70,1,2026-10-15,L,1,1,10,1,32,BRL,2026-10-15,2026-10-15,N,TAX,RATE_TYP,M,D,P,PAY,RECEIVABLE_GL_288,A,5998,B,V,R,U,UDE_RATE,N,I,L,P,N,36,L,34,DR_INT_RE,1,C
SAV1,RULE,6,82,34,1,2026-10-16,L,1,1,10,1,88,USD,2026-10-16,2026-10-16,N,TAX,RATE_TYP,M,D,P,ATM,RECEIVABLE_GL_289,A,3204,B,V,R,U,UDE_RATE,N,I,L,P,N,25,L,1,DR_INT_RE,1,S
CURR,RULE,35,7,51,1,2026-10-17,L,1,1,10,1,35,PEN,2026-10-17,2026-10-17,N,TAX,RATE_TYP,M,D,P,DEP,RECEIVABLE_GL_290,A,913,B,V,R,U,UDE_RATE,N,I,L,P,N,2,L,20,DR_INT_RE,1,C
LOAN,RULE,9,14,56,1,2026-10-18,L,1,1,10,1,83,EUR,2026-10-18,2026-10-18,Y,TAX,RATE_TYP,M,D,P,WDR,RECEIVABLE_GL_291,A,1999,B,V,R,U,UDE_RATE,Y,I,L,P,Y,20,L,22,DR_INT_RE,1,L
TD01,RULE,32,30,46,1,2026-10-19,L,1,1,10,1,59,BRL,2026-10-19,2026-10-19,N,TAX,RATE_TYP,M,D,P,TRF,RECEIVABLE_GL_292,A,4808,B,V,R,U,UDE_RATE,N,I,L,P,N,33,L,10,DR_INT_RE,1,T
CARD,RULE,12,74,93,1,2026-10-20,L,1,1,10,1,82,USD,2026-10-20,2026-10-20,N,TAX,RATE_TYP,M,D,P,FEE,RECEIVABLE_GL_293,A,1841,B,V,R,U,UDE_RATE,N,I,L,P,N,2,L,27,DR_INT_RE,1,C
CLRG,RULE,2,11,81,1,2026-10-21,L,1,1,10,1,85,PEN,2026-10-21,2026-10-21,N,TAX,RATE_TYP,M,D,P,INT,RECEIVABLE_GL_294,A,3695,B,V,R,U,UDE_RATE,N,I,L,P,N,7,L,6,DR_INT_RE,1,C
SAV1,RULE,11,50,50,1,2026-10-22,L,1,1,10,1,36,EUR,2026-10-22,2026-10-22,N,TAX,RATE_TYP,M,D,P,REV,RECEIVABLE_GL_295,A,1002,B,V,R,U,UDE_RATE,N,I,L,P,N,10,L,33,DR_INT_RE,1,S
CURR,RULE,17,30,21,1,2026-10-23,L,1,1,10,1,24,BRL,2026-10-23,2026-10-23,Y,TAX,RATE_TYP,M,D,P,PAY,RECEIVABLE_GL_296,A,7469,B,V,R,U,UDE_RATE,Y,I,L,P,Y,6,L,23,DR_INT_RE,1,C
LOAN,RULE,3,25,16,1,2026-10-24,L,1,1,10,1,96,USD,2026-10-24,2026-10-24,N,TAX,RATE_TYP,M,D,P,ATM,RECEIVABLE_GL_297,A,6892,B,V,R,U,UDE_RATE,N,I,L,P,N,14,L,14,DR_INT_RE,1,L
TD01,RULE,22,3,34,1,2026-10-25,L,1,1,10,1,65,PEN,2026-10-25,2026-10-25,N,TAX,RATE_TYP,M,D,P,DEP,RECEIVABLE_GL_298,A,8180,B,V,R,U,UDE_RATE,N,I,L,P,N,17,L,3,DR_INT_RE,1,T
CARD,RULE,36,60,55,1,2026-10-26,L,1,1,10,1,82,EUR,2026-10-26,2026-10-26,N,TAX,RATE_TYP,M,D,P,WDR,RECEIVABLE_GL_299,A,2293,B,V,R,U,UDE_RATE,N,I,L,P,N,34,L,30,DR_INT_RE,1,C
CLRG,RULE,25,78,88,1,2026-10-27,L,1,1,10,1,21,BRL,2026-10-27,2026-10-27,N,TAX,RATE_TYP,M,D,P,TRF,RECEIVABLE_GL_300,A,6961,B,V,R,U,UDE_RATE,N,I,L,P,N,19,L,35,DR_INT_RE,1,C
SAV1,RULE,24,94,63,1,2026-10-28,L,1,1,10,1,85,USD,2026-10-28,2026-10-28,Y,TAX,RATE_TYP,M,D,P,FEE,RECEIVABLE_GL_301,A,446,B,V,R,U,UDE_RATE,Y,I,L,P,Y,31,L,26,DR_INT_RE,1,S
CURR,RULE,11,13,77,1,2026-10-29,L,1,1,10,1,90,PEN,2026-10-29,2026-10-29,N,TAX,RATE_TYP,M,D,P,INT,RECEIVABLE_GL_302,A,4539,B,V,R,U,UDE_RATE,N,I,L,P,N,31,L,15,DR_INT_RE,1,C
LOAN,RULE,10,47,90,1,2026-10-30,L,1,1,10,1,42,EUR,2026-10-30,2026-10-30,N,TAX,RATE_TYP,M,D,P,REV,RECEIVABLE_GL_303,A,4439,B,V,R,U,UDE_RATE,N,I,L,P,N,17,L,2,DR_INT_RE,1,L
TD01,RULE,13,19,31,1,2026-10-31,L,1,1,10,1,84,BRL,2026-10-31,2026-10-31,N,TAX,RATE_TYP,M,D,P,PAY,RECEIVABLE_GL_304,A,550,B,V,R,U,UDE_RATE,N,I,L,P,N,5,L,31,DR_INT_RE,1,T
CARD,RULE,22,15,93,1,2026-11-01,L,1,1,10,1,81,USD,2026-11-01,2026-11-01,N,TAX,RATE_TYP,M,D,P,ATM,RECEIVABLE_GL_305,A,6656,B,V,R,U,UDE_RATE,N,I,L,P,N,3,L,34,DR_INT_RE,1,C
CLRG,RULE,32,58,37,1,2026-11-02,L,1,1,10,1,76,PEN,2026-11-02,2026-11-02,Y,TAX,RATE_TYP,M,D,P,DEP,RECEIVABLE_GL_306,A,8129,B,V,R,U,UDE_RATE,Y,I,L,P,Y,3,L,28,DR_INT_RE,1,C
SAV1,RULE,15,52,0,1,2026-11-03,L,1,1,10,1,45,EUR,2026-11-03,2026-11-03,N,TAX,RATE_TYP,M,D,P,WDR,RECEIVABLE_GL_307,A,8804,B,V,R,U,UDE_RATE,N,I,L,P,N,32,L,9,DR_INT_RE,1,S
CURR,RULE,16,42,94,1,2026-11-04,L,1,1,10,1,22,BRL,2026-11-04,2026-11-04,N,TAX,RATE_TYP,M,D,P,TRF,RECEIVABLE_GL_308,A,6171,B,V,R,U,UDE_RATE,N,I,L,P,N,24,L,5,DR_INT_RE,1,C
LOAN,RULE,19,75,98,1,2026-11-05,L,1,1,10,1,71,USD,2026-11-05,2026-11-05,N,TAX,RATE_TYP,M,D,P,FEE,RECEIVABLE_GL_309,A,3035,B,V,R,U,UDE_RATE,N,I,L,P,N,9,L,16,DR_INT_RE,1,L
TD01,RULE,9,45,59,1,2026-11-06,L,1,1,10,1,74,PEN,2026-11-06,2026-11-06,N,TAX,RATE_TYP,M,D,P,INT,RECEIVABLE_GL_310,A,5235,B,V,R,U,UDE_RATE,N,I,L,P,N,30,L,26,DR_INT_RE,1,T
CARD,RULE,3,90,33,1,2026-11-07,L,1,1,10,1,48,EUR,2026-11-07,2026-11-07,Y,TAX,RATE_TYP,M,D,P,REV,RECEIVABLE_GL_311,A,464,B,V,R,U,UDE_RATE,Y,I,L,P,Y,26,L,19,DR_INT_RE,1,C
CLRG,RULE,1,27,2,1,2026-11-08,L,1,1,10,1,18,BRL,2026-11-08,2026-11-08,N,TAX,RATE_TYP,M,D,P,PAY,RECEIVABLE_GL_312,A,1005,B,V,R,U,UDE_RATE,N,I,L,P,N,21,L,10,DR_INT_RE,1,C
SAV1,RULE,14,82,25,1,2026-11-09,L,1,1,10,1,62,USD,2026-11-09,2026-11-09,N,TAX,RATE_TYP,M,D,P,ATM,RECEIVABLE_GL_313,A,9045,B,V,R,U,UDE_RATE,N,I,L,P,N,27,L,21,DR_INT_RE,1,S
CURR,RULE,1,34,20,1,2026-11-10,L,1,1,10,1,68,PEN,2026-11-10,2026-11-10,N,TAX,RATE_TYP,M,D,P,DEP,RECEIVABLE_GL_314,A,9616,B,V,R,U,UDE_RATE,N,I,L,P,N,1,L,34,DR_INT_RE,1,C
LOAN,RULE,33,34,45,1,2026-11-11,L,1,1,10,1,21,EUR,2026-11-11,2026-11-11,N,TAX,RATE_TYP,M,D,P,WDR,RECEIVABLE_GL_315,A,1750,B,V,R,U,UDE_RATE,N,I,L,P,N,20,L,19,DR_INT_RE,1,L
TD01,RULE,32,38,12,1,2026-11-12,L,1,1,10,1,77,BRL,2026-11-12,2026-11-12,Y,TAX,RATE_TYP,M,D,P,TRF,RECEIVABLE_GL_316,A,2812,B,V,R,U,UDE_RATE,Y,I,L,P,Y,32,L,32,DR_INT_RE,1,T
CARD,RULE,22,98,28,1,2026-11-13,L,1,1,10,1,53,USD,2026-11-13,2026-11-13,N,TAX,RATE_TYP,M,D,P,FEE,RECEIVABLE_GL_317,A,3501,B,V,R,U,UDE_RATE,N,I,L,P,N,23,L,36,DR_INT_RE,1,C
CLRG,RULE,34,21,16,1,2026-11-14,L,1,1,10,1,56,PEN,2026-11-14,2026-11-14,N,TAX,RATE_TYP,M,D,P,INT,RECEIVABLE_GL_318,A,558,B,V,R,U,UDE_RATE,N,I,L,P,N,9,L,17,DR_INT_RE,1,C
SAV1,RULE,22,84,98,1,2026-11-15,L,1,1,10,1,58,EUR,2026-11-15,2026-11-15,N,TAX,RATE_TYP,M,D,P,REV,RECEIVABLE_GL_319,A,5029,B,V,R,U,UDE_RATE,N,I,L,P,N,31,L,34,DR_INT_RE,1,S
CURR,RULE,27,40,48,1,2026-11-16,L,1,1,10,1,68,BRL,2026-11-16,2026-11-16,N,TAX,RATE_TYP,M,D,P,PAY,RECEIVABLE_GL_320,A,1365,B,V,R,U,UDE_RATE,N,I,L,P,N,30,L,27,DR_INT_RE,1,C
LOAN,RULE,23,79,39,1,2026-11-17,L,1,1,10,1,59,USD,2026-11-17,2026-11-17,Y,TAX,RATE_TYP,M,D,P,ATM,RECEIVABLE_GL_321,A,7497,B,V,R,U,UDE_RATE,Y,I,L,P,Y,30,L,9,DR_INT_RE,1,L
TD01,RULE,1,2,40,1,2026-11-18,L,1,1,10,1,88,PEN,2026-11-18,2026-11-18,N,TAX,RATE_TYP,M,D,P,DEP,RECEIVABLE_GL_322,A,5208,B,V,R,U,UDE_RATE,N,I,L,P,N,18,L,22,DR_INT_RE,1,T
CARD,RULE,25,49,26,1,2026-11-19,L,1,1,10,1,83,EUR,2026-11-19,2026-11-19,N,TAX,RATE_TYP,M,D,P,WDR,RECEIVABLE_GL_323,A,3640,B,V,R,U,UDE_RATE,N,I,L,P,N,7,L,34,DR_INT_RE,1,C
CLRG,RULE,36,2,42,1,2026-11-20,L,1,1,10,1,34,BRL,2026-11-20,2026-11-20,N,TAX,RATE_TYP,M,D,P,TRF,RECEIVABLE_GL_324,A,1086,B,V,R,U,UDE_RATE,N,I,L,P,N,11,L,34,DR_INT_RE,1,C
SAV1,RULE,20,83,84,1,2026-11-21,L,1,1,10,1,10,USD,2026-11-21,2026-11-21,N,TAX,RATE_TYP,M,D,P,FEE,RECEIVABLE_GL_325,A,4591,B,V,R,U,UDE_RATE,N,I,L,P,N,25,L,27,DR_INT_RE,1,S
CURR,RULE,29,96,89,1,2026-11-22,L,1,1,10,1,89,PEN,2026-11-22,2026-11-22,Y,TAX,RATE_TYP,M,D,P,INT,RECEIVABLE_GL_326,A,541,B,V,R,U,UDE_RATE,Y,I,L,P,Y,32,L,18,DR_INT_RE,1,C
LOAN,RULE,6,97,53,1,2026-11-23,L,1,1,10,1,50,EUR,2026-11-23,2026-11-23,N,TAX,RATE_TYP,M,D,P,REV,RECEIVABLE_GL_327,A,914,B,V,R,U,UDE_RATE,N,I,L,P,N,34,L,34,DR_INT_RE,1,L
TD01,RULE,13,1,41,1,2026-11-24,L,1,1,10,1,91,BRL,2026-11-24,2026-11-24,N,TAX,RATE_TYP,M,D,P,PAY,RECEIVABLE_GL_328,A,2859,B,V,R,U,UDE_RATE,N,I,L,P,N,14,L,4,DR_INT_RE,1,T
CARD,RULE,20,81,44,1,2026-11-25,L,1,1,10,1,33,USD,2026-11-25,2026-11-25,N,TAX,RATE_TYP,M,D,P,ATM,RECEIVABLE_GL_329,A,3902,B,V,R,U,UDE_RATE,N,I,L,P,N,34,L,15,DR_INT_RE,1,C
CLRG,RULE,10,24,70,1,2026-11-26,L,1,1,10,1,71,PEN,2026-11-26,2026-11-26,N,TAX,RATE_TYP,M,D,P,DEP,RECEIVABLE_GL_330,A,506,B,V,R,U,UDE_RATE,N,I,L,P,N,28,L,15,DR_INT_RE,1,C
SAV1,RULE,30,35,30,1,2026-11-27,L,1,1,10,1,37,EUR,2026-11-27,2026-11-27,Y,TAX,RATE_TYP,M,D,P,WDR,RECEIVABLE_GL_331,A,7025,B,V,R,U,UDE_RATE,Y,I,L,P,Y,14,L,2,DR_INT_RE,1,S
CURR,RULE,19,98,0,1,2026-11-28,L,1,1,10,1,81,BRL,2026-11-28,2026-11-28,N,TAX,RATE_TYP,M,D,P,TRF,RECEIVABLE_GL_332,A,4780,B,V,R,U,UDE_RATE,N,I,L,P,N,26,L,28,DR_INT_RE,1,C
LOAN,RULE,24,19,68,1,2026-11-29,L,1,1,10,1,95,USD,2026-11-29,2026-11-29,N,TAX,RATE_TYP,M,D,P,FEE,RECEIVABLE_GL_333,A,945,B,V,R,U,UDE_RATE,N,I,L,P,N,30,L,5,DR_INT_RE,1,L
TD01,RULE,11,80,19,1,2026-11-30,L,1,1,10,1,32,PEN,2026-11-30,2026-11-30,N,TAX,RATE_TYP,M,D,P,INT,RECEIVABLE_GL_334,A,3094,B,V,R,U,UDE_RATE,N,I,L,P,N,13,L,6,DR_INT_RE,1,T
CARD,RULE,9,94,61,1,2026-12-01,L,1,1,10,1,39,EUR,2026-12-01,2026-12-01,N,TAX,RATE_TYP,M,D,P,REV,RECEIVABLE_GL_335,A,9620,B,V,R,U,UDE_RATE,N,I,L,P,N,33,L,24,DR_INT_RE,1,C
CLRG,RULE,0,24,41,1,2026-12-02,L,1,1,10,1,54,BRL,2026-12-02,2026-12-02,Y,TAX,RATE_TYP,M,D,P,PAY,RECEIVABLE_GL_336,A,6556,B,V,R,U,UDE_RATE,Y,I,L,P,Y,17,L,4,DR_INT_RE,1,C
SAV1,RULE,14,66,38,1,2026-12-03,L,1,1,10,1,38,USD,2026-12-03,2026-12-03,N,TAX,RATE_TYP,M,D,P,ATM,RECEIVABLE_GL_337,A,6024,B,V,R,U,UDE_RATE,N,I,L,P,N,9,L,6,DR_INT_RE,1,S
CURR,RULE,26,7,99,1,2026-12-04,L,1,1,10,1,71,PEN,2026-12-04,2026-12-04,N,TAX,RATE_TYP,M,D,P,DEP,RECEIVABLE_GL_338,A,6507,B,V,R,U,UDE_RATE,N,I,L,P,N,24,L,10,DR_INT_RE,1,C
LOAN,RULE,8,45,50,1,2026-12-05,L,1,1,10,1,23,EUR,2026-12-05,2026-12-05,N,TAX,RATE_TYP,M,D,P,WDR,RECEIVABLE_GL_339,A,9870,B,V,R,U,UDE_RATE,N,I,L,P,N,27,L,14,DR_INT_RE,1,L
TD01,RULE,25,1,24,1,2026-12-06,L,1,1,10,1,44,BRL,2026-12-06,2026-12-06,N,TAX,RATE_TYP,M,D,P,TRF,RECEIVABLE_GL_340,A,1824,B,V,R,U,UDE_RATE,N,I,L,P,N,2,L,16,DR_INT_RE,1,T
CARD,RULE,30,94,69,1,2026-12-07,L,1,1,10,1,4,USD,2026-12-07,2026-12-07,Y,TAX,RATE_TYP,M,D,P,FEE,RECEIVABLE_GL_341,A,9515,B,V,R,U,UDE_RATE,Y,I,L,P,Y,17,L,20,DR_INT_RE,1,C
CLRG,RULE,6,5,82,1,2026-12-08,L,1,1,10,1,56,PEN,2026-12-08,2026-12-08,N,TAX,RATE_TYP,M,D,P,INT,RECEIVABLE_GL_342,A,4726,B,V,R,U,UDE_RATE,N,I,L,P,N,34,L,25,DR_INT_RE,1,C
SAV1,RULE,28,65,52,1,2026-12-09,L,1,1,10,1,80,EUR,2026-12-09,2026-12-09,N,TAX,RATE_TYP,M,D,P,REV,RECEIVABLE_GL_343,A,3794,B,V,R,U,UDE_RATE,N,I,L,P,N,2,L,13,DR_INT_RE,1,S
CURR,RULE,33,70,50,1,2026-12-10,L,1,1,10,1,5,BRL,2026-12-10,2026-12-10,N,TAX,RATE_TYP,M,D,P,PAY,RECEIVABLE_GL_344,A,2827,B,V,R,U,UDE_RATE,N,I,L,P,N,32,L,13,DR_INT_RE,1,C
LOAN,RULE,36,9,93,1,2026-12-11,L,1,1,10,1,5,USD,2026-12-11,2026-12-11,N,TAX,RATE_TYP,M,D,P,ATM,RECEIVABLE_GL_345,A,5075,B,V,R,U,UDE_RATE,N,I,L,P,N,6,L,17,DR_INT_RE,1,L
TD01,RULE,30,31,31,1,2026-12-12,L,1,1,10,1,39,PEN,2026-12-12,2026-12-12,Y,TAX,RATE_TYP,M,D,P,DEP,RECEIVABLE_GL_346,A,1432,B,V,R,U,UDE_RATE,Y,I,L,P,Y,1,L,14,DR_INT_RE,1,T
CARD,RULE,22,80,9,1,2026-12-13,L,1,1,10,1,31,EUR,2026-12-13,2026-12-13,N,TAX,RATE_TYP,M,D,P,WDR,RECEIVABLE_GL_347,A,4293,B,V,R,U,UDE_RATE,N,I,L,P,N,26,L,29,DR_INT_RE,1,C
CLRG,RULE,1,60,96,1,2026-12-14,L,1,1,10,1,37,BRL,2026-12-14,2026-12-14,N,TAX,RATE_TYP,M,D,P,TRF,RECEIVABLE_GL_348,A,2743,B,V,R,U,UDE_RATE,N,I,L,P,N,11,L,12,DR_INT_RE,1,C
SAV1,RULE,11,13,35,1,2026-12-15,L,1,1,10,1,65,USD,2026-12-15,2026-12-15,N,TAX,RATE_TYP,M,D,P,FEE,RECEIVABLE_GL_349,A,6063,B,V,R,U,UDE_RATE,N,I,L,P,N,1,L,3,DR_INT_RE,1,S
CURR,RULE,24,35,66,1,2026-12-16,L,1,1,10,1,40,PEN,2026-12-16,2026-12-16,N,TAX,RATE_TYP,M,D,P,INT,RECEIVABLE_GL_350,A,1465,B,V,R,U,UDE_RATE,N,I,L,P,N,16,L,3,DR_INT_RE,1,C
LOAN,RULE,12,24,64,1,2026-12-17,L,1,1,10,1,11,EUR,2026-12-17,2026-12-17,Y,TAX,RATE_TYP,M,D,P,REV,RECEIVABLE_GL_351,A,7619,B,V,R,U,UDE_RATE,Y,I,L,P,Y,18,L,12,DR_INT_RE,1,L
TD01,RULE,11,89,96,1,2026-12-18,L,1,1,10,1,70,BRL,2026-12-18,2026-12-18,N,TAX,RATE_TYP,M,D,P,PAY,RECEIVABLE_GL_352,A,1379,B,V,R,U,UDE_RATE,N,I,L,P,N,2,L,32,DR_INT_RE,1,T
CARD,RULE,9,46,59,1,2026-12-19,L,1,1,10,1,94,USD,2026-12-19,2026-12-19,N,TAX,RATE_TYP,M,D,P,ATM,RECEIVABLE_GL_353,A,7403,B,V,R,U,UDE_RATE,N,I,L,P,N,10,L,5,DR_INT_RE,1,C
CLRG,RULE,17,26,88,1,2026-12-20,L,1,1,10,1,9,PEN,2026-12-20,2026-12-20,N,TAX,RATE_TYP,M,D,P,DEP,RECEIVABLE_GL_354,A,5347,B,V,R,U,UDE_RATE,N,I,L,P,N,5,L,21,DR_INT_RE,1,C
SAV1,RULE,30,46,37,1,2026-12-21,L,1,1,10,1,86,EUR,2026-12-21,2026-12-21,N,TAX,RATE_TYP,M,D,P,WDR,RECEIVABLE_GL_355,A,9396,B,V,R,U,UDE_RATE,N,I,L,P,N,17,L,11,DR_INT_RE,1,S
CURR,RULE,19,53,58,1,2026-12-22,L,1,1,10,1,96,BRL,2026-12-22,2026-12-22,Y,TAX,RATE_TYP,M,D,P,TRF,RECEIVABLE_GL_356,A,6649,B,V,R,U,UDE_RATE,Y,I,L,P,Y,9,L,33,DR_INT_RE,1,C
LOAN,RULE,20,42,4,1,2026-12-23,L,1,1,10,1,49,USD,2026-12-23,2026-12-23,N,TAX,RATE_TYP,M,D,P,FEE,RECEIVABLE_GL_357,A,8437,B,V,R,U,UDE_RATE,N,I,L,P,N,25,L,0,DR_INT_RE,1,L
TD01,RULE,13,44,47,1,2026-12-24,L,1,1,10,1,40,PEN,2026-12-24,2026-12-24,N,TAX,RATE_TYP,M,D,P,INT,RECEIVABLE_GL_358,A,1091,B,V,R,U,UDE_RATE,N,I,L,P,N,21,L,4,DR_INT_RE,1,T
CARD,RULE,12,21,78,1,2026-12-25,L,1,1,10,1,16,EUR,2026-12-25,2026-12-25,N,TAX,RATE_TYP,M,D,P,REV,RECEIVABLE_GL_359,A,3647,B,V,R,U,UDE_RATE,N,I,L,P,N,25,L,7,DR_INT_RE,1,C
CLRG,RULE,17,42,29,1,2026-12-26,L,1,1,10,1,52,BRL,2026-12-26,2026-12-26,N,TAX,RATE_TYP,M,D,P,PAY,RECEIVABLE_GL_360,A,8271,B,V,R,U,UDE_RATE,N,I,L,P,N,7,L,2,DR_INT_RE,1,C
SAV1,RULE,19,38,31,1,2026-12-27,L,1,1,10,1,25,USD,2026-12-27,2026-12-27,Y,TAX,RATE_TYP,M,D,P,ATM,RECEIVABLE_GL_361,A,5399,B,V,R,U,UDE_RATE,Y,I,L,P,Y,25,L,10,DR_INT_RE,1,S
CURR,RULE,6,55,7,1,2026-12-28,L,1,1,10,1,8,PEN,2026-12-28,2026-12-28,N,TAX,RATE_TYP,M,D,P,DEP,RECEIVABLE_GL_362,A,4459,B,V,R,U,UDE_RATE,N,I,L,P,N,17,L,25,DR_INT_RE,1,C
LOAN,RULE,27,55,51,1,2026-12-29,L,1,1,10,1,25,EUR,2026-12-29,2026-12-29,N,TAX,RATE_TYP,M,D,P,WDR,RECEIVABLE_GL_363,A,7034,B,V,R,U,UDE_RATE,N,I,L,P,N,11,L,31,DR_INT_RE,1,L
TD01,RULE,10,52,80,1,2026-12-30,L,1,1,10,1,76,BRL,2026-12-30,2026-12-30,N,TAX,RATE_TYP,M,D,P,TRF,RECEIVABLE_GL_364,A,7105,B,V,R,U,UDE_RATE,N,I,L,P,N,17,L,8,DR_INT_RE,1,T
CARD,RULE,5,47,77,1,2026-12-31,L,1,1,10,1,27,USD,2026-12-31,2026-12-31,N,TAX,RATE_TYP,M,D,P,FEE,RECEIVABLE_GL_365,A,7336,B,V,R,U,UDE_RATE,N,I,L,P,N,1,L,30,DR_INT_RE,1,C
CLRG,RULE,24,66,25,1,2026-01-01,L,1,1,10,1,49,PEN,2026-01-01,2026-01-01,Y,TAX,RATE_TYP,M,D,P,INT,RECEIVABLE_GL_366,A,597,B,V,R,U,UDE_RATE,Y,I,L,P,Y,0,L,34,DR_INT_RE,1,C
SAV1,RULE,4,38,79,1,2026-01-02,L,1,1,10,1,19,EUR,2026-01-02,2026-01-02,N,TAX,RATE_TYP,M,D,P,REV,RECEIVABLE_GL_367,A,9892,B,V,R,U,UDE_RATE,N,I,L,P,N,25,L,7,DR_INT_RE,1,S
