PRODUCT_CODE,PRODUCT_DESCRIPTION,PRODUCT_SLOGAN,PRODUCT_REMARKS,PRODUCT_START_DATE,PRODUCT_END_DATE,PRODUCT_GROUP,WAREHOUSE_CODE,PART_OF_PRODUCT,MODULE,RECORD_STAT,AUTH_STAT,ONCE_AUTH,MAKER_ID,MAKER_DT_STAMP,CHECKER_ID,CHECKER_DT_STAMP,MOD_NO,POOL_CODE,NO_OF_LEGS,BRANCHES_LIST,CURRENCIES_LIST,CATEGORIES_LIST,NORMAL_RATE_VARIANCE,MAXIMUM_RATE_VARIANCE,PRODUCT_TYPE,RATE_CODE_PREFERRED,FORMAT_NAME,DEALING_METHOD,RATE_TYPE_PREFERRED,TRACK_PNL_HIST,ECA_ALLOWED,GEN_MT103P,ALLOW_SPLIT_AMOUNTS,RTGS_PRODUCT,SUPPRESS_BV_PMT_MSG,INCLUDE_FOR_TDS_CALC
SAV1,SAV1,SAV1,SAV1,2026-01-01,2026-01-01,SAV1,WAREHO,S,MO,O,U,Y,MAKER_ID_1,2026-01-01,CHECKER_ID_1,2026-01-01,6370,POOL_CODE,0,0,C,C,1.08000,3.84000,SA,R,Form,DEAL,RATE_TYP,T,E,G,A,S,S,I
CURR,CURR,CURR,CURR,2026-01-02,2026-01-02,CURR,WAREHO,C,MO,O,A,Y,MAKER_ID_2,2026-01-02,CHECKER_ID_2,2026-01-02,3215,POOL_CODE,2,0,C,C,1.44000,3.51000,CU,R,Form,DEAL,RATE_TYP,T,E,G,A,C,S,I
LOAN,LOAN,LOAN,LOAN,2026-01-03,2026-01-03,LOAN,WAREHO,L,MO,O,A,Y,MAKER_ID_3,2026-01-03,CHECKER_ID_3,2026-01-03,5417,POOL_CODE,5,0,C,C,3.65000,4.50000,LO,R,Form,DEAL,RATE_TYP,T,E,G,A,L,S,I
TD01,TD01,TD01,TD01,2026-01-04,2026-01-04,TD01,WAREHO,T,MO,O,A,Y,MAKER_ID_4,2026-01-04,CHECKER_ID_4,2026-01-04,8069,POOL_CODE,2,0,C,C,2.88000,1.59000,TD,R,Form,DEAL,RATE_TYP,T,E,G,A,T,S,I
CARD,CARD,CARD,CARD,2026-01-05,2026-01-05,CARD,WAREHO,C,MO,O,A,Y,MAKER_ID_5,2026-01-05,CHECKER_ID_5,2026-01-05,3251,POOL_CODE,9,0,C,C,1.24000,3.26000,CA,R,Form,DEAL,RATE_TYP,T,E,G,A,C,S,I
CLRG,CLRG,CLRG,CLRG,2026-01-06,2026-01-06,CLRG,WAREHO,C,MO,O,A,Y,MAKER_ID_6,2026-01-06,CHECKER_ID_6,2026-01-06,6513,POOL_CODE,1,0,C,C,1.02000,1.02000,CL,R,Form,DEAL,RATE_TYP,T,E,G,A,C,S,I
SAV1,SAV1,SAV1,SAV1,2026-01-07,2026-01-07,SAV1,WAREHO,S,MO,O,A,Y,MAKER_ID_7,2026-01-07,CHECKER_ID_7,2026-01-07,2567,POOL_CODE,5,0,C,C,2.14000,4.07000,SA,R,Form,DEAL,RATE_TYP,T,E,G,A,S,S,I
CURR,CURR,CURR,CURR,2026-01-08,2026-01-08,CURR,WAREHO,C,MO,O,A,Y,MAKER_ID_8,2026-01-08,CHECKER_ID_8,2026-01-08,900,POOL_CODE,5,0,C,C,2.84000,4.38000,CU,R,Form,DEAL,RATE_TYP,T,E,G,A,C,S,I
LOAN,LOAN,LOAN,LOAN,2026-01-09,2026-01-09,LOAN,WAREHO,L,MO,O,A,Y,MAKER_ID_9,2026-01-09,CHECKER_ID_9,2026-01-09,1853,POOL_CODE,1,0,C,C,2.40000,2.80000,LO,R,Form,DEAL,RATE_TYP,T,E,G,A,L,S,I
TD01,TD01,TD01,TD01,2026-01-10,2026-01-10,TD01,WAREHO,T,MO,O,A,Y,MAKER_ID_10,2026-01-10,CHECKER_ID_1,2026-01-10,6997,POOL_CODE,3,0,C,C,2.49000,1.47000,TD,R,Form,DEAL,RATE_TYP,T,E,G,A,T,S,I
CARD,CARD,CARD,CARD,2026-01-11,2026-01-11,CARD,WAREHO,C,MO,O,A,Y,MAKER_ID_11,2026-01-11,CHECKER_ID_1,2026-01-11,6175,POOL_CODE,6,0,C,C,2.38000,2.93000,CA,R,Form,DEAL,RATE_TYP,T,E,G,A,C,S,I
CLRG,CLRG,CLRG,CLRG,2026-01-12,2026-01-12,CLRG,WAREHO,C,MO,O,A,Y,MAKER_ID_12,2026-01-12,CHECKER_ID_1,2026-01-12,580,POOL_CODE,1,0,C,C,4.46000,4.21000,CL,R,Form,DEAL,RATE_TYP,T,E,G,A,C,S,I
SAV1,SAV1,SAV1,SAV1,2026-01-13,2026-01-13,SAV1,WAREHO,S,MO,O,A,Y,MAKER_ID_13,2026-01-13,CHECKER_ID_1,2026-01-13,7281,POOL_CODE,3,0,C,C,2.75000,1.07000,SA,R,Form,DEAL,RATE_TYP,T,E,G,A,S,S,I
CURR,CURR,CURR,CURR,2026-01-14,2026-01-14,CURR,WAREHO,C,MO,O,A,Y,MAKER_ID_14,2026-01-14,CHECKER_ID_1,2026-01-14,808,POOL_CODE,3,0,C,C,1.61000,3.82000,CU,R,Form,DEAL,RATE_TYP,T,E,G,A,C,S,I
LOAN,LOAN,LOAN,LOAN,2026-01-15,2026-01-15,LOAN,WAREHO,L,MO,O,A,Y,MAKER_ID_15,2026-01-15,CHECKER_ID_1,2026-01-15,6553,POOL_CODE,8,0,C,C,3.13000,2.57000,LO,R,Form,DEAL,RATE_TYP,T,E,G,A,L,S,I
TD01,TD01,TD01,TD01,2026-01-16,2026-01-16,TD01,WAREHO,T,MO,O,A,Y,MAKER_ID_16,2026-01-16,CHECKER_ID_1,2026-01-16,7147,POOL_CODE,4,0,C,C,1.37000,3.92000,TD,R,Form,DEAL,RATE_TYP,T,E,G,A,T,S,I
CARD,CARD,CARD,CARD,2026-01-17,2026-01-17,CARD,WAREHO,C,MO,O,A,Y,MAKER_ID_17,2026-01-17,CHECKER_ID_1,2026-01-17,5832,POOL_CODE,6,0,C,C,4.42000,2.96000,CA,R,Form,DEAL,RATE_TYP,T,E,G,A,C,S,I
CLRG,CLRG,CLRG,CLRG,2026-01-18,2026-01-18,CLRG,WAREHO,C,MO,O,A,Y,MAKER_ID_18,2026-01-18,CHECKER_ID_1,2026-01-18,6614,POOL_CODE,9,0,C,C,4.33000,3.53000,CL,R,Form,DEAL,RATE_TYP,T,E,G,A,C,S,I
SAV1,SAV1,SAV1,SAV1,2026-01-19,2026-01-19,SAV1,WAREHO,S,MO,O,A,Y,MAKER_ID_19,2026-01-19,CHECKER_ID_1,2026-01-19,6598,POOL_CODE,3,0,C,C,1.41000,1.16000,SA,R,Form,DEAL,RATE_TYP,T,E,G,A,S,S,I
CURR,CURR,CURR,CURR,2026-01-20,2026-01-20,CURR,WAREHO,C,MO,O,A,Y,MAKER_ID_20,2026-01-20,CHECKER_ID_2,2026-01-20,7746,POOL_CODE,2,0,C,C,0.89000,1.15000,CU,R,Form,DEAL,RATE_TYP,T,E,G,A,C,S,I
LOAN,LOAN,LOAN,LOAN,2026-01-21,2026-01-21,LOAN,WAREHO,L,MO,O,A,Y,MAKER_ID_21,2026-01-21,CHECKER_ID_2,2026-01-21,4051,POOL_CODE,2,0,C,C,1.91000,2.49000,LO,R,Form,DEAL,RATE_TYP,T,E,G,A,L,S,I
TD01,TD01,TD01,TD01,2026-01-22,2026-01-22,TD01,WAREHO,T,MO,O,A,Y,MAKER_ID_22,2026-01-22,CHECKER_ID_2,2026-01-22,3623,POOL_CODE,8,0,C,C,0.90000,3.99000,TD,R,Form,DEAL,RATE_TYP,T,E,G,A,T,S,I
CARD,CARD,CARD,CARD,2026-01-23,2026-01-23,CARD,WAREHO,C,MO,O,A,Y,MAKER_ID_23,2026-01-23,CHECKER_ID_2,2026-01-23,1783,POOL_CODE,2,0,C,C,4.24000,1.19000,CA,R,Form,DEAL,RATE_TYP,T,E,G,A,C,S,I
CLRG,CLRG,CLRG,CLRG,2026-01-24,2026-01-24,CLRG,WAREHO,C,MO,O,U,Y,MAKER_ID_24,2026-01-24,CHECKER_ID_2,2026-01-24,3503,POOL_CODE,9,0,C,C,2.77000,1.97000,CL,R,Form,DEAL,RATE_TYP,T,E,G,A,C,S,I
SAV1,SAV1,SAV1,SAV1,2026-01-25,2026-01-25,SAV1,WAREHO,S,MO,O,A,Y,MAKER_ID_25,2026-01-25,CHECKER_ID_2,2026-01-25,4917,POOL_CODE,8,0,C,C,1.52000,0.89000,SA,R,Form,DEAL,RATE_TYP,T,E,G,A,S,S,I
CURR,CURR,CURR,CURR,2026-01-26,2026-01-26,CURR,WAREHO,C,MO,O,A,Y,MAKER_ID_26,2026-01-26,CHECKER_ID_2,2026-01-26,6032,POOL_CODE,5,0,C,C,1.84000,1.43000,CU,R,Form,DEAL,RATE_TYP,T,E,G,A,C,S,I
LOAN,LOAN,LOAN,LOAN,2026-01-27,2026-01-27,LOAN,WAREHO,L,MO,O,A,Y,MAKER_ID_27,2026-01-27,CHECKER_ID_2,2026-01-27,7730,POOL_CODE,2,0,C,C,1.58000,0.99000,LO,R,Form,DEAL,RATE_TYP,T,E,G,A,L,S,I
TD01,TD01,TD01,TD01,2026-01-28,2026-01-28,TD01,WAREHO,T,MO,O,A,Y,MAKER_ID_28,2026-01-28,CHECKER_ID_2,2026-01-28,2637,POOL_CODE,4,0,C,C,2.89000,2.36000,TD,R,Form,DEAL,RATE_TYP,T,E,G,A,T,S,I
CARD,CARD,CARD,CARD,2026-01-29,2026-01-29,CARD,WAREHO,C,MO,O,A,Y,MAKER_ID_29,2026-01-29,CHECKER_ID_2,2026-01-29,6133,POOL_CODE,9,0,C,C,4.13000,2.90000,CA,R,Form,DEAL,RATE_TYP,T,E,G,A,C,S,I
CLRG,CLRG,CLRG,CLRG,2026-01-30,2026-01-30,CLRG,WAREHO,C,MO,O,A,Y,MAKER_ID_30,2026-01-30,CHECKER_ID_3,2026-01-30,3847,POOL_CODE,0,0,C,C,3.79000,2.74000,CL,R,Form,DEAL,RATE_TYP,T,E,G,A,C,S,I
SAV1,SAV1,SAV1,SAV1,2026-01-31,2026-01-31,SAV1,WAREHO,S,MO,O,A,Y,MAKER_ID_31,2026-01-31,CHECKER_ID_3,2026-01-31,8548,POOL_CODE,5,0,C,C,1.79000,1.68000,SA,R,Form,DEAL,RATE_TYP,T,E,G,A,S,S,I
CURR,CURR,CURR,CURR,2026-02-01,2026-02-01,CURR,WAREHO,C,MO,O,A,Y,MAKER_ID_32,2026-02-01,CHECKER_ID_3,2026-02-01,7488,POOL_CODE,4,0,C,C,2.32000,3.73000,CU,R,Form,DEAL,RATE_TYP,T,E,G,A,C,S,I
LOAN,LOAN,LOAN,LOAN,2026-02-02,2026-02-02,LOAN,WAREHO,L,MO,O,A,Y,MAKER_ID_33,2026-02-02,CHECKER_ID_3,2026-02-02,5595,POOL_CODE,0,0,C,C,4.20000,4.25000,LO,R,Form,DEAL,RATE_TYP,T,E,G,A,L,S,I
TD01,TD01,TD01,TD01,2026-02-03,2026-02-03,TD01,WAREHO,T,MO,O,A,Y,MAKER_ID_34,2026-02-03,CHECKER_ID_3,2026-02-03,9472,POOL_CODE,1,0,C,C,2.82000,4.15000,TD,R,Form,DEAL,RATE_TYP,T,E,G,A,T,S,I
CARD,CARD,CARD,CARD,2026-02-04,2026-02-04,CARD,WAREHO,C,MO,O,A,Y,MAKER_ID_35,2026-02-04,CHECKER_ID_3,2026-02-04,6040,POOL_CODE,6,0,C,C,1.59000,3.13000,CA,R,Form,DEAL,RATE_TYP,T,E,G,A,C,S,I
CLRG,CLRG,CLRG,CLRG,2026-02-05,2026-02-05,CLRG,WAREHO,C,MO,O,A,Y,MAKER_ID_36,2026-02-05,CHECKER_ID_3,2026-02-05,3696,POOL_CODE,8,0,C,C,0.83000,2.14000,CL,R,Form,DEAL,RATE_TYP,T,E,G,A,C,S,I
SAV1,SAV1,SAV1,SAV1,2026-02-06,2026-02-06,SAV1,WAREHO,S,MO,O,A,Y,MAKER_ID_37,2026-02-06,CHECKER_ID_3,2026-02-06,9146,POOL_CODE,0,0,C,C,1.92000,1.10000,SA,R,Form,DEAL,RATE_TYP,T,E,G,A,S,S,I
CURR,CURR,CURR,CURR,2026-02-07,2026-02-07,CURR,WAREHO,C,MO,O,A,Y,MAKER_ID_38,2026-02-07,CHECKER_ID_3,2026-02-07,5536,POOL_CODE,9,0,C,C,3.10000,2.98000,CU,R,Form,DEAL,RATE_TYP,T,E,G,A,C,S,I
LOAN,LOAN,LOAN,LOAN,2026-02-08,2026-02-08,LOAN,WAREHO,L,MO,O,A,Y,MAKER_ID_39,2026-02-08,CHECKER_ID_3,2026-02-08,1046,POOL_CODE,9,0,C,C,1.46000,2.84000,LO,R,Form,DEAL,RATE_TYP,T,E,G,A,L,S,I
TD01,TD01,TD01,TD01,2026-02-09,2026-02-09,TD01,WAREHO,T,MO,O,A,Y,MAKER_ID_40,2026-02-09,CHECKER_ID_4,2026-02-09,8275,POOL_CODE,2,0,C,C,4.35000,3.97000,TD,R,Form,DEAL,RATE_TYP,T,E,G,A,T,S,I
CARD,CARD,CARD,CARD,2026-02-10,2026-02-10,CARD,WAREHO,C,MO,O,A,Y,MAKER_ID_41,2026-02-10,CHECKER_ID_4,2026-02-10,5946,POOL_CODE,7,0,C,C,3.54000,4.12000,CA,R,Form,DEAL,RATE_TYP,T,E,G,A,C,S,I
CLRG,CLRG,CLRG,CLRG,2026-02-11,2026-02-11,CLRG,WAREHO,C,MO,O,A,Y,MAKER_ID_42,2026-02-11,CHECKER_ID_4,2026-02-11,9750,POOL_CODE,5,0,C,C,1.69000,3.82000,CL,R,Form,DEAL,RATE_TYP,T,E,G,A,C,S,I
SAV1,SAV1,SAV1,SAV1,2026-02-12,2026-02-12,SAV1,WAREHO,S,MO,O,A,Y,MAKER_ID_43,2026-02-12,CHECKER_ID_4,2026-02-12,1670,POOL_CODE,7,0,C,C,2.44000,1.49000,SA,R,Form,DEAL,RATE_TYP,T,E,G,A,S,S,I
CURR,CURR,CURR,CURR,2026-02-13,2026-02-13,CURR,WAREHO,C,MO,O,A,Y,MAKER_ID_44,2026-02-13,CHECKER_ID_4,2026-02-13,4994,POOL_CODE,9,0,C,C,4.33000,3.64000,CU,R,Form,DEAL,RATE_TYP,T,E,G,A,C,S,I
LOAN,LOAN,LOAN,LOAN,2026-02-14,2026-02-14,LOAN,WAREHO,L,MO,O,A,Y,MAKER_ID_45,2026-02-14,CHECKER_ID_4,2026-02-14,6437,POOL_CODE,0,0,C,C,3.01000,3.44000,LO,R,Form,DEAL,RATE_TYP,T,E,G,A,L,S,I
TD01,TD01,TD01,TD01,2026-02-15,2026-02-15,TD01,WAREHO,T,MO,O,A,Y,MAKER_ID_46,2026-02-15,CHECKER_ID_4,2026-02-15,2721,POOL_CODE,6,0,C,C,1.77000,4.02000,TD,R,Form,DEAL,RATE_TYP,T,E,G,A,T,S,I
CARD,CARD,CARD,CARD,2026-02-16,2026-02-16,CARD,WAREHO,C,MO,O,U,Y,MAKER_ID_47,2026-02-16,CHECKER_ID_4,2026-02-16,7526,POOL_CODE,5,0,C,C,1.74000,1.93000,CA,R,Form,DEAL,RATE_TYP,T,E,G,A,C,S,I
CLRG,CLRG,CLRG,CLRG,2026-02-17,2026-02-17,CLRG,WAREHO,C,MO,O,A,Y,MAKER_ID_48,2026-02-17,CHECKER_ID_4,2026-02-17,9401,POOL_CODE,7,0,C,C,1.36000,2.69000,CL,R,Form,DEAL,RATE_TYP,T,E,G,A,C,S,I
SAV1,SAV1,SAV1,SAV1,2026-02-18,2026-02-18,SAV1,WAREHO,S,MO,O,A,Y,MAKER_ID_49,2026-02-18,CHECKER_ID_4,2026-02-18,7289,POOL_CODE,2,0,C,C,1.75000,1.08000,SA,R,Form,DEAL,RATE_TYP,T,E,G,A,S,S,I
CURR,CURR,CURR,CURR,2026-02-19,2026-02-19,CURR,WAREHO,C,MO,O,A,Y,MAKER_ID_50,2026-02-19,CHECKER_ID_5,2026-02-19,8495,POOL_CODE,4,0,C,C,4.21000,4.03000,CU,R,Form,DEAL,RATE_TYP,T,E,G,A,C,S,I
LOAN,LOAN,LOAN,LOAN,2026-02-20,2026-02-20,LOAN,WAREHO,L,MO,O,A,Y,MAKER_ID_51,2026-02-20,CHECKER_ID_5,2026-02-20,4066,POOL_CODE,9,0,C,C,2.70000,1.78000,LO,R,Form,DEAL,RATE_TYP,T,E,G,A,L,S,I
TD01,TD01,TD01,TD01,2026-02-21,2026-02-21,TD01,WAREHO,T,MO,O,A,Y,MAKER_ID_52,2026-02-21,CHECKER_ID_5,2026-02-21,1208,POOL_CODE,6,0,C,C,1.48000,4.33000,TD,R,Form,DEAL,RATE_TYP,T,E,G,A,T,S,I
CARD,CARD,CARD,CARD,2026-02-22,2026-02-22,CARD,WAREHO,C,MO,O,A,Y,MAKER_ID_53,2026-02-22,CHECKER_ID_5,2026-02-22,6896,POOL_CODE,2,0,C,C,1.99000,2.60000,CA,R,Form,DEAL,RATE_TYP,T,E,G,A,C,S,I
CLRG,CLRG,CLRG,CLRG,2026-02-23,2026-02-23,CLRG,WAREHO,C,MO,O,A,Y,MAKER_ID_54,2026-02-23,CHECKER_ID_5,2026-02-23,7686,POOL_CODE,4,0,C,C,2.54000,3.44000,CL,R,Form,DEAL,RATE_TYP,T,E,G,A,C,S,I
SAV1,SAV1,SAV1,SAV1,2026-02-24,2026-02-24,SAV1,WAREHO,S,MO,O,A,Y,MAKER_ID_55,2026-02-24,CHECKER_ID_5,2026-02-24,523,POOL_CODE,3,0,C,C,4.35000,4.41000,SA,R,Form,DEAL,RATE_TYP,T,E,G,A,S,S,I
CURR,CURR,CURR,CURR,2026-02-25,2026-02-25,CURR,WAREHO,C,MO,O,A,Y,MAKER_ID_56,2026-02-25,CHECKER_ID_5,2026-02-25,6897,POOL_CODE,3,0,C,C,4.40000,1.86000,CU,R,Form,DEAL,RATE_TYP,T,E,G,A,C,S,I
LOAN,LOAN,LOAN,LOAN,2026-02-26,2026-02-26,LOAN,WAREHO,L,MO,O,A,Y,MAKER_ID_57,2026-02-26,CHECKER_ID_5,2026-02-26,3875,POOL_CODE,3,0,C,C,2.04000,3.23000,LO,R,Form,DEAL,RATE_TYP,T,E,G,A,L,S,I
TD01,TD01,TD01,TD01,2026-02-27,2026-02-27,TD01,WAREHO,T,MO,O,A,Y,MAKER_ID_58,2026-02-27,CHECKER_ID_5,2026-02-27,1840,POOL_CODE,6,0,C,C,2.31000,2.02000,TD,R,Form,DEAL,RATE_TYP,T,E,G,A,T,S,I
CARD,CARD,CARD,CARD,2026-02-28,2026-02-28,CARD,WAREHO,C,MO,O,A,Y,MAKER_ID_59,2026-02-28,CHECKER_ID_5,2026-02-28,9006,POOL_CODE,5,0,C,C,3.61000,1.48000,CA,R,Form,DEAL,RATE_TYP,T,E,G,A,C,S,I
CLRG,CLRG,CLRG,CLRG,2026-03-01,2026-03-01,CLRG,WAREHO,C,MO,O,A,Y,MAKER_ID_60,2026-03-01,CHECKER_ID_6,2026-03-01,7346,POOL_CODE,7,0,C,C,1.34000,3.70000,CL,R,Form,DEAL,RATE_TYP,T,E,G,A,C,S,I
SAV1,SAV1,SAV1,SAV1,2026-03-02,2026-03-02,SAV1,WAREHO,S,MO,O,A,Y,MAKER_ID_61,2026-03-02,CHECKER_ID_6,2026-03-02,8305,POOL_CODE,2,0,C,C,2.30000,1.00000,SA,R,Form,DEAL,RATE_TYP,T,E,G,A,S,S,I
CURR,CURR,CURR,CURR,2026-03-03,2026-03-03,CURR,WAREHO,C,MO,O,A,Y,MAKER_ID_62,2026-03-03,CHECKER_ID_6,2026-03-03,9547,POOL_CODE,4,0,C,C,1.30000,1.57000,CU,R,Form,DEAL,RATE_TYP,T,E,G,A,C,S,I
LOAN,LOAN,LOAN,LOAN,2026-03-04,2026-03-04,LOAN,WAREHO,L,MO,O,A,Y,MAKER_ID_63,2026-03-04,CHECKER_ID_6,2026-03-04,7008,POOL_CODE,9,0,C,C,1.38000,0.93000,LO,R,Form,DEAL,RATE_TYP,T,E,G,A,L,S,I
TD01,TD01,TD01,TD01,2026-03-05,2026-03-05,TD01,WAREHO,T,MO,O,A,Y,MAKER_ID_64,2026-03-05,CHECKER_ID_6,2026-03-05,570,POOL_CODE,1,0,C,C,4.43000,1.50000,TD,R,Form,DEAL,RATE_TYP,T,E,G,A,T,S,I
CARD,CARD,CARD,CARD,2026-03-06,2026-03-06,CARD,WAREHO,C,MO,O,A,Y,MAKER_ID_65,2026-03-06,CHECKER_ID_6,2026-03-06,1816,POOL_CODE,3,0,C,C,1.33000,1.64000,CA,R,Form,DEAL,RATE_TYP,T,E,G,A,C,S,I
CLRG,CLRG,CLRG,CLRG,2026-03-07,2026-03-07,CLRG,WAREHO,C,MO,O,A,Y,MAKER_ID_66,2026-03-07,CHECKER_ID_6,2026-03-07,7198,POOL_CODE,1,0,C,C,2.64000,1.13000,CL,R,Form,DEAL,RATE_TYP,T,E,G,A,C,S,I
SAV1,SAV1,SAV1,SAV1,2026-03-08,2026-03-08,SAV1,WAREHO,S,MO,O,A,Y,MAKER_ID_67,2026-03-08,CHECKER_ID_6,2026-03-08,6192,POOL_CODE,0,0,C,C,4.00000,1.83000,SA,R,Form,DEAL,RATE_TYP,T,E,G,A,S,S,I
CURR,CURR,CURR,CURR,2026-03-09,2026-03-09,CURR,WAREHO,C,MO,O,A,Y,MAKER_ID_68,2026-03-09,CHECKER_ID_6,2026-03-09,7327,POOL_CODE,5,0,C,C,3.66000,0.92000,CU,R,Form,DEAL,RATE_TYP,T,E,G,A,C,S,I
LOAN,LOAN,LOAN,LOAN,2026-03-10,2026-03-10,LOAN,WAREHO,L,MO,O,A,Y,MAKER_ID_69,2026-03-10,CHECKER_ID_6,2026-03-10,291,POOL_CODE,4,0,C,C,3.84000,2.46000,LO,R,Form,DEAL,RATE_TYP,T,E,G,A,L,S,I
TD01,TD01,TD01,TD01,2026-03-11,2026-03-11,TD01,WAREHO,T,MO,O,U,Y,MAKER_ID_70,2026-03-11,CHECKER_ID_7,2026-03-11,5277,POOL_CODE,5,0,C,C,2.45000,1.14000,TD,R,Form,DEAL,RATE_TYP,T,E,G,A,T,S,I
CARD,CARD,CARD,CARD,2026-03-12,2026-03-12,CARD,WAREHO,C,MO,O,A,Y,MAKER_ID_71,2026-03-12,CHECKER_ID_7,2026-03-12,2914,POOL_CODE,5,0,C,C,2.08000,1.23000,CA,R,Form,DEAL,RATE_TYP,T,E,G,A,C,S,I
CLRG,CLRG,CLRG,CLRG,2026-03-13,2026-03-13,CLRG,WAREHO,C,MO,O,A,Y,MAKER_ID_72,2026-03-13,CHECKER_ID_7,2026-03-13,9082,POOL_CODE,1,0,C,C,1.21000,1.43000,CL,R,Form,DEAL,RATE_TYP,T,E,G,A,C,S,I
SAV1,SAV1,SAV1,SAV1,2026-03-14,2026-03-14,SAV1,WAREHO,S,MO,O,A,Y,MAKER_ID_73,2026-03-14,CHECKER_ID_7,2026-03-14,7397,POOL_CODE,3,0,C,C,2.80000,4.17000,SA,R,Form,DEAL,RATE_TYP,T,E,G,A,S,S,I
CURR,CURR,CURR,CURR,2026-03-15,2026-03-15,CURR,WAREHO,C,MO,O,A,Y,MAKER_ID_74,2026-03-15,CHECKER_ID_7,2026-03-15,8926,POOL_CODE,1,0,C,C,3.30000,3.13000,CU,R,Form,DEAL,RATE_TYP,T,E,G,A,C,S,I
LOAN,LOAN,LOAN,LOAN,2026-03-16,2026-03-16,LOAN,WAREHO,L,MO,O,A,Y,MAKER_ID_75,2026-03-16,CHECKER_ID_7,2026-03-16,9919,POOL_CODE,4,0,C,C,1.58000,1.53000,LO,R,Form,DEAL,RATE_TYP,T,E,G,A,L,S,I
TD01,TD01,TD01,TD01,2026-03-17,2026-03-17,TD01,WAREHO,T,MO,O,A,Y,MAKER_ID_76,2026-03-17,CHECKER_ID_7,2026-03-17,6297,POOL_CODE,5,0,C,C,3.51000,1.53000,TD,R,Form,DEAL,RATE_TYP,T,E,G,A,T,S,I
CARD,CARD,CARD,CARD,2026-03-18,2026-03-18,CARD,WAREHO,C,MO,O,A,Y,MAKER_ID_77,2026-03-18,CHECKER_ID_7,2026-03-18,7143,POOL_CODE,7,0,C,C,1.62000,2.15000,CA,R,Form,DEAL,RATE_TYP,T,E,G,A,C,S,I
CLRG,CLRG,CLRG,CLRG,2026-03-19,2026-03-19,CLRG,WAREHO,C,MO,O,A,Y,MAKER_ID_78,2026-03-19,CHECKER_ID_7,2026-03-19,7208,POOL_CODE,3,0,C,C,1.31000,0.82000,CL,R,Form,DEAL,RATE_TYP,T,E,G,A,C,S,I
SAV1,SAV1,SAV1,SAV1,2026-03-20,2026-03-20,SAV1,WAREHO,S,MO,O,A,Y,MAKER_ID_79,2026-03-20,CHECKER_ID_7,2026-03-20,3395,POOL_CODE,9,0,C,C,4.48000,0.97000,SA,R,Form,DEAL,RATE_TYP,T,E,G,A,S,S,I
CURR,CURR,CURR,CURR,2026-03-21,2026-03-21,CURR,WAREHO,C,MO,O,A,Y,MAKER_ID_80,2026-03-21,CHECKER_ID_8,2026-03-21,4473,POOL_CODE,8,0,C,C,3.30000,1.83000,CU,R,Form,DEAL,RATE_TYP,T,E,G,A,C,S,I
LOAN,LOAN,LOAN,LOAN,2026-03-22,2026-03-22,LOAN,WAREHO,L,MO,O,A,Y,MAKER_ID_81,2026-03-22,CHECKER_ID_8,2026-03-22,299,POOL_CODE,2,0,C,C,3.20000,2.03000,LO,R,Form,DEAL,RATE_TYP,T,E,G,A,L,S,I
TD01,TD01,TD01,TD01,2026-03-23,2026-03-23,TD01,WAREHO,T,MO,O,A,Y,MAKER_ID_82,2026-03-23,CHECKER_ID_8,2026-03-23,7559,POOL_CODE,3,0,C,C,4.41000,2.80000,TD,R,Form,DEAL,RATE_TYP,T,E,G,A,T,S,I
CARD,CARD,CARD,CARD,2026-03-24,2026-03-24,CARD,WAREHO,C,MO,O,A,Y,MAKER_ID_83,2026-03-24,CHECKER_ID_8,2026-03-24,5651,POOL_CODE,0,0,C,C,1.87000,0.93000,CA,R,Form,DEAL,RATE_TYP,T,E,G,A,C,S,I
CLRG,CLRG,CLRG,CLRG,2026-03-25,2026-03-25,CLRG,WAREHO,C,MO,O,A,Y,MAKER_ID_84,2026-03-25,CHECKER_ID_8,2026-03-25,3366,POOL_CODE,0,0,C,C,3.56000,2.61000,CL,R,Form,DEAL,RATE_TYP,T,E,G,A,C,S,I
SAV1,SAV1,SAV1,SAV1,2026-03-26,2026-03-26,SAV1,WAREHO,S,MO,O,A,Y,MAKER_ID_85,2026-03-26,CHECKER_ID_8,2026-03-26,1772,POOL_CODE,5,0,C,C,1.39000,2.59000,SA,R,Form,DEAL,RATE_TYP,T,E,G,A,S,S,I
CURR,CURR,CURR,CURR,2026-03-27,2026-03-27,CURR,WAREHO,C,MO,O,A,Y,MAKER_ID_86,2026-03-27,CHECKER_ID_8,2026-03-27,6104,POOL_CODE,1,0,C,C,1.46000,2.16000,CU,R,Form,DEAL,RATE_TYP,T,E,G,A,C,S,I
LOAN,LOAN,LOAN,LOAN,2026-03-28,2026-03-28,LOAN,WAREHO,L,MO,O,A,Y,MAKER_ID_87,2026-03-28,CHECKER_ID_8,2026-03-28,5006,POOL_CODE,7,0,C,C,3.52000,1.03000,LO,R,Form,DEAL,RATE_TYP,T,E,G,A,L,S,I
TD01,TD01,TD01,TD01,2026-03-29,2026-03-29,TD01,WAREHO,T,MO,O,A,Y,MAKER_ID_88,2026-03-29,CHECKER_ID_8,2026-03-29,3251,POOL_CODE,5,0,C,C,1.01000,2.88000,TD,R,Form,DEAL,RATE_TYP,T,E,G,A,T,S,I
CARD,CARD,CARD,CARD,2026-03-30,2026-03-30,CARD,WAREHO,C,MO,O,A,Y,MAKER_ID_89,2026-03-30,CHECKER_ID_8,2026-03-30,7564,POOL_CODE,2,0,C,C,4.28000,4.42000,CA,R,Form,DEAL,RATE_TYP,T,E,G,A,C,S,I
CLRG,CLRG,CLRG,CLRG,2026-03-31,2026-03-31,CLRG,WAREHO,C,MO,O,A,Y,MAKER_ID_90,2026-03-31,CHECKER_ID_9,2026-03-31,4163,POOL_CODE,1,0,C,C,3.64000,1.93000,CL,R,Form,DEAL,RATE_TYP,T,E,G,A,C,S,I
SAV1,SAV1,SAV1,SAV1,2026-04-01,2026-04-01,SAV1,WAREHO,S,MO,O,A,Y,MAKER_ID_91,2026-04-01,CHECKER_ID_9,2026-04-01,1246,POOL_CODE,7,0,C,C,4.04000,0.85000,SA,R,Form,DEAL,RATE_TYP,T,E,G,A,S,S,I
CURR,CURR,CURR,CURR,2026-04-02,2026-04-02,CURR,WAREHO,C,MO,O,A,Y,MAKER_ID_92,2026-04-02,CHECKER_ID_9,2026-04-02,8954,POOL_CODE,6,0,C,C,3.26000,4.04000,CU,R,Form,DEAL,RATE_TYP,T,E,G,A,C,S,I
LOAN,LOAN,LOAN,LOAN,2026-04-03,2026-04-03,LOAN,WAREHO,L,MO,O,U,Y,MAKER_ID_93,2026-04-03,CHECKER_ID_9,2026-04-03,4692,POOL_CODE,9,0,C,C,0.83000,3.47000,LO,R,Form,DEAL,RATE_TYP,T,E,G,A,L,S,I
TD01,TD01,TD01,TD01,2026-04-04,2026-04-04,TD01,WAREHO,T,MO,O,A,Y,MAKER_ID_94,2026-04-04,CHECKER_ID_9,2026-04-04,1875,POOL_CODE,3,0,C,C,1.74000,4.30000,TD,R,Form,DEAL,RATE_TYP,T,E,G,A,T,S,I
CARD,CARD,CARD,CARD,2026-04-05,2026-04-05,CARD,WAREHO,C,MO,O,A,Y,MAKER_ID_95,2026-04-05,CHECKER_ID_9,2026-04-05,4631,POOL_CODE,5,0,C,C,4.08000,1.40000,CA,R,Form,DEAL,RATE_TYP,T,E,G,A,C,S,I
CLRG,CLRG,CLRG,CLRG,2026-04-06,2026-04-06,CLRG,WAREHO,C,MO,O,A,Y,MAKER_ID_96,2026-04-06,CHECKER_ID_9,2026-04-06,5739,POOL_CODE,1,0,C,C,2.91000,3.51000,CL,R,Form,DEAL,RATE_TYP,T,E,G,A,C,S,I
SAV1,SAV1,SAV1,SAV1,2026-04-07,2026-04-07,SAV1,WAREHO,S,MO,O,A,Y,MAKER_ID_97,2026-04-07,CHECKER_ID_9,2026-04-07,1393,POOL_CODE,5,0,C,C,2.35000,1.82000,SA,R,Form,DEAL,RATE_TYP,T,E,G,A,S,S,I
CURR,CURR,CURR,CURR,2026-04-08,2026-04-08,CURR,WAREHO,C,MO,O,A,Y,MAKER_ID_98,2026-04-08,CHECKER_ID_9,2026-04-08,1785,POOL_CODE,5,0,C,C,3.83000,3.74000,CU,R,Form,DEAL,RATE_TYP,T,E,G,A,C,S,I
LOAN,LOAN,LOAN,LOAN,2026-04-09,2026-04-09,LOAN,WAREHO,L,MO,O,A,Y,MAKER_ID_99,2026-04-09,CHECKER_ID_9,2026-04-09,3696,POOL_CODE,4,0,C,C,3.84000,4.45000,LO,R,Form,DEAL,RATE_TYP,T,E,G,A,L,S,I
TD01,TD01,TD01,TD01,2026-04-10,2026-04-10,TD01,WAREHO,T,MO,O,A,Y,MAKER_ID_100,2026-04-10,CHECKER_ID_1,2026-04-10,7361,POOL_CODE,4,0,C,C,1.37000,3.29000,TD,R,Form,DEAL,RATE_TYP,T,E,G,A,T,S,I
CARD,CARD,CARD,CARD,2026-04-11,2026-04-11,CARD,WAREHO,C,MO,O,A,Y,MAKER_ID_101,2026-04-11,CHECKER_ID_1,2026-04-11,2746,POOL_CODE,5,0,C,C,3.86000,4.20000,CA,R,Form,DEAL,RATE_TYP,T,E,G,A,C,S,I
CLRG,CLRG,CLRG,CLRG,2026-04-12,2026-04-12,CLRG,WAREHO,C,MO,O,A,Y,MAKER_ID_102,2026-04-12,CHECKER_ID_1,2026-04-12,3863,POOL_CODE,1,0,C,C,2.62000,2.09000,CL,R,Form,DEAL,RATE_TYP,T,E,G,A,C,S,I
SAV1,SAV1,SAV1,SAV1,2026-04-13,2026-04-13,SAV1,WAREHO,S,MO,O,A,Y,MAKER_ID_103,2026-04-13,CHECKER_ID_1,2026-04-13,9560,POOL_CODE,1,0,C,C,0.92000,1.88000,SA,R,Form,DEAL,RATE_TYP,T,E,G,A,S,S,I
CURR,CURR,CURR,CURR,2026-04-14,2026-04-14,CURR,WAREHO,C,MO,O,A,Y,MAKER_ID_104,2026-04-14,CHECKER_ID_1,2026-04-14,360,POOL_CODE,8,0,C,C,1.91000,4.45000,CU,R,Form,DEAL,RATE_TYP,T,E,G,A,C,S,I
LOAN,LOAN,LOAN,LOAN,2026-04-15,2026-04-15,LOAN,WAREHO,L,MO,O,A,Y,MAKER_ID_105,2026-04-15,CHECKER_ID_1,2026-04-15,1200,POOL_CODE,4,0,C,C,2.91000,4.45000,LO,R,Form,DEAL,RATE_TYP,T,E,G,A,L,S,I
TD01,TD01,TD01,TD01,2026-04-16,2026-04-16,TD01,WAREHO,T,MO,O,A,Y,MAKER_ID_106,2026-04-16,CHECKER_ID_1,2026-04-16,9481,POOL_CODE,2,0,C,C,2.82000,2.90000,TD,R,Form,DEAL,RATE_TYP,T,E,G,A,T,S,I
CARD,CARD,CARD,CARD,2026-04-17,2026-04-17,CARD,WAREHO,C,MO,O,A,Y,MAKER_ID_107,2026-04-17,CHECKER_ID_1,2026-04-17,7737,POOL_CODE,2,0,C,C,2.56000,1.41000,CA,R,Form,DEAL,RATE_TYP,T,E,G,A,C,S,I
CLRG,CLRG,CLRG,CLRG,2026-04-18,2026-04-18,CLRG,WAREHO,C,MO,O,A,Y,MAKER_ID_108,2026-04-18,CHECKER_ID_1,2026-04-18,4331,POOL_CODE,2,0,C,C,3.88000,3.57000,CL,R,Form,DEAL,RATE_TYP,T,E,G,A,C,S,I
SAV1,SAV1,SAV1,SAV1,2026-04-19,2026-04-19,SAV1,WAREHO,S,MO,O,A,Y,MAKER_ID_109,2026-04-19,CHECKER_ID_1,2026-04-19,3981,POOL_CODE,7,0,C,C,0.84000,3.37000,SA,R,Form,DEAL,RATE_TYP,T,E,G,A,S,S,I
CURR,CURR,CURR,CURR,2026-04-20,2026-04-20,CURR,WAREHO,C,MO,O,A,Y,MAKER_ID_110,2026-04-20,CHECKER_ID_1,2026-04-20,7982,POOL_CODE,9,0,C,C,1.70000,2.28000,CU,R,Form,DEAL,RATE_TYP,T,E,G,A,C,S,I
LOAN,LOAN,LOAN,LOAN,2026-04-21,2026-04-21,LOAN,WAREHO,L,MO,O,A,Y,MAKER_ID_111,2026-04-21,CHECKER_ID_1,2026-04-21,6266,POOL_CODE,8,0,C,C,4.46000,3.88000,LO,R,Form,DEAL,RATE_TYP,T,E,G,A,L,S,I
TD01,TD01,TD01,TD01,2026-04-22,2026-04-22,TD01,WAREHO,T,MO,O,A,Y,MAKER_ID_112,2026-04-22,CHECKER_ID_1,2026-04-22,4224,POOL_CODE,3,0,C,C,4.24000,1.78000,TD,R,Form,DEAL,RATE_TYP,T,E,G,A,T,S,I
CARD,CARD,CARD,CARD,2026-04-23,2026-04-23,CARD,WAREHO,C,MO,O,A,Y,MAKER_ID_113,2026-04-23,CHECKER_ID_1,2026-04-23,5332,POOL_CODE,7,0,C,C,0.97000,2.28000,CA,R,Form,DEAL,RATE_TYP,T,E,G,A,C,S,I
CLRG,CLRG,CLRG,CLRG,2026-04-24,2026-04-24,CLRG,WAREHO,C,MO,O,A,Y,MAKER_ID_114,2026-04-24,CHECKER_ID_1,2026-04-24,7469,POOL_CODE,2,0,C,C,2.61000,2.40000,CL,R,Form,DEAL,RATE_TYP,T,E,G,A,C,S,I
SAV1,SAV1,SAV1,SAV1,2026-04-25,2026-04-25,SAV1,WAREHO,S,MO,O,A,Y,MAKER_ID_115,2026-04-25,CHECKER_ID_1,2026-04-25,6115,POOL_CODE,2,0,C,C,4.29000,3.02000,SA,R,Form,DEAL,RATE_TYP,T,E,G,A,S,S,I
CURR,CURR,CURR,CURR,2026-04-26,2026-04-26,CURR,WAREHO,C,MO,O,U,Y,MAKER_ID_116,2026-04-26,CHECKER_ID_1,2026-04-26,4744,POOL_CODE,2,0,C,C,2.31000,3.58000,CU,R,Form,DEAL,RATE_TYP,T,E,G,A,C,S,I
LOAN,LOAN,LOAN,LOAN,2026-04-27,2026-04-27,LOAN,WAREHO,L,MO,O,A,Y,MAKER_ID_117,2026-04-27,CHECKER_ID_1,2026-04-27,716,POOL_CODE,2,0,C,C,2.08000,1.32000,LO,R,Form,DEAL,RATE_TYP,T,E,G,A,L,S,I
TD01,TD01,TD01,TD01,2026-04-28,2026-04-28,TD01,WAREHO,T,MO,O,A,Y,MAKER_ID_118,2026-04-28,CHECKER_ID_1,2026-04-28,7431,POOL_CODE,1,0,C,C,3.60000,4.19000,TD,R,Form,DEAL,RATE_TYP,T,E,G,A,T,S,I
CARD,CARD,CARD,CARD,2026-04-29,2026-04-29,CARD,WAREHO,C,MO,O,A,Y,MAKER_ID_119,2026-04-29,CHECKER_ID_1,2026-04-29,6032,POOL_CODE,7,0,C,C,2.74000,3.34000,CA,R,Form,DEAL,RATE_TYP,T,E,G,A,C,S,I
CLRG,CLRG,CLRG,CLRG,2026-04-30,2026-04-30,CLRG,WAREHO,C,MO,O,A,Y,MAKER_ID_120,2026-04-30,CHECKER_ID_1,2026-04-30,9178,POOL_CODE,9,0,C,C,1.20000,1.12000,CL,R,Form,DEAL,RATE_TYP,T,E,G,A,C,S,I
SAV1,SAV1,SAV1,SAV1,2026-05-01,2026-05-01,SAV1,WAREHO,S,MO,O,A,Y,MAKER_ID_121,2026-05-01,CHECKER_ID_1,2026-05-01,3447,POOL_CODE,2,0,C,C,1.15000,4.21000,SA,R,Form,DEAL,RATE_TYP,T,E,G,A,S,S,I
CURR,CURR,CURR,CURR,2026-05-02,2026-05-02,CURR,WAREHO,C,MO,O,A,Y,MAKER_ID_122,2026-05-02,CHECKER_ID_1,2026-05-02,3573,POOL_CODE,0,0,C,C,2.50000,3.86000,CU,R,Form,DEAL,RATE_TYP,T,E,G,A,C,S,I
LOAN,LOAN,LOAN,LOAN,2026-05-03,2026-05-03,LOAN,WAREHO,L,MO,O,A,Y,MAKER_ID_123,2026-05-03,CHECKER_ID_1,2026-05-03,7991,POOL_CODE,4,0,C,C,3.50000,3.64000,LO,R,Form,DEAL,RATE_TYP,T,E,G,A,L,S,I
TD01,TD01,TD01,TD01,2026-05-04,2026-05-04,TD01,WAREHO,T,MO,O,A,Y,MAKER_ID_124,2026-05-04,CHECKER_ID_1,2026-05-04,359,POOL_CODE,1,0,C,C,0.81000,3.03000,TD,R,Form,DEAL,RATE_TYP,T,E,G,A,T,S,I
CARD,CARD,CARD,CARD,2026-05-05,2026-05-05,CARD,WAREHO,C,MO,O,A,Y,MAKER_ID_125,2026-05-05,CHECKER_ID_1,2026-05-05,37,POOL_CODE,0,0,C,C,2.74000,2.72000,CA,R,Form,DEAL,RATE_TYP,T,E,G,A,C,S,I
CLRG,CLRG,CLRG,CLRG,2026-05-06,2026-05-06,CLRG,WAREHO,C,MO,O,A,Y,MAKER_ID_126,2026-05-06,CHECKER_ID_1,2026-05-06,7170,POOL_CODE,8,0,C,C,4.12000,4.29000,CL,R,Form,DEAL,RATE_TYP,T,E,G,A,C,S,I
SAV1,SAV1,SAV1,SAV1,2026-05-07,2026-05-07,SAV1,WAREHO,S,MO,O,A,Y,MAKER_ID_127,2026-05-07,CHECKER_ID_1,2026-05-07,5811,POOL_CODE,6,0,C,C,1.11000,1.04000,SA,R,Form,DEAL,RATE_TYP,T,E,G,A,S,S,I
CURR,CURR,CURR,CURR,2026-05-08,2026-05-08,CURR,WAREHO,C,MO,O,A,Y,MAKER_ID_128,2026-05-08,CHECKER_ID_1,2026-05-08,5119,POOL_CODE,5,0,C,C,4.17000,2.34000,CU,R,Form,DEAL,RATE_TYP,T,E,G,A,C,S,I
LOAN,LOAN,LOAN,LOAN,2026-05-09,2026-05-09,LOAN,WAREHO,L,MO,O,A,Y,MAKER_ID_129,2026-05-09,CHECKER_ID_1,2026-05-09,5841,POOL_CODE,3,0,C,C,1.20000,1.45000,LO,R,Form,DEAL,RATE_TYP,T,E,G,A,L,S,I
TD01,TD01,TD01,TD01,2026-05-10,2026-05-10,TD01,WAREHO,T,MO,O,A,Y,MAKER_ID_130,2026-05-10,CHECKER_ID_1,2026-05-10,9315,POOL_CODE,9,0,C,C,3.10000,1.13000,TD,R,Form,DEAL,RATE_TYP,T,E,G,A,T,S,I
CARD,CARD,CARD,CARD,2026-05-11,2026-05-11,CARD,WAREHO,C,MO,O,A,Y,MAKER_ID_131,2026-05-11,CHECKER_ID_1,2026-05-11,9163,POOL_CODE,0,0,C,C,4.37000,3.42000,CA,R,Form,DEAL,RATE_TYP,T,E,G,A,C,S,I
CLRG,CLRG,CLRG,CLRG,2026-05-12,2026-05-12,CLRG,WAREHO,C,MO,O,A,Y,MAKER_ID_132,2026-05-12,CHECKER_ID_1,2026-05-12,3081,POOL_CODE,4,0,C,C,3.33000,2.48000,CL,R,Form,DEAL,RATE_TYP,T,E,G,A,C,S,I
SAV1,SAV1,SAV1,SAV1,2026-05-13,2026-05-13,SAV1,WAREHO,S,MO,O,A,Y,MAKER_ID_133,2026-05-13,CHECKER_ID_1,2026-05-13,2898,POOL_CODE,8,0,C,C,0.89000,3.89000,SA,R,Form,DEAL,RATE_TYP,T,E,G,A,S,S,I
CURR,CURR,CURR,CURR,2026-05-14,2026-05-14,CURR,WAREHO,C,MO,O,A,Y,MAKER_ID_134,2026-05-14,CHECKER_ID_1,2026-05-14,1610,POOL_CODE,9,0,C,C,1.67000,2.96000,CU,R,Form,DEAL,RATE_TYP,T,E,G,A,C,S,I
LOAN,LOAN,LOAN,LOAN,2026-05-15,2026-05-15,LOAN,WAREHO,L,MO,O,A,Y,MAKER_ID_135,2026-05-15,CHECKER_ID_1,2026-05-15,3484,POOL_CODE,9,0,C,C,2.53000,4.46000,LO,R,Form,DEAL,RATE_TYP,T,E,G,A,L,S,I
TD01,TD01,TD01,TD01,2026-05-16,2026-05-16,TD01,WAREHO,T,MO,O,A,Y,MAKER_ID_136,2026-05-16,CHECKER_ID_1,2026-05-16,4939,POOL_CODE,4,0,C,C,3.96000,4.26000,TD,R,Form,DEAL,RATE_TYP,T,E,G,A,T,S,I
CARD,CARD,CARD,CARD,2026-05-17,2026-05-17,CARD,WAREHO,C,MO,O,A,Y,MAKER_ID_137,2026-05-17,CHECKER_ID_1,2026-05-17,9610,POOL_CODE,6,0,C,C,2.01000,3.24000,CA,R,Form,DEAL,RATE_TYP,T,E,G,A,C,S,I
CLRG,CLRG,CLRG,CLRG,2026-05-18,2026-05-18,CLRG,WAREHO,C,MO,O,A,Y,MAKER_ID_138,2026-05-18,CHECKER_ID_1,2026-05-18,1337,POOL_CODE,4,0,C,C,3.65000,2.71000,CL,R,Form,DEAL,RATE_TYP,T,E,G,A,C,S,I
SAV1,SAV1,SAV1,SAV1,2026-05-19,2026-05-19,SAV1,WAREHO,S,MO,O,U,Y,MAKER_ID_139,2026-05-19,CHECKER_ID_1,2026-05-19,3038,POOL_CODE,1,0,C,C,3.29000,2.18000,SA,R,Form,DEAL,RATE_TYP,T,E,G,A,S,S,I
CURR,CURR,CURR,CURR,2026-05-20,2026-05-20,CURR,WAREHO,C,MO,O,A,Y,MAKER_ID_140,2026-05-20,CHECKER_ID_1,2026-05-20,7715,POOL_CODE,6,0,C,C,1.51000,0.99000,CU,R,Form,DEAL,RATE_TYP,T,E,G,A,C,S,I
LOAN,LOAN,LOAN,LOAN,2026-05-21,2026-05-21,LOAN,WAREHO,L,MO,O,A,Y,MAKER_ID_141,2026-05-21,CHECKER_ID_1,2026-05-21,2351,POOL_CODE,0,0,C,C,3.11000,3.53000,LO,R,Form,DEAL,RATE_TYP,T,E,G,A,L,S,I
TD01,TD01,TD01,TD01,2026-05-22,2026-05-22,TD01,WAREHO,T,MO,O,A,Y,MAKER_ID_142,2026-05-22,CHECKER_ID_1,2026-05-22,4455,POOL_CODE,8,0,C,C,2.45000,3.75000,TD,R,Form,DEAL,RATE_TYP,T,E,G,A,T,S,I
CARD,CARD,CARD,CARD,2026-05-23,2026-05-23,CARD,WAREHO,C,MO,O,A,Y,MAKER_ID_143,2026-05-23,CHECKER_ID_1,2026-05-23,6583,POOL_CODE,6,0,C,C,2.45000,1.85000,CA,R,Form,DEAL,RATE_TYP,T,E,G,A,C,S,I
CLRG,CLRG,CLRG,CLRG,2026-05-24,2026-05-24,CLRG,WAREHO,C,MO,O,A,Y,MAKER_ID_144,2026-05-24,CHECKER_ID_1,2026-05-24,3712,POOL_CODE,7,0,C,C,1.11000,2.53000,CL,R,Form,DEAL,RATE_TYP,T,E,G,A,C,S,I
SAV1,SAV1,SAV1,SAV1,2026-05-25,2026-05-25,SAV1,WAREHO,S,MO,O,A,Y,MAKER_ID_145,2026-05-25,CHECKER_ID_1,2026-05-25,5436,POOL_CODE,8,0,C,C,2.20000,2.22000,SA,R,Form,DEAL,RATE_TYP,T,E,G,A,S,S,I
CURR,CURR,CURR,CURR,2026-05-26,2026-05-26,CURR,WAREHO,C,MO,O,A,Y,MAKER_ID_146,2026-05-26,CHECKER_ID_1,2026-05-26,2699,POOL_CODE,6,0,C,C,1.33000,2.97000,CU,R,Form,DEAL,RATE_TYP,T,E,G,A,C,S,I
LOAN,LOAN,LOAN,LOAN,2026-05-27,2026-05-27,LOAN,WAREHO,L,MO,O,A,Y,MAKER_ID_147,2026-05-27,CHECKER_ID_1,2026-05-27,2978,POOL_CODE,6,0,C,C,2.03000,4.00000,LO,R,Form,DEAL,RATE_TYP,T,E,G,A,L,S,I
TD01,TD01,TD01,TD01,2026-05-28,2026-05-28,TD01,WAREHO,T,MO,O,A,Y,MAKER_ID_148,2026-05-28,CHECKER_ID_1,2026-05-28,9089,POOL_CODE,6,0,C,C,2.33000,2.45000,TD,R,Form,DEAL,RATE_TYP,T,E,G,A,T,S,I
CARD,CARD,CARD,CARD,2026-05-29,2026-05-29,CARD,WAREHO,C,MO,O,A,Y,MAKER_ID_149,2026-05-29,CHECKER_ID_1,2026-05-29,294,POOL_CODE,7,0,C,C,3.45000,2.08000,CA,R,Form,DEAL,RATE_TYP,T,E,G,A,C,S,I
CLRG,CLRG,CLRG,CLRG,2026-05-30,2026-05-30,CLRG,WAREHO,C,MO,O,A,Y,MAKER_ID_150,2026-05-30,CHECKER_ID_1,2026-05-30,7929,POOL_CODE,8,0,C,C,1.42000,3.44000,CL,R,Form,DEAL,RATE_TYP,T,E,G,A,C,S,I
SAV1,SAV1,SAV1,SAV1,2026-05-31,2026-05-31,SAV1,WAREHO,S,MO,O,A,Y,MAKER_ID_151,2026-05-31,CHECKER_ID_1,2026-05-31,896,POOL_CODE,4,0,C,C,1.51000,1.91000,SA,R,Form,DEAL,RATE_TYP,T,E,G,A,S,S,I
CURR,CURR,CURR,CURR,2026-06-01,2026-06-01,CURR,WAREHO,C,MO,O,A,Y,MAKER_ID_152,2026-06-01,CHECKER_ID_1,2026-06-01,5301,POOL_CODE,4,0,C,C,1.79000,3.58000,CU,R,Form,DEAL,RATE_TYP,T,E,G,A,C,S,I
LOAN,LOAN,LOAN,LOAN,2026-06-02,2026-06-02,LOAN,WAREHO,L,MO,O,A,Y,MAKER_ID_153,2026-06-02,CHECKER_ID_1,2026-06-02,7888,POOL_CODE,3,0,C,C,4.15000,1.39000,LO,R,Form,DEAL,RATE_TYP,T,E,G,A,L,S,I
TD01,TD01,TD01,TD01,2026-06-03,2026-06-03,TD01,WAREHO,T,MO,O,A,Y,MAKER_ID_154,2026-06-03,CHECKER_ID_1,2026-06-03,5421,POOL_CODE,1,0,C,C,2.71000,1.94000,TD,R,Form,DEAL,RATE_TYP,T,E,G,A,T,S,I
CARD,CARD,CARD,CARD,2026-06-04,2026-06-04,CARD,WAREHO,C,MO,O,A,Y,MAKER_ID_155,2026-06-04,CHECKER_ID_1,2026-06-04,7146,POOL_CODE,5,0,C,C,2.00000,2.98000,CA,R,Form,DEAL,RATE_TYP,T,E,G,A,C,S,I
CLRG,CLRG,CLRG,CLRG,2026-06-05,2026-06-05,CLRG,WAREHO,C,MO,O,A,Y,MAKER_ID_156,2026-06-05,CHECKER_ID_1,2026-06-05,4958,POOL_CODE,3,0,C,C,3.36000,2.17000,CL,R,Form,DEAL,RATE_TYP,T,E,G,A,C,S,I
SAV1,SAV1,SAV1,SAV1,2026-06-06,2026-06-06,SAV1,WAREHO,S,MO,O,A,Y,MAKER_ID_157,2026-06-06,CHECKER_ID_1,2026-06-06,2126,POOL_CODE,6,0,C,C,3.50000,1.04000,SA,R,Form,DEAL,RATE_TYP,T,E,G,A,S,S,I
CURR,CURR,CURR,CURR,2026-06-07,2026-06-07,CURR,WAREHO,C,MO,O,A,Y,MAKER_ID_158,2026-06-07,CHECKER_ID_1,2026-06-07,7216,POOL_CODE,2,0,C,C,4.08000,0.96000,CU,R,Form,DEAL,RATE_TYP,T,E,G,A,C,S,I
LOAN,LOAN,LOAN,LOAN,2026-06-08,2026-06-08,LOAN,WAREHO,L,MO,O,A,Y,MAKER_ID_159,2026-06-08,CHECKER_ID_1,2026-06-08,9100,POOL_CODE,8,0,C,C,0.96000,1.77000,LO,R,Form,DEAL,RATE_TYP,T,E,G,A,L,S,I
TD01,TD01,TD01,TD01,2026-06-09,2026-06-09,TD01,WAREHO,T,MO,O,A,Y,MAKER_ID_160,2026-06-09,CHECKER_ID_1,2026-06-09,9561,POOL_CODE,5,0,C,C,3.29000,1.47000,TD,R,Form,DEAL,RATE_TYP,T,E,G,A,T,S,I
CARD,CARD,CARD,CARD,2026-06-10,2026-06-10,CARD,WAREHO,C,MO,O,A,Y,MAKER_ID_161,2026-06-10,CHECKER_ID_1,2026-06-10,4119,POOL_CODE,0,0,C,C,2.28000,2.64000,CA,R,Form,DEAL,RATE_TYP,T,E,G,A,C,S,I
CLRG,CLRG,CLRG,CLRG,2026-06-11,2026-06-11,CLRG,WAREHO,C,MO,O,U,Y,MAKER_ID_162,2026-06-11,CHECKER_ID_1,2026-06-11,735,POOL_CODE,1,0,C,C,2.65000,4.44000,CL,R,Form,DEAL,RATE_TYP,T,E,G,A,C,S,I
SAV1,SAV1,SAV1,SAV1,2026-06-12,2026-06-12,SAV1,WAREHO,S,MO,O,A,Y,MAKER_ID_163,2026-06-12,CHECKER_ID_1,2026-06-12,8581,POOL_CODE,2,0,C,C,3.21000,2.29000,SA,R,Form,DEAL,RATE_TYP,T,E,G,A,S,S,I
CURR,CURR,CURR,CURR,2026-06-13,2026-06-13,CURR,WAREHO,C,MO,O,A,Y,MAKER_ID_164,2026-06-13,CHECKER_ID_1,2026-06-13,5341,POOL_CODE,4,0,C,C,1.60000,1.25000,CU,R,Form,DEAL,RATE_TYP,T,E,G,A,C,S,I
LOAN,LOAN,LOAN,LOAN,2026-06-14,2026-06-14,LOAN,WAREHO,L,MO,O,A,Y,MAKER_ID_165,2026-06-14,CHECKER_ID_1,2026-06-14,7441,POOL_CODE,3,0,C,C,4.33000,1.07000,LO,R,Form,DEAL,RATE_TYP,T,E,G,A,L,S,I
TD01,TD01,TD01,TD01,2026-06-15,2026-06-15,TD01,WAREHO,T,MO,O,A,Y,MAKER_ID_166,2026-06-15,CHECKER_ID_1,2026-06-15,4402,POOL_CODE,5,0,C,C,2.84000,3.92000,TD,R,Form,DEAL,RATE_TYP,T,E,G,A,T,S,I
CARD,CARD,CARD,CARD,2026-06-16,2026-06-16,CARD,WAREHO,C,MO,O,A,Y,MAKER_ID_167,2026-06-16,CHECKER_ID_1,2026-06-16,5556,POOL_CODE,3,0,C,C,1.98000,3.86000,CA,R,Form,DEAL,RATE_TYP,T,E,G,A,C,S,I
CLRG,CLRG,CLRG,CLRG,2026-06-17,2026-06-17,CLRG,WAREHO,C,MO,O,A,Y,MAKER_ID_168,2026-06-17,CHECKER_ID_1,2026-06-17,2968,POOL_CODE,1,0,C,C,1.48000,3.23000,CL,R,Form,DEAL,RATE_TYP,T,E,G,A,C,S,I
SAV1,SAV1,SAV1,SAV1,2026-06-18,2026-06-18,SAV1,WAREHO,S,MO,O,A,Y,MAKER_ID_169,2026-06-18,CHECKER_ID_1,2026-06-18,8632,POOL_CODE,2,0,C,C,3.59000,2.80000,SA,R,Form,DEAL,RATE_TYP,T,E,G,A,S,S,I
CURR,CURR,CURR,CURR,2026-06-19,2026-06-19,CURR,WAREHO,C,MO,O,A,Y,MAKER_ID_170,2026-06-19,CHECKER_ID_1,2026-06-19,660,POOL_CODE,1,0,C,C,1.16000,2.69000,CU,R,Form,DEAL,RATE_TYP,T,E,G,A,C,S,I
LOAN,LOAN,LOAN,LOAN,2026-06-20,2026-06-20,LOAN,WAREHO,L,MO,O,A,Y,MAKER_ID_171,2026-06-20,CHECKER_ID_1,2026-06-20,1047,POOL_CODE,7,0,C,C,3.35000,4.09000,LO,R,Form,DEAL,RATE_TYP,T,E,G,A,L,S,I
TD01,TD01,TD01,TD01,2026-06-21,2026-06-21,TD01,WAREHO,T,MO,O,A,Y,MAKER_ID_172,2026-06-21,CHECKER_ID_1,2026-06-21,1587,POOL_CODE,1,0,C,C,4.09000,3.67000,TD,R,Form,DEAL,RATE_TYP,T,E,G,A,T,S,I
CARD,CARD,CARD,CARD,2026-06-22,2026-06-22,CARD,WAREHO,C,MO,O,A,Y,MAKER_ID_173,2026-06-22,CHECKER_ID_1,2026-06-22,5998,POOL_CODE,5,0,C,C,1.02000,2.70000,CA,R,Form,DEAL,RATE_TYP,T,E,G,A,C,S,I
CLRG,CLRG,CLRG,CLRG,2026-06-23,2026-06-23,CLRG,WAREHO,C,MO,O,A,Y,MAKER_ID_174,2026-06-23,CHECKER_ID_1,2026-06-23,6248,POOL_CODE,2,0,C,C,2.62000,3.61000,CL,R,Form,DEAL,RATE_TYP,T,E,G,A,C,S,I
SAV1,SAV1,SAV1,SAV1,2026-06-24,2026-06-24,SAV1,WAREHO,S,MO,O,A,Y,MAKER_ID_175,2026-06-24,CHECKER_ID_1,2026-06-24,6109,POOL_CODE,9,0,C,C,4.46000,0.97000,SA,R,Form,DEAL,RATE_TYP,T,E,G,A,S,S,I
CURR,CURR,CURR,CURR,2026-06-25,2026-06-25,CURR,WAREHO,C,MO,O,A,Y,MAKER_ID_176,2026-06-25,CHECKER_ID_1,2026-06-25,5755,POOL_CODE,1,0,C,C,2.80000,0.89000,CU,R,Form,DEAL,RATE_TYP,T,E,G,A,C,S,I
LOAN,LOAN,LOAN,LOAN,2026-06-26,2026-06-26,LOAN,WAREHO,L,MO,O,A,Y,MAKER_ID_177,2026-06-26,CHECKER_ID_1,2026-06-26,2906,POOL_CODE,4,0,C,C,4.04000,1.96000,LO,R,Form,DEAL,RATE_TYP,T,E,G,A,L,S,I
TD01,TD01,TD01,TD01,2026-06-27,2026-06-27,TD01,WAREHO,T,MO,O,A,Y,MAKER_ID_178,2026-06-27,CHECKER_ID_1,2026-06-27,2559,POOL_CODE,1,0,C,C,2.03000,4.38000,TD,R,Form,DEAL,RATE_TYP,T,E,G,A,T,S,I
CARD,CARD,CARD,CARD,2026-06-28,2026-06-28,CARD,WAREHO,C,MO,O,A,Y,MAKER_ID_179,2026-06-28,CHECKER_ID_1,2026-06-28,3902,POOL_CODE,7,0,C,C,2.44000,3.17000,CA,R,Form,DEAL,RATE_TYP,T,E,G,A,C,S,I
CLRG,CLRG,CLRG,CLRG,2026-06-29,2026-06-29,CLRG,WAREHO,C,MO,O,A,Y,MAKER_ID_180,2026-06-29,CHECKER_ID_1,2026-06-29,5080,POOL_CODE,5,0,C,C,0.82000,1.92000,CL,R,Form,DEAL,RATE_TYP,T,E,G,A,C,S,I
SAV1,SAV1,SAV1,SAV1,2026-06-30,2026-06-30,SAV1,WAREHO,S,MO,O,A,Y,MAKER_ID_181,2026-06-30,CHECKER_ID_1,2026-06-30,9569,POOL_CODE,4,0,C,C,1.80000,1.15000,SA,R,Form,DEAL,RATE_TYP,T,E,G,A,S,S,I
CURR,CURR,CURR,CURR,2026-07-01,2026-07-01,CURR,WAREHO,C,MO,O,A,Y,MAKER_ID_182,2026-07-01,CHECKER_ID_1,2026-07-01,5447,POOL_CODE,5,0,C,C,4.03000,1.70000,CU,R,Form,DEAL,RATE_TYP,T,E,G,A,C,S,I
LOAN,LOAN,LOAN,LOAN,2026-07-02,2026-07-02,LOAN,WAREHO,L,MO,O,A,Y,MAKER_ID_183,2026-07-02,CHECKER_ID_1,2026-07-02,4759,POOL_CODE,4,0,C,C,4.47000,1.29000,LO,R,Form,DEAL,RATE_TYP,T,E,G,A,L,S,I
TD01,TD01,TD01,TD01,2026-07-03,2026-07-03,TD01,WAREHO,T,MO,O,A,Y,MAKER_ID_184,2026-07-03,CHECKER_ID_1,2026-07-03,5968,POOL_CODE,4,0,C,C,2.67000,2.06000,TD,R,Form,DEAL,RATE_TYP,T,E,G,A,T,S,I
CARD,CARD,CARD,CARD,2026-07-04,2026-07-04,CARD,WAREHO,C,MO,O,U,Y,MAKER_ID_185,2026-07-04,CHECKER_ID_1,2026-07-04,5561,POOL_CODE,9,0,C,C,1.19000,4.30000,CA,R,Form,DEAL,RATE_TYP,T,E,G,A,C,S,I
CLRG,CLRG,CLRG,CLRG,2026-07-05,2026-07-05,CLRG,WAREHO,C,MO,O,A,Y,MAKER_ID_186,2026-07-05,CHECKER_ID_1,2026-07-05,3997,POOL_CODE,2,0,C,C,1.53000,2.83000,CL,R,Form,DEAL,RATE_TYP,T,E,G,A,C,S,I
SAV1,SAV1,SAV1,SAV1,2026-07-06,2026-07-06,SAV1,WAREHO,S,MO,O,A,Y,MAKER_ID_187,2026-07-06,CHECKER_ID_1,2026-07-06,4597,POOL_CODE,0,0,C,C,3.85000,2.16000,SA,R,Form,DEAL,RATE_TYP,T,E,G,A,S,S,I
CURR,CURR,CURR,CURR,2026-07-07,2026-07-07,CURR,WAREHO,C,MO,O,A,Y,MAKER_ID_188,2026-07-07,CHECKER_ID_1,2026-07-07,2039,POOL_CODE,7,0,C,C,1.64000,0.80000,CU,R,Form,DEAL,RATE_TYP,T,E,G,A,C,S,I
LOAN,LOAN,LOAN,LOAN,2026-07-08,2026-07-08,LOAN,WAREHO,L,MO,O,A,Y,MAKER_ID_189,2026-07-08,CHECKER_ID_1,2026-07-08,7390,POOL_CODE,7,0,C,C,3.18000,2.55000,LO,R,Form,DEAL,RATE_TYP,T,E,G,A,L,S,I
TD01,TD01,TD01,TD01,2026-07-09,2026-07-09,TD01,WAREHO,T,MO,O,A,Y,MAKER_ID_190,2026-07-09,CHECKER_ID_1,2026-07-09,9090,POOL_CODE,0,0,C,C,0.94000,3.51000,TD,R,Form,DEAL,RATE_TYP,T,E,G,A,T,S,I
CARD,CARD,CARD,CARD,2026-07-10,2026-07-10,CARD,WAREHO,C,MO,O,A,Y,MAKER_ID_191,2026-07-10,CHECKER_ID_1,2026-07-10,5477,POOL_CODE,3,0,C,C,2.28000,2.80000,CA,R,Form,DEAL,RATE_TYP,T,E,G,A,C,S,I
CLRG,CLRG,CLRG,CLRG,2026-07-11,2026-07-11,CLRG,WAREHO,C,MO,O,A,Y,MAKER_ID_192,2026-07-11,CHECKER_ID_1,2026-07-11,3256,POOL_CODE,4,0,C,C,3.17000,1.49000,CL,R,Form,DEAL,RATE_TYP,T,E,G,A,C,S,I
SAV1,SAV1,SAV1,SAV1,2026-07-12,2026-07-12,SAV1,WAREHO,S,MO,O,A,Y,MAKER_ID_193,2026-07-12,CHECKER_ID_1,2026-07-12,483,POOL_CODE,5,0,C,C,4.40000,3.34000,SA,R,Form,DEAL,RATE_TYP,T,E,G,A,S,S,I
CURR,CURR,CURR,CURR,2026-07-13,2026-07-13,CURR,WAREHO,C,MO,O,A,Y,MAKER_ID_194,2026-07-13,CHECKER_ID_1,2026-07-13,4711,POOL_CODE,3,0,C,C,2.79000,2.35000,CU,R,Form,DEAL,RATE_TYP,T,E,G,A,C,S,I
LOAN,LOAN,LOAN,LOAN,2026-07-14,2026-07-14,LOAN,WAREHO,L,MO,O,A,Y,MAKER_ID_195,2026-07-14,CHECKER_ID_1,2026-07-14,8024,POOL_CODE,4,0,C,C,3.35000,2.82000,LO,R,Form,DEAL,RATE_TYP,T,E,G,A,L,S,I
TD01,TD01,TD01,TD01,2026-07-15,2026-07-15,TD01,WAREHO,T,MO,O,A,Y,MAKER_ID_196,2026-07-15,CHECKER_ID_1,2026-07-15,4546,POOL_CODE,4,0,C,C,1.52000,4.21000,TD,R,Form,DEAL,RATE_TYP,T,E,G,A,T,S,I
CARD,CARD,CARD,CARD,2026-07-16,2026-07-16,CARD,WAREHO,C,MO,O,A,Y,MAKER_ID_197,2026-07-16,CHECKER_ID_1,2026-07-16,5681,POOL_CODE,7,0,C,C,1.58000,1.83000,CA,R,Form,DEAL,RATE_TYP,T,E,G,A,C,S,I
CLRG,CLRG,CLRG,CLRG,2026-07-17,2026-07-17,CLRG,WAREHO,C,MO,O,A,Y,MAKER_ID_198,2026-07-17,CHECKER_ID_1,2026-07-17,4943,POOL_CODE,1,0,C,C,3.07000,1.70000,CL,R,Form,DEAL,RATE_TYP,T,E,G,A,C,S,I
SAV1,SAV1,SAV1,SAV1,2026-07-18,2026-07-18,SAV1,WAREHO,S,MO,O,A,Y,MAKER_ID_199,2026-07-18,CHECKER_ID_1,2026-07-18,9918,POOL_CODE,9,0,C,C,2.95000,3.89000,SA,R,Form,DEAL,RATE_TYP,T,E,G,A,S,S,I
CURR,CURR,CURR,CURR,2026-07-19,2026-07-19,CURR,WAREHO,C,MO,O,A,Y,MAKER_ID_200,2026-07-19,CHECKER_ID_2,2026-07-19,6842,POOL_CODE,9,0,C,C,2.88000,3.91000,CU,R,Form,DEAL,RATE_TYP,T,E,G,A,C,S,I
LOAN,LOAN,LOAN,LOAN,2026-07-20,2026-07-20,LOAN,WAREHO,L,MO,O,A,Y,MAKER_ID_201,2026-07-20,CHECKER_ID_2,2026-07-20,6550,POOL_CODE,2,0,C,C,3.62000,3.45000,LO,R,Form,DEAL,RATE_TYP,T,E,G,A,L,S,I
TD01,TD01,TD01,TD01,2026-07-21,2026-07-21,TD01,WAREHO,T,MO,O,A,Y,MAKER_ID_202,2026-07-21,CHECKER_ID_2,2026-07-21,2234,POOL_CODE,5,0,C,C,1.78000,2.69000,TD,R,Form,DEAL,RATE_TYP,T,E,G,A,T,S,I
CARD,CARD,CARD,CARD,2026-07-22,2026-07-22,CARD,WAREHO,C,MO,O,A,Y,MAKER_ID_203,2026-07-22,CHECKER_ID_2,2026-07-22,3541,POOL_CODE,0,0,C,C,1.72000,1.73000,CA,R,Form,DEAL,RATE_TYP,T,E,G,A,C,S,I
CLRG,CLRG,CLRG,CLRG,2026-07-23,2026-07-23,CLRG,WAREHO,C,MO,O,A,Y,MAKER_ID_204,2026-07-23,CHECKER_ID_2,2026-07-23,1124,POOL_CODE,9,0,C,C,4.10000,2.24000,CL,R,Form,DEAL,RATE_TYP,T,E,G,A,C,S,I
SAV1,SAV1,SAV1,SAV1,2026-07-24,2026-07-24,SAV1,WAREHO,S,MO,O,A,Y,MAKER_ID_205,2026-07-24,CHECKER_ID_2,2026-07-24,3324,POOL_CODE,9,0,C,C,1.44000,3.06000,SA,R,Form,DEAL,RATE_TYP,T,E,G,A,S,S,I
CURR,CURR,CURR,CURR,2026-07-25,2026-07-25,CURR,WAREHO,C,MO,O,A,Y,MAKER_ID_206,2026-07-25,CHECKER_ID_2,2026-07-25,6318,POOL_CODE,3,0,C,C,2.79000,2.23000,CU,R,Form,DEAL,RATE_TYP,T,E,G,A,C,S,I
LOAN,LOAN,LOAN,LOAN,2026-07-26,2026-07-26,LOAN,WAREHO,L,MO,O,A,Y,MAKER_ID_207,2026-07-26,CHECKER_ID_2,2026-07-26,8648,POOL_CODE,3,0,C,C,1.67000,1.21000,LO,R,Form,DEAL,RATE_TYP,T,E,G,A,L,S,I
TD01,TD01,TD01,TD01,2026-07-27,2026-07-27,TD01,WAREHO,T,MO,O,U,Y,MAKER_ID_208,2026-07-27,CHECKER_ID_2,2026-07-27,1669,POOL_CODE,3,0,C,C,2.47000,0.93000,TD,R,Form,DEAL,RATE_TYP,T,E,G,A,T,S,I
CARD,CARD,CARD,CARD,2026-07-28,2026-07-28,CARD,WAREHO,C,MO,O,A,Y,MAKER_ID_209,2026-07-28,CHECKER_ID_2,2026-07-28,9113,POOL_CODE,6,0,C,C,2.82000,3.62000,CA,R,Form,DEAL,RATE_TYP,T,E,G,A,C,S,I
CLRG,CLRG,CLRG,CLRG,2026-07-29,2026-07-29,CLRG,WAREHO,C,MO,O,A,Y,MAKER_ID_210,2026-07-29,CHECKER_ID_2,2026-07-29,441,POOL_CODE,9,0,C,C,2.31000,2.16000,CL,R,Form,DEAL,RATE_TYP,T,E,G,A,C,S,I
SAV1,SAV1,SAV1,SAV1,2026-07-30,2026-07-30,SAV1,WAREHO,S,MO,O,A,Y,MAKER_ID_211,2026-07-30,CHECKER_ID_2,2026-07-30,7384,POOL_CODE,3,0,C,C,2.57000,3.78000,SA,R,Form,DEAL,RATE_TYP,T,E,G,A,S,S,I
CURR,CURR,CURR,CURR,2026-07-31,2026-07-31,CURR,WAREHO,C,MO,O,A,Y,MAKER_ID_212,2026-07-31,CHECKER_ID_2,2026-07-31,4532,POOL_CODE,3,0,C,C,4.48000,1.38000,CU,R,Form,DEAL,RATE_TYP,T,E,G,A,C,S,I
LOAN,LOAN,LOAN,LOAN,2026-08-01,2026-08-01,LOAN,WAREHO,L,MO,O,A,Y,MAKER_ID_213,2026-08-01,CHECKER_ID_2,2026-08-01,4360,POOL_CODE,1,0,C,C,2.44000,4.31000,LO,R,Form,DEAL,RATE_TYP,T,E,G,A,L,S,I
TD01,TD01,TD01,TD01,2026-08-02,2026-08-02,TD01,WAREHO,T,MO,O,A,Y,MAKER_ID_214,2026-08-02,CHECKER_ID_2,2026-08-02,7604,POOL_CODE,3,0,C,C,0.80000,1.93000,TD,R,Form,DEAL,RATE_TYP,T,E,G,A,T,S,I
CARD,CARD,CARD,CARD,2026-08-03,2026-08-03,CARD,WAREHO,C,MO,O,A,Y,MAKER_ID_215,2026-08-03,CHECKER_ID_2,2026-08-03,7163,POOL_CODE,2,0,C,C,4.37000,1.07000,CA,R,Form,DEAL,RATE_TYP,T,E,G,A,C,S,I
CLRG,CLRG,CLRG,CLRG,2026-08-04,2026-08-04,CLRG,WAREHO,C,MO,O,A,Y,MAKER_ID_216,2026-08-04,CHECKER_ID_2,2026-08-04,8255,POOL_CODE,5,0,C,C,1.92000,1.54000,CL,R,Form,DEAL,RATE_TYP,T,E,G,A,C,S,I
SAV1,SAV1,SAV1,SAV1,2026-08-05,2026-08-05,SAV1,WAREHO,S,MO,O,A,Y,MAKER_ID_217,2026-08-05,CHECKER_ID_2,2026-08-05,478,POOL_CODE,2,0,C,C,3.94000,3.09000,SA,R,Form,DEAL,RATE_TYP,T,E,G,A,S,S,I
CURR,CURR,CURR,CURR,2026-08-06,2026-08-06,CURR,WAREHO,C,MO,O,A,Y,MAKER_ID_218,2026-08-06,CHECKER_ID_2,2026-08-06,6550,POOL_CODE,2,0,C,C,1.20000,2.09000,CU,R,Form,DEAL,RATE_TYP,T,E,G,A,C,S,I
LOAN,LOAN,LOAN,LOAN,2026-08-07,2026-08-07,LOAN,WAREHO,L,MO,O,A,Y,MAKER_ID_219,2026-08-07,CHECKER_ID_2,2026-08-07,7961,POOL_CODE,6,0,C,C,3.59000,3.84000,LO,R,Form,DEAL,RATE_TYP,T,E,G,A,L,S,I
TD01,TD01,TD01,TD01,2026-08-08,2026-08-08,TD01,WAREHO,T,MO,O,A,Y,MAKER_ID_220,2026-08-08,CHECKER_ID_2,2026-08-08,8080,POOL_CODE,9,0,C,C,1.14000,1.50000,TD,R,Form,DEAL,RATE_TYP,T,E,G,A,T,S,I
CARD,CARD,CARD,CARD,2026-08-09,2026-08-09,CARD,WAREHO,C,MO,O,A,Y,MAKER_ID_221,2026-08-09,CHECKER_ID_2,2026-08-09,6008,POOL_CODE,7,0,C,C,2.83000,3.80000,CA,R,Form,DEAL,RATE_TYP,T,E,G,A,C,S,I
CLRG,CLRG,CLRG,CLRG,2026-08-10,2026-08-10,CLRG,WAREHO,C,MO,O,A,Y,MAKER_ID_222,2026-08-10,CHECKER_ID_2,2026-08-10,672,POOL_CODE,7,0,C,C,3.79000,4.13000,CL,R,Form,DEAL,RATE_TYP,T,E,G,A,C,S,I
SAV1,SAV1,SAV1,SAV1,2026-08-11,2026-08-11,SAV1,WAREHO,S,MO,O,A,Y,MAKER_ID_223,2026-08-11,CHECKER_ID_2,2026-08-11,4904,POOL_CODE,1,0,C,C,1.35000,2.65000,SA,R,Form,DEAL,RATE_TYP,T,E,G,A,S,S,I
CURR,CURR,CURR,CURR,2026-08-12,2026-08-12,CURR,WAREHO,C,MO,O,A,Y,MAKER_ID_224,2026-08-12,CHECKER_ID_2,2026-08-12,7852,POOL_CODE,3,0,C,C,3.24000,1.32000,CU,R,Form,DEAL,RATE_TYP,T,E,G,A,C,S,I
LOAN,LOAN,LOAN,LOAN,2026-08-13,2026-08-13,LOAN,WAREHO,L,MO,O,A,Y,MAKER_ID_225,2026-08-13,CHECKER_ID_2,2026-08-13,4406,POOL_CODE,3,0,C,C,1.76000,3.81000,LO,R,Form,DEAL,RATE_TYP,T,E,G,A,L,S,I
TD01,TD01,TD01,TD01,2026-08-14,2026-08-14,TD01,WAREHO,T,MO,O,A,Y,MAKER_ID_226,2026-08-14,CHECKER_ID_2,2026-08-14,1695,POOL_CODE,5,0,C,C,1.97000,4.16000,TD,R,Form,DEAL,RATE_TYP,T,E,G,A,T,S,I
CARD,CARD,CARD,CARD,2026-08-15,2026-08-15,CARD,WAREHO,C,MO,O,A,Y,MAKER_ID_227,2026-08-15,CHECKER_ID_2,2026-08-15,2774,POOL_CODE,3,0,C,C,3.46000,3.68000,CA,R,Form,DEAL,RATE_TYP,T,E,G,A,C,S,I
CLRG,CLRG,CLRG,CLRG,2026-08-16,2026-08-16,CLRG,WAREHO,C,MO,O,A,Y,MAKER_ID_228,2026-08-16,CHECKER_ID_2,2026-08-16,173,POOL_CODE,6,0,C,C,1.45000,3.97000,CL,R,Form,DEAL,RATE_TYP,T,E,G,A,C,S,I
SAV1,SAV1,SAV1,SAV1,2026-08-17,2026-08-17,SAV1,WAREHO,S,MO,O,A,Y,MAKER_ID_229,2026-08-17,CHECKER_ID_2,2026-08-17,4642,POOL_CODE,7,0,C,C,1.90000,2.16000,SA,R,Form,DEAL,RATE_TYP,T,E,G,A,S,S,I
CURR,CURR,CURR,CURR,2026-08-18,2026-08-18,CURR,WAREHO,C,MO,O,A,Y,MAKER_ID_230,2026-08-18,CHECKER_ID_2,2026-08-18,5048,POOL_CODE,3,0,C,C,2.26000,2.27000,CU,R,Form,DEAL,RATE_TYP,T,E,G,A,C,S,I
LOAN,LOAN,LOAN,LOAN,2026-08-19,2026-08-19,LOAN,WAREHO,L,MO,O,U,Y,MAKER_ID_231,2026-08-19,CHECKER_ID_2,2026-08-19,3136,POOL_CODE,6,0,C,C,4.10000,2.21000,LO,R,Form,DEAL,RATE_TYP,T,E,G,A,L,S,I
TD01,TD01,TD01,TD01,2026-08-20,2026-08-20,TD01,WAREHO,T,MO,O,A,Y,MAKER_ID_232,2026-08-20,CHECKER_ID_2,2026-08-20,5772,POOL_CODE,6,0,C,C,1.14000,4.17000,TD,R,Form,DEAL,RATE_TYP,T,E,G,A,T,S,I
CARD,CARD,CARD,CARD,2026-08-21,2026-08-21,CARD,WAREHO,C,MO,O,A,Y,MAKER_ID_233,2026-08-21,CHECKER_ID_2,2026-08-21,1450,POOL_CODE,8,0,C,C,1.06000,3.62000,CA,R,Form,DEAL,RATE_TYP,T,E,G,A,C,S,I
CLRG,CLRG,CLRG,CLRG,2026-08-22,2026-08-22,CLRG,WAREHO,C,MO,O,A,Y,MAKER_ID_234,2026-08-22,CHECKER_ID_2,2026-08-22,1866,POOL_CODE,9,0,C,C,1.17000,2.73000,CL,R,Form,DEAL,RATE_TYP,T,E,G,A,C,S,I
SAV1,SAV1,SAV1,SAV1,2026-08-23,2026-08-23,SAV1,WAREHO,S,MO,O,A,Y,MAKER_ID_235,2026-08-23,CHECKER_ID_2,2026-08-23,5712,POOL_CODE,6,0,C,C,4.10000,3.88000,SA,R,Form,DEAL,RATE_TYP,T,E,G,A,S,S,I
CURR,CURR,CURR,CURR,2026-08-24,2026-08-24,CURR,WAREHO,C,MO,O,A,Y,MAKER_ID_236,2026-08-24,CHECKER_ID_2,2026-08-24,2623,POOL_CODE,8,0,C,C,3.59000,3.22000,CU,R,Form,DEAL,RATE_TYP,T,E,G,A,C,S,I
LOAN,LOAN,LOAN,LOAN,2026-08-25,2026-08-25,LOAN,WAREHO,L,MO,O,A,Y,MAKER_ID_237,2026-08-25,CHECKER_ID_2,2026-08-25,7719,POOL_CODE,4,0,C,C,4.11000,1.13000,LO,R,Form,DEAL,RATE_TYP,T,E,G,A,L,S,I
TD01,TD01,TD01,TD01,2026-08-26,2026-08-26,TD01,WAREHO,T,MO,O,A,Y,MAKER_ID_238,2026-08-26,CHECKER_ID_2,2026-08-26,6442,POOL_CODE,9,0,C,C,1.46000,4.04000,TD,R,Form,DEAL,RATE_TYP,T,E,G,A,T,S,I
CARD,CARD,CARD,CARD,2026-08-27,2026-08-27,CARD,WAREHO,C,MO,O,A,Y,MAKER_ID_239,2026-08-27,CHECKER_ID_2,2026-08-27,1258,POOL_CODE,4,0,C,C,2.99000,1.24000,CA,R,Form,DEAL,RATE_TYP,T,E,G,A,C,S,I
CLRG,CLRG,CLRG,CLRG,2026-08-28,2026-08-28,CLRG,WAREHO,C,MO,O,A,Y,MAKER_ID_240,2026-08-28,CHECKER_ID_2,2026-08-28,4249,POOL_CODE,4,0,C,C,3.72000,1.74000,CL,R,Form,DEAL,RATE_TYP,T,E,G,A,C,S,I
SAV1,SAV1,SAV1,SAV1,2026-08-29,2026-08-29,SAV1,WAREHO,S,MO,O,A,Y,MAKER_ID_241,2026-08-29,CHECKER_ID_2,2026-08-29,549,POOL_CODE,0,0,C,C,1.16000,3.20000,SA,R,Form,DEAL,RATE_TYP,T,E,G,A,S,S,I
CURR,CURR,CURR,CURR,2026-08-30,2026-08-30,CURR,WAREHO,C,MO,O,A,Y,MAKER_ID_242,2026-08-30,CHECKER_ID_2,2026-08-30,7613,POOL_CODE,0,0,C,C,1.34000,1.32000,CU,R,Form,DEAL,RATE_TYP,T,E,G,A,C,S,I
LOAN,LOAN,LOAN,LOAN,2026-08-31,2026-08-31,LOAN,WAREHO,L,MO,O,A,Y,MAKER_ID_243,2026-08-31,CHECKER_ID_2,2026-08-31,4234,POOL_CODE,7,0,C,C,2.18000,0.90000,LO,R,Form,DEAL,RATE_TYP,T,E,G,A,L,S,I
TD01,TD01,TD01,TD01,2026-09-01,2026-09-01,TD01,WAREHO,T,MO,O,A,Y,MAKER_ID_244,2026-09-01,CHECKER_ID_2,2026-09-01,4420,POOL_CODE,5,0,C,C,3.94000,1.34000,TD,R,Form,DEAL,RATE_TYP,T,E,G,A,T,S,I
CARD,CARD,CARD,CARD,2026-09-02,2026-09-02,CARD,WAREHO,C,MO,O,A,Y,MAKER_ID_245,2026-09-02,CHECKER_ID_2,2026-09-02,5658,POOL_CODE,0,0,C,C,4.35000,3.27000,CA,R,Form,DEAL,RATE_TYP,T,E,G,A,C,S,I
CLRG,CLRG,CLRG,CLRG,2026-09-03,2026-09-03,CLRG,WAREHO,C,MO,O,A,Y,MAKER_ID_246,2026-09-03,CHECKER_ID_2,2026-09-03,7367,POOL_CODE,6,0,C,C,2.95000,2.99000,CL,R,Form,DEAL,RATE_TYP,T,E,G,A,C,S,I
SAV1,SAV1,SAV1,SAV1,2026-09-04,2026-09-04,SAV1,WAREHO,S,MO,O,A,Y,MAKER_ID_247,2026-09-04,CHECKER_ID_2,2026-09-04,6721,POOL_CODE,5,0,C,C,1.39000,1.40000,SA,R,Form,DEAL,RATE_TYP,T,E,G,A,S,S,I
CURR,CURR,CURR,CURR,2026-09-05,2026-09-05,CURR,WAREHO,C,MO,O,A,Y,MAKER_ID_248,2026-09-05,CHECKER_ID_2,2026-09-05,274,POOL_CODE,2,0,C,C,1.40000,2.64000,CU,R,Form,DEAL,RATE_TYP,T,E,G,A,C,S,I
LOAN,LOAN,LOAN,LOAN,2026-09-06,2026-09-06,LOAN,WAREHO,L,MO,O,A,Y,MAKER_ID_249,2026-09-06,CHECKER_ID_2,2026-09-06,2494,POOL_CODE,7,0,C,C,2.98000,2.13000,LO,R,Form,DEAL,RATE_TYP,T,E,G,A,L,S,I
TD01,TD01,TD01,TD01,2026-09-07,2026-09-07,TD01,WAREHO,T,MO,O,A,Y,MAKER_ID_250,2026-09-07,CHECKER_ID_2,2026-09-07,2912,POOL_CODE,6,0,C,C,4.44000,1.47000,TD,R,Form,DEAL,RATE_TYP,T,E,G,A,T,S,I
CARD,CARD,CARD,CARD,2026-09-08,2026-09-08,CARD,WAREHO,C,MO,O,A,Y,MAKER_ID_251,2026-09-08,CHECKER_ID_2,2026-09-08,9746,POOL_CODE,7,0,C,C,3.93000,3.60000,CA,R,Form,DEAL,RATE_TYP,T,E,G,A,C,S,I
CLRG,CLRG,CLRG,CLRG,2026-09-09,2026-09-09,CLRG,WAREHO,C,MO,O,A,Y,MAKER_ID_252,2026-09-09,CHECKER_ID_2,2026-09-09,7628,POOL_CODE,2,0,C,C,3.71000,1.97000,CL,R,Form,DEAL,RATE_TYP,T,E,G,A,C,S,I
SAV1,SAV1,SAV1,SAV1,2026-09-10,2026-09-10,SAV1,WAREHO,S,MO,O,A,Y,MAKER_ID_253,2026-09-10,CHECKER_ID_2,2026-09-10,5770,POOL_CODE,1,0,C,C,2.98000,3.78000,SA,R,Form,DEAL,RATE_TYP,T,E,G,A,S,S,I
CURR,CURR,CURR,CURR,2026-09-11,2026-09-11,CURR,WAREHO,C,MO,O,U,Y,MAKER_ID_254,2026-09-11,CHECKER_ID_2,2026-09-11,2328,POOL_CODE,7,0,C,C,2.61000,3.28000,CU,R,Form,DEAL,RATE_TYP,T,E,G,A,C,S,I
LOAN,LOAN,LOAN,LOAN,2026-09-12,2026-09-12,LOAN,WAREHO,L,MO,O,A,Y,MAKER_ID_255,2026-09-12,CHECKER_ID_2,2026-09-12,4238,POOL_CODE,3,0,C,C,3.89000,2.17000,LO,R,Form,DEAL,RATE_TYP,T,E,G,A,L,S,I
TD01,TD01,TD01,TD01,2026-09-13,2026-09-13,TD01,WAREHO,T,MO,O,A,Y,MAKER_ID_256,2026-09-13,CHECKER_ID_2,2026-09-13,6653,POOL_CODE,4,0,C,C,3.06000,3.85000,TD,R,Form,DEAL,RATE_TYP,T,E,G,A,T,S,I
CARD,CARD,CARD,CARD,2026-09-14,2026-09-14,CARD,WAREHO,C,MO,O,A,Y,MAKER_ID_257,2026-09-14,CHECKER_ID_2,2026-09-14,5115,POOL_CODE,0,0,C,C,4.31000,2.00000,CA,R,Form,DEAL,RATE_TYP,T,E,G,A,C,S,I
CLRG,CLRG,CLRG,CLRG,2026-09-15,2026-09-15,CLRG,WAREHO,C,MO,O,A,Y,MAKER_ID_258,2026-09-15,CHECKER_ID_2,2026-09-15,5056,POOL_CODE,6,0,C,C,1.33000,2.17000,CL,R,Form,DEAL,RATE_TYP,T,E,G,A,C,S,I
SAV1,SAV1,SAV1,SAV1,2026-09-16,2026-09-16,SAV1,WAREHO,S,MO,O,A,Y,MAKER_ID_259,2026-09-16,CHECKER_ID_2,2026-09-16,2081,POOL_CODE,6,0,C,C,2.75000,3.98000,SA,R,Form,DEAL,RATE_TYP,T,E,G,A,S,S,I
CURR,CURR,CURR,CURR,2026-09-17,2026-09-17,CURR,WAREHO,C,MO,O,A,Y,MAKER_ID_260,2026-09-17,CHECKER_ID_2,2026-09-17,2153,POOL_CODE,6,0,C,C,2.38000,3.67000,CU,R,Form,DEAL,RATE_TYP,T,E,G,A,C,S,I
LOAN,LOAN,LOAN,LOAN,2026-09-18,2026-09-18,LOAN,WAREHO,L,MO,O,A,Y,MAKER_ID_261,2026-09-18,CHECKER_ID_2,2026-09-18,3839,POOL_CODE,1,0,C,C,1.17000,2.40000,LO,R,Form,DEAL,RATE_TYP,T,E,G,A,L,S,I
TD01,TD01,TD01,TD01,2026-09-19,2026-09-19,TD01,WAREHO,T,MO,O,A,Y,MAKER_ID_262,2026-09-19,CHECKER_ID_2,2026-09-19,3598,POOL_CODE,0,0,C,C,2.08000,3.84000,TD,R,Form,DEAL,RATE_TYP,T,E,G,A,T,S,I
CARD,CARD,CARD,CARD,2026-09-20,2026-09-20,CARD,WAREHO,C,MO,O,A,Y,MAKER_ID_263,2026-09-20,CHECKER_ID_2,2026-09-20,6007,POOL_CODE,8,0,C,C,1.92000,1.28000,CA,R,Form,DEAL,RATE_TYP,T,E,G,A,C,S,I
CLRG,CLRG,CLRG,CLRG,2026-09-21,2026-09-21,CLRG,WAREHO,C,MO,O,A,Y,MAKER_ID_264,2026-09-21,CHECKER_ID_2,2026-09-21,351,POOL_CODE,0,0,C,C,2.24000,3.84000,CL,R,Form,DEAL,RATE_TYP,T,E,G,A,C,S,I
SAV1,SAV1,SAV1,SAV1,2026-09-22,2026-09-22,SAV1,WAREHO,S,MO,O,A,Y,MAKER_ID_265,2026-09-22,CHECKER_ID_2,2026-09-22,192,POOL_CODE,9,0,C,C,1.64000,2.73000,SA,R,Form,DEAL,RATE_TYP,T,E,G,A,S,S,I
CURR,CURR,CURR,CURR,2026-09-23,2026-09-23,CURR,WAREHO,C,MO,O,A,Y,MAKER_ID_266,2026-09-23,CHECKER_ID_2,2026-09-23,6488,POOL_CODE,7,0,C,C,1.84000,3.92000,CU,R,Form,DEAL,RATE_TYP,T,E,G,A,C,S,I
LOAN,LOAN,LOAN,LOAN,2026-09-24,2026-09-24,LOAN,WAREHO,L,MO,O,A,Y,MAKER_ID_267,2026-09-24,CHECKER_ID_2,2026-09-24,4018,POOL_CODE,1,0,C,C,0.84000,3.06000,LO,R,Form,DEAL,RATE_TYP,T,E,G,A,L,S,I
TD01,TD01,TD01,TD01,2026-09-25,2026-09-25,TD01,WAREHO,T,MO,O,A,Y,MAKER_ID_268,2026-09-25,CHECKER_ID_2,2026-09-25,7928,POOL_CODE,8,0,C,C,4.00000,2.34000,TD,R,Form,DEAL,RATE_TYP,T,E,G,A,T,S,I
CARD,CARD,CARD,CARD,2026-09-26,2026-09-26,CARD,WAREHO,C,MO,O,A,Y,MAKER_ID_269,2026-09-26,CHECKER_ID_2,2026-09-26,6900,POOL_CODE,2,0,C,C,2.17000,3.42000,CA,R,Form,DEAL,RATE_TYP,T,E,G,A,C,S,I
CLRG,CLRG,CLRG,CLRG,2026-09-27,2026-09-27,CLRG,WAREHO,C,MO,O,A,Y,MAKER_ID_270,2026-09-27,CHECKER_ID_2,2026-09-27,5809,POOL_CODE,6,0,C,C,3.46000,3.71000,CL,R,Form,DEAL,RATE_TYP,T,E,G,A,C,S,I
SAV1,SAV1,SAV1,SAV1,2026-09-28,2026-09-28,SAV1,WAREHO,S,MO,O,A,Y,MAKER_ID_271,2026-09-28,CHECKER_ID_2,2026-09-28,4926,POOL_CODE,9,0,C,C,1.51000,2.26000,SA,R,Form,DEAL,RATE_TYP,T,E,G,A,S,S,I
CURR,CURR,CURR,CURR,2026-09-29,2026-09-29,CURR,WAREHO,C,MO,O,A,Y,MAKER_ID_272,2026-09-29,CHECKER_ID_2,2026-09-29,3657,POOL_CODE,8,0,C,C,1.15000,2.90000,CU,R,Form,DEAL,RATE_TYP,T,E,G,A,C,S,I
LOAN,LOAN,LOAN,LOAN,2026-09-30,2026-09-30,LOAN,WAREHO,L,MO,O,A,Y,MAKER_ID_273,2026-09-30,CHECKER_ID_2,2026-09-30,1241,POOL_CODE,6,0,C,C,4.41000,3.86000,LO,R,Form,DEAL,RATE_TYP,T,E,G,A,L,S,I
TD01,TD01,TD01,TD01,2026-10-01,2026-10-01,TD01,WAREHO,T,MO,O,A,Y,MAKER_ID_274,2026-10-01,CHECKER_ID_2,2026-10-01,5529,POOL_CODE,6,0,C,C,3.42000,1.72000,TD,R,Form,DEAL,RATE_TYP,T,E,G,A,T,S,I
CARD,CARD,CARD,CARD,2026-10-02,2026-10-02,CARD,WAREHO,C,MO,O,A,Y,MAKER_ID_275,2026-10-02,CHECKER_ID_2,2026-10-02,2702,POOL_CODE,8,0,C,C,4.40000,1.13000,CA,R,Form,DEAL,RATE_TYP,T,E,G,A,C,S,I
CLRG,CLRG,CLRG,CLRG,2026-10-03,2026-10-03,CLRG,WAREHO,C,MO,O,A,Y,MAKER_ID_276,2026-10-03,CHECKER_ID_2,2026-10-03,9531,POOL_CODE,7,0,C,C,1.16000,2.51000,CL,R,Form,DEAL,RATE_TYP,T,E,G,A,C,S,I
SAV1,SAV1,SAV1,SAV1,2026-10-04,2026-10-04,SAV1,WAREHO,S,MO,O,U,Y,MAKER_ID_277,2026-10-04,CHECKER_ID_2,2026-10-04,995,POOL_CODE,9,0,C,C,3.39000,1.68000,SA,R,Form,DEAL,RATE_TYP,T,E,G,A,S,S,I
CURR,CURR,CURR,CURR,2026-10-05,2026-10-05,CURR,WAREHO,C,MO,O,A,Y,MAKER_ID_278,2026-10-05,CHECKER_ID_2,2026-10-05,1652,POOL_CODE,6,0,C,C,1.43000,3.83000,CU,R,Form,DEAL,RATE_TYP,T,E,G,A,C,S,I
LOAN,LOAN,LOAN,LOAN,2026-10-06,2026-10-06,LOAN,WAREHO,L,MO,O,A,Y,MAKER_ID_279,2026-10-06,CHECKER_ID_2,2026-10-06,7330,POOL_CODE,6,0,C,C,3.43000,3.05000,LO,R,Form,DEAL,RATE_TYP,T,E,G,A,L,S,I
TD01,TD01,TD01,TD01,2026-10-07,2026-10-07,TD01,WAREHO,T,MO,O,A,Y,MAKER_ID_280,2026-10-07,CHECKER_ID_2,2026-10-07,1194,POOL_CODE,3,0,C,C,3.99000,3.45000,TD,R,Form,DEAL,RATE_TYP,T,E,G,A,T,S,I
CARD,CARD,CARD,CARD,2026-10-08,2026-10-08,CARD,WAREHO,C,MO,O,A,Y,MAKER_ID_281,2026-10-08,CHECKER_ID_2,2026-10-08,2647,POOL_CODE,6,0,C,C,2.64000,4.04000,CA,R,Form,DEAL,RATE_TYP,T,E,G,A,C,S,I
CLRG,CLRG,CLRG,CLRG,2026-10-09,2026-10-09,CLRG,WAREHO,C,MO,O,A,Y,MAKER_ID_282,2026-10-09,CHECKER_ID_2,2026-10-09,8946,POOL_CODE,0,0,C,C,3.89000,0.94000,CL,R,Form,DEAL,RATE_TYP,T,E,G,A,C,S,I
SAV1,SAV1,SAV1,SAV1,2026-10-10,2026-10-10,SAV1,WAREHO,S,MO,O,A,Y,MAKER_ID_283,2026-10-10,CHECKER_ID_2,2026-10-10,6118,POOL_CODE,8,0,C,C,3.08000,1.36000,SA,R,Form,DEAL,RATE_TYP,T,E,G,A,S,S,I
CURR,CURR,CURR,CURR,2026-10-11,2026-10-11,CURR,WAREHO,C,MO,O,A,Y,MAKER_ID_284,2026-10-11,CHECKER_ID_2,2026-10-11,993,POOL_CODE,5,0,C,C,4.30000,4.04000,CU,R,Form,DEAL,RATE_TYP,T,E,G,A,C,S,I
LOAN,LOAN,LOAN,LOAN,2026-10-12,2026-10-12,LOAN,WAREHO,L,MO,O,A,Y,MAKER_ID_285,2026-10-12,CHECKER_ID_2,2026-10-12,9731,POOL_CODE,3,0,C,C,1.29000,2.64000,LO,R,Form,DEAL,RATE_TYP,T,E,G,A,L,S,I
TD01,TD01,TD01,TD01,2026-10-13,2026-10-13,TD01,WAREHO,T,MO,O,A,Y,MAKER_ID_286,2026-10-13,CHECKER_ID_2,2026-10-13,506,POOL_CODE,2,0,C,C,3.30000,4.15000,TD,R,Form,DEAL,RATE_TYP,T,E,G,A,T,S,I
CARD,CARD,CARD,CARD,2026-10-14,2026-10-14,CARD,WAREHO,C,MO,O,A,Y,MAKER_ID_287,2026-10-14,CHECKER_ID_2,2026-10-14,1905,POOL_CODE,0,0,C,C,2.56000,1.61000,CA,R,Form,DEAL,RATE_TYP,T,E,G,A,C,S,I
CLRG,CLRG,CLRG,CLRG,2026-10-15,2026-10-15,CLRG,WAREHO,C,MO,O,A,Y,MAKER_ID_288,2026-10-15,CHECKER_ID_2,2026-10-15,2261,POOL_CODE,9,0,C,C,2.34000,0.81000,CL,R,Form,DEAL,RATE_TYP,T,E,G,A,C,S,I
SAV1,SAV1,SAV1,SAV1,2026-10-16,2026-10-16,SAV1,WAREHO,S,MO,O,A,Y,MAKER_ID_289,2026-10-16,CHECKER_ID_2,2026-10-16,6399,POOL_CODE,6,0,C,C,1.30000,1.91000,SA,R,Form,DEAL,RATE_TYP,T,E,G,A,S,S,I
CURR,CURR,CURR,CURR,2026-10-17,2026-10-17,CURR,WAREHO,C,MO,O,A,Y,MAKER_ID_290,2026-10-17,CHECKER_ID_2,2026-10-17,6315,POOL_CODE,2,0,C,C,2.90000,3.27000,CU,R,Form,DEAL,RATE_TYP,T,E,G,A,C,S,I
LOAN,LOAN,LOAN,LOAN,2026-10-18,2026-10-18,LOAN,WAREHO,L,MO,O,A,Y,MAKER_ID_291,2026-10-18,CHECKER_ID_2,2026-10-18,5793,POOL_CODE,9,0,C,C,4.29000,2.76000,LO,R,Form,DEAL,RATE_TYP,T,E,G,A,L,S,I
TD01,TD01,TD01,TD01,2026-10-19,2026-10-19,TD01,WAREHO,T,MO,O,A,Y,MAKER_ID_292,2026-10-19,CHECKER_ID_2,2026-10-19,5813,POOL_CODE,3,0,C,C,2.82000,3.98000,TD,R,Form,DEAL,RATE_TYP,T,E,G,A,T,S,I
CARD,CARD,CARD,CARD,2026-10-20,2026-10-20,CARD,WAREHO,C,MO,O,A,Y,MAKER_ID_293,2026-10-20,CHECKER_ID_2,2026-10-20,5984,POOL_CODE,2,0,C,C,3.00000,4.31000,CA,R,Form,DEAL,RATE_TYP,T,E,G,A,C,S,I
CLRG,CLRG,CLRG,CLRG,2026-10-21,2026-10-21,CLRG,WAREHO,C,MO,O,A,Y,MAKER_ID_294,2026-10-21,CHECKER_ID_2,2026-10-21,1616,POOL_CODE,3,0,C,C,3.62000,2.15000,CL,R,Form,DEAL,RATE_TYP,T,E,G,A,C,S,I
SAV1,SAV1,SAV1,SAV1,2026-10-22,2026-10-22,SAV1,WAREHO,S,MO,O,A,Y,MAKER_ID_295,2026-10-22,CHECKER_ID_2,2026-10-22,1812,POOL_CODE,4,0,C,C,1.15000,3.77000,SA,R,Form,DEAL,RATE_TYP,T,E,G,A,S,S,I
CURR,CURR,CURR,CURR,2026-10-23,2026-10-23,CURR,WAREHO,C,MO,O,A,Y,MAKER_ID_296,2026-10-23,CHECKER_ID_2,2026-10-23,7017,POOL_CODE,5,0,C,C,1.44000,1.68000,CU,R,Form,DEAL,RATE_TYP,T,E,G,A,C,S,I
LOAN,LOAN,LOAN,LOAN,2026-10-24,2026-10-24,LOAN,WAREHO,L,MO,O,A,Y,MAKER_ID_297,2026-10-24,CHECKER_ID_2,2026-10-24,5733,POOL_CODE,7,0,C,C,1.56000,2.21000,LO,R,Form,DEAL,RATE_TYP,T,E,G,A,L,S,I
TD01,TD01,TD01,TD01,2026-10-25,2026-10-25,TD01,WAREHO,T,MO,O,A,Y,MAKER_ID_298,2026-10-25,CHECKER_ID_2,2026-10-25,1738,POOL_CODE,6,0,C,C,2.50000,1.98000,TD,R,Form,DEAL,RATE_TYP,T,E,G,A,T,S,I
CARD,CARD,CARD,CARD,2026-10-26,2026-10-26,CARD,WAREHO,C,MO,O,A,Y,MAKER_ID_299,2026-10-26,CHECKER_ID_2,2026-10-26,2246,POOL_CODE,1,0,C,C,2.27000,1.51000,CA,R,Form,DEAL,RATE_TYP,T,E,G,A,C,S,I
CLRG,CLRG,CLRG,CLRG,2026-10-27,2026-10-27,CLRG,WAREHO,C,MO,O,U,Y,MAKER_ID_300,2026-10-27,CHECKER_ID_3,2026-10-27,4885,POOL_CODE,6,0,C,C,1.55000,2.17000,CL,R,Form,DEAL,RATE_TYP,T,E,G,A,C,S,I
SAV1,SAV1,SAV1,SAV1,2026-10-28,2026-10-28,SAV1,WAREHO,S,MO,O,A,Y,MAKER_ID_301,2026-10-28,CHECKER_ID_3,2026-10-28,7751,POOL_CODE,4,0,C,C,3.07000,3.17000,SA,R,Form,DEAL,RATE_TYP,T,E,G,A,S,S,I
CURR,CURR,CURR,CURR,2026-10-29,2026-10-29,CURR,WAREHO,C,MO,O,A,Y,MAKER_ID_302,2026-10-29,CHECKER_ID_3,2026-10-29,7173,POOL_CODE,2,0,C,C,1.49000,4.49000,CU,R,Form,DEAL,RATE_TYP,T,E,G,A,C,S,I
LOAN,LOAN,LOAN,LOAN,2026-10-30,2026-10-30,LOAN,WAREHO,L,MO,O,A,Y,MAKER_ID_303,2026-10-30,CHECKER_ID_3,2026-10-30,1067,POOL_CODE,9,0,C,C,1.43000,3.24000,LO,R,Form,DEAL,RATE_TYP,T,E,G,A,L,S,I
TD01,TD01,TD01,TD01,2026-10-31,2026-10-31,TD01,WAREHO,T,MO,O,A,Y,MAKER_ID_304,2026-10-31,CHECKER_ID_3,2026-10-31,1019,POOL_CODE,7,0,C,C,1.15000,2.22000,TD,R,Form,DEAL,RATE_TYP,T,E,G,A,T,S,I
CARD,CARD,CARD,CARD,2026-11-01,2026-11-01,CARD,WAREHO,C,MO,O,A,Y,MAKER_ID_305,2026-11-01,CHECKER_ID_3,2026-11-01,9712,POOL_CODE,3,0,C,C,2.68000,2.48000,CA,R,Form,DEAL,RATE_TYP,T,E,G,A,C,S,I
CLRG,CLRG,CLRG,CLRG,2026-11-02,2026-11-02,CLRG,WAREHO,C,MO,O,A,Y,MAKER_ID_306,2026-11-02,CHECKER_ID_3,2026-11-02,17,POOL_CODE,5,0,C,C,3.10000,4.28000,CL,R,Form,DEAL,RATE_TYP,T,E,G,A,C,S,I
SAV1,SAV1,SAV1,SAV1,2026-11-03,2026-11-03,SAV1,WAREHO,S,MO,O,A,Y,MAKER_ID_307,2026-11-03,CHECKER_ID_3,2026-11-03,6105,POOL_CODE,4,0,C,C,3.46000,3.40000,SA,R,Form,DEAL,RATE_TYP,T,E,G,A,S,S,I
CURR,CURR,CURR,CURR,2026-11-04,2026-11-04,CURR,WAREHO,C,MO,O,A,Y,MAKER_ID_308,2026-11-04,CHECKER_ID_3,2026-11-04,508,POOL_CODE,6,0,C,C,2.77000,2.07000,CU,R,Form,DEAL,RATE_TYP,T,E,G,A,C,S,I
LOAN,LOAN,LOAN,LOAN,2026-11-05,2026-11-05,LOAN,WAREHO,L,MO,O,A,Y,MAKER_ID_309,2026-11-05,CHECKER_ID_3,2026-11-05,9385,POOL_CODE,6,0,C,C,4.39000,2.05000,LO,R,Form,DEAL,RATE_TYP,T,E,G,A,L,S,I
TD01,TD01,TD01,TD01,2026-11-06,2026-11-06,TD01,WAREHO,T,MO,O,A,Y,MAKER_ID_310,2026-11-06,CHECKER_ID_3,2026-11-06,6610,POOL_CODE,5,0,C,C,4.24000,3.93000,TD,R,Form,DEAL,RATE_TYP,T,E,G,A,T,S,I
CARD,CARD,CARD,CARD,2026-11-07,2026-11-07,CARD,WAREHO,C,MO,O,A,Y,MAKER_ID_311,2026-11-07,CHECKER_ID_3,2026-11-07,2628,POOL_CODE,0,0,C,C,3.96000,1.72000,CA,R,Form,DEAL,RATE_TYP,T,E,G,A,C,S,I
CLRG,CLRG,CLRG,CLRG,2026-11-08,2026-11-08,CLRG,WAREHO,C,MO,O,A,Y,MAKER_ID_312,2026-11-08,CHECKER_ID_3,2026-11-08,4023,POOL_CODE,9,0,C,C,2.93000,2.71000,CL,R,Form,DEAL,RATE_TYP,T,E,G,A,C,S,I
SAV1,SAV1,SAV1,SAV1,2026-11-09,2026-11-09,SAV1,WAREHO,S,MO,O,A,Y,MAKER_ID_313,2026-11-09,CHECKER_ID_3,2026-11-09,679,POOL_CODE,3,0,C,C,2.45000,3.11000,SA,R,Form,DEAL,RATE_TYP,T,E,G,A,S,S,I
CURR,CURR,CURR,CURR,2026-11-10,2026-11-10,CURR,WAREHO,C,MO,O,A,Y,MAKER_ID_314,2026-11-10,CHECKER_ID_3,2026-11-10,4157,POOL_CODE,0,0,C,C,4.02000,2.04000,CU,R,Form,DEAL,RATE_TYP,T,E,G,A,C,S,I
LOAN,LOAN,LOAN,LOAN,2026-11-11,2026-11-11,LOAN,WAREHO,L,MO,O,A,Y,MAKER_ID_315,2026-11-11,CHECKER_ID_3,2026-11-11,9688,POOL_CODE,8,0,C,C,1.95000,3.57000,LO,R,Form,DEAL,RATE_TYP,T,E,G,A,L,S,I
TD01,TD01,TD01,TD01,2026-11-12,2026-11-12,TD01,WAREHO,T,MO,O,A,Y,MAKER_ID_316,2026-11-12,CHECKER_ID_3,2026-11-12,9088,POOL_CODE,7,0,C,C,2.80000,4.19000,TD,R,Form,DEAL,RATE_TYP,T,E,G,A,T,S,I
CARD,CARD,CARD,CARD,2026-11-13,2026-11-13,CARD,WAREHO,C,MO,O,A,Y,MAKER_ID_317,2026-11-13,CHECKER_ID_3,2026-11-13,3676,POOL_CODE,4,0,C,C,1.38000,4.31000,CA,R,Form,DEAL,RATE_TYP,T,E,G,A,C,S,I
CLRG,CLRG,CLRG,CLRG,2026-11-14,2026-11-14,CLRG,WAREHO,C,MO,O,A,Y,MAKER_ID_318,2026-11-14,CHECKER_ID_3,2026-11-14,8753,POOL_CODE,4,0,C,C,1.41000,1.04000,CL,R,Form,DEAL,RATE_TYP,T,E,G,A,C,S,I
SAV1,SAV1,SAV1,SAV1,2026-11-15,2026-11-15,SAV1,WAREHO,S,MO,O,A,Y,MAKER_ID_319,2026-11-15,CHECKER_ID_3,2026-11-15,1882,POOL_CODE,9,0,C,C,1.81000,4.37000,SA,R,Form,DEAL,RATE_TYP,T,E,G,A,S,S,I
CURR,CURR,CURR,CURR,2026-11-16,2026-11-16,CURR,WAREHO,C,MO,O,A,Y,MAKER_ID_320,2026-11-16,CHECKER_ID_3,2026-11-16,1068,POOL_CODE,0,0,C,C,0.86000,2.09000,CU,R,Form,DEAL,RATE_TYP,T,E,G,A,C,S,I
LOAN,LOAN,LOAN,LOAN,2026-11-17,2026-11-17,LOAN,WAREHO,L,MO,O,A,Y,MAKER_ID_321,2026-11-17,CHECKER_ID_3,2026-11-17,7686,POOL_CODE,3,0,C,C,1.77000,1.79000,LO,R,Form,DEAL,RATE_TYP,T,E,G,A,L,S,I
TD01,TD01,TD01,TD01,2026-11-18,2026-11-18,TD01,WAREHO,T,MO,O,A,Y,MAKER_ID_322,2026-11-18,CHECKER_ID_3,2026-11-18,480,POOL_CODE,0,0,C,C,1.34000,1.89000,TD,R,Form,DEAL,RATE_TYP,T,E,G,A,T,S,I
CARD,CARD,CARD,CARD,2026-11-19,2026-11-19,CARD,WAREHO,C,MO,O,U,Y,MAKER_ID_323,2026-11-19,CHECKER_ID_3,2026-11-19,1371,POOL_CODE,3,0,C,C,2.85000,2.71000,CA,R,Form,DEAL,RATE_TYP,T,E,G,A,C,S,I
CLRG,CLRG,CLRG,CLRG,2026-11-20,2026-11-20,CLRG,WAREHO,C,MO,O,A,Y,MAKER_ID_324,2026-11-20,CHECKER_ID_3,2026-11-20,2089,POOL_CODE,5,0,C,C,1.23000,2.33000,CL,R,Form,DEAL,RATE_TYP,T,E,G,A,C,S,I
SAV1,SAV1,SAV1,SAV1,2026-11-21,2026-11-21,SAV1,WAREHO,S,MO,O,A,Y,MAKER_ID_325,2026-11-21,CHECKER_ID_3,2026-11-21,6164,POOL_CODE,9,0,C,C,2.97000,3.60000,SA,R,Form,DEAL,RATE_TYP,T,E,G,A,S,S,I
CURR,CURR,CURR,CURR,2026-11-22,2026-11-22,CURR,WAREHO,C,MO,O,A,Y,MAKER_ID_326,2026-11-22,CHECKER_ID_3,2026-11-22,7609,POOL_CODE,0,0,C,C,1.26000,1.73000,CU,R,Form,DEAL,RATE_TYP,T,E,G,A,C,S,I
LOAN,LOAN,LOAN,LOAN,2026-11-23,2026-11-23,LOAN,WAREHO,L,MO,O,A,Y,MAKER_ID_327,2026-11-23,CHECKER_ID_3,2026-11-23,1792,POOL_CODE,7,0,C,C,2.57000,2.82000,LO,R,Form,DEAL,RATE_TYP,T,E,G,A,L,S,I
TD01,TD01,TD01,TD01,2026-11-24,2026-11-24,TD01,WAREHO,T,MO,O,A,Y,MAKER_ID_328,2026-11-24,CHECKER_ID_3,2026-11-24,3442,POOL_CODE,1,0,C,C,2.21000,2.32000,TD,R,Form,DEAL,RATE_TYP,T,E,G,A,T,S,I
CARD,CARD,CARD,CARD,2026-11-25,2026-11-25,CARD,WAREHO,C,MO,O,A,Y,MAKER_ID_329,2026-11-25,CHECKER_ID_3,2026-11-25,8461,POOL_CODE,2,0,C,C,1.09000,1.56000,CA,R,Form,DEAL,RATE_TYP,T,E,G,A,C,S,I
CLRG,CLRG,CLRG,CLRG,2026-11-26,2026-11-26,CLRG,WAREHO,C,MO,O,A,Y,MAKER_ID_330,2026-11-26,CHECKER_ID_3,2026-11-26,8500,POOL_CODE,8,0,C,C,3.87000,4.15000,CL,R,Form,DEAL,RATE_TYP,T,E,G,A,C,S,I
SAV1,SAV1,SAV1,SAV1,2026-11-27,2026-11-27,SAV1,WAREHO,S,MO,O,A,Y,MAKER_ID_331,2026-11-27,CHECKER_ID_3,2026-11-27,120,POOL_CODE,2,0,C,C,4.14000,2.63000,SA,R,Form,DEAL,RATE_TYP,T,E,G,A,S,S,I
CURR,CURR,CURR,CURR,2026-11-28,2026-11-28,CURR,WAREHO,C,MO,O,A,Y,MAKER_ID_332,2026-11-28,CHECKER_ID_3,2026-11-28,7959,POOL_CODE,0,0,C,C,4.07000,3.17000,CU,R,Form,DEAL,RATE_TYP,T,E,G,A,C,S,I
LOAN,LOAN,LOAN,LOAN,2026-11-29,2026-11-29,LOAN,WAREHO,L,MO,O,A,Y,MAKER_ID_333,2026-11-29,CHECKER_ID_3,2026-11-29,1670,POOL_CODE,2,0,C,C,2.29000,3.56000,LO,R,Form,DEAL,RATE_TYP,T,E,G,A,L,S,I
TD01,TD01,TD01,TD01,2026-11-30,2026-11-30,TD01,WAREHO,T,MO,O,A,Y,MAKER_ID_334,2026-11-30,CHECKER_ID_3,2026-11-30,410,POOL_CODE,5,0,C,C,1.45000,4.15000,TD,R,Form,DEAL,RATE_TYP,T,E,G,A,T,S,I
CARD,CARD,CARD,CARD,2026-12-01,2026-12-01,CARD,WAREHO,C,MO,O,A,Y,MAKER_ID_335,2026-12-01,CHECKER_ID_3,2026-12-01,5952,POOL_CODE,3,0,C,C,4.31000,2.67000,CA,R,Form,DEAL,RATE_TYP,T,E,G,A,C,S,I
CLRG,CLRG,CLRG,CLRG,2026-12-02,2026-12-02,CLRG,WAREHO,C,MO,O,A,Y,MAKER_ID_336,2026-12-02,CHECKER_ID_3,2026-12-02,1940,POOL_CODE,1,0,C,C,0.95000,1.90000,CL,R,Form,DEAL,RATE_TYP,T,E,G,A,C,S,I
SAV1,SAV1,SAV1,SAV1,2026-12-03,2026-12-03,SAV1,WAREHO,S,MO,O,A,Y,MAKER_ID_337,2026-12-03,CHECKER_ID_3,2026-12-03,2766,POOL_CODE,0,0,C,C,1.33000,3.23000,SA,R,Form,DEAL,RATE_TYP,T,E,G,A,S,S,I
CURR,CURR,CURR,CURR,2026-12-04,2026-12-04,CURR,WAREHO,C,MO,O,A,Y,MAKER_ID_338,2026-12-04,CHECKER_ID_3,2026-12-04,1802,POOL_CODE,9,0,C,C,3.44000,0.80000,CU,R,Form,DEAL,RATE_TYP,T,E,G,A,C,S,I
LOAN,LOAN,LOAN,LOAN,2026-12-05,2026-12-05,LOAN,WAREHO,L,MO,O,A,Y,MAKER_ID_339,2026-12-05,CHECKER_ID_3,2026-12-05,78,POOL_CODE,9,0,C,C,0.92000,1.50000,LO,R,Form,DEAL,RATE_TYP,T,E,G,A,L,S,I
TD01,TD01,TD01,TD01,2026-12-06,2026-12-06,TD01,WAREHO,T,MO,O,A,Y,MAKER_ID_340,2026-12-06,CHECKER_ID_3,2026-12-06,6929,POOL_CODE,5,0,C,C,3.41000,1.25000,TD,R,Form,DEAL,RATE_TYP,T,E,G,A,T,S,I
CARD,CARD,CARD,CARD,2026-12-07,2026-12-07,CARD,WAREHO,C,MO,O,A,Y,MAKER_ID_341,2026-12-07,CHECKER_ID_3,2026-12-07,3490,POOL_CODE,5,0,C,C,3.20000,1.01000,CA,R,Form,DEAL,RATE_TYP,T,E,G,A,C,S,I
CLRG,CLRG,CLRG,CLRG,2026-12-08,2026-12-08,CLRG,WAREHO,C,MO,O,A,Y,MAKER_ID_342,2026-12-08,CHECKER_ID_3,2026-12-08,8511,POOL_CODE,3,0,C,C,1.31000,1.43000,CL,R,Form,DEAL,RATE_TYP,T,E,G,A,C,S,I
SAV1,SAV1,SAV1,SAV1,2026-12-09,2026-12-09,SAV1,WAREHO,S,MO,O,A,Y,MAKER_ID_343,2026-12-09,CHECKER_ID_3,2026-12-09,8548,POOL_CODE,0,0,C,C,2.67000,4.47000,SA,R,Form,DEAL,RATE_TYP,T,E,G,A,S,S,I
CURR,CURR,CURR,CURR,2026-12-10,2026-12-10,CURR,WAREHO,C,MO,O,A,Y,MAKER_ID_344,2026-12-10,CHECKER_ID_3,2026-12-10,4449,POOL_CODE,8,0,C,C,4.43000,4.10000,CU,R,Form,DEAL,RATE_TYP,T,E,G,A,C,S,I
LOAN,LOAN,LOAN,LOAN,2026-12-11,2026-12-11,LOAN,WAREHO,L,MO,O,A,Y,MAKER_ID_345,2026-12-11,CHECKER_ID_3,2026-12-11,8784,POOL_CODE,6,0,C,C,2.12000,1.65000,LO,R,Form,DEAL,RATE_TYP,T,E,G,A,L,S,I
TD01,TD01,TD01,TD01,2026-12-12,2026-12-12,TD01,WAREHO,T,MO,O,U,Y,MAKER_ID_346,2026-12-12,CHECKER_ID_3,2026-12-12,6719,POOL_CODE,3,0,C,C,2.15000,3.31000,TD,R,Form,DEAL,RATE_TYP,T,E,G,A,T,S,I
CARD,CARD,CARD,CARD,2026-12-13,2026-12-13,CARD,WAREHO,C,MO,O,A,Y,MAKER_ID_347,2026-12-13,CHECKER_ID_3,2026-12-13,5393,POOL_CODE,1,0,C,C,4.02000,0.84000,CA,R,Form,DEAL,RATE_TYP,T,E,G,A,C,S,I
CLRG,CLRG,CLRG,CLRG,2026-12-14,2026-12-14,CLRG,WAREHO,C,MO,O,A,Y,MAKER_ID_348,2026-12-14,CHECKER_ID_3,2026-12-14,5838,POOL_CODE,5,0,C,C,1.14000,2.85000,CL,R,Form,DEAL,RATE_TYP,T,E,G,A,C,S,I
SAV1,SAV1,SAV1,SAV1,2026-12-15,2026-12-15,SAV1,WAREHO,S,MO,O,A,Y,MAKER_ID_349,2026-12-15,CHECKER_ID_3,2026-12-15,2393,POOL_CODE,5,0,C,C,1.19000,1.56000,SA,R,Form,DEAL,RATE_TYP,T,E,G,A,S,S,I
CURR,CURR,CURR,CURR,2026-12-16,2026-12-16,CURR,WAREHO,C,MO,O,A,Y,MAKER_ID_350,2026-12-16,CHECKER_ID_3,2026-12-16,2317,POOL_CODE,1,0,C,C,1.00000,1.38000,CU,R,Form,DEAL,RATE_TYP,T,E,G,A,C,S,I
LOAN,LOAN,LOAN,LOAN,2026-12-17,2026-12-17,LOAN,WAREHO,L,MO,O,A,Y,MAKER_ID_351,2026-12-17,CHECKER_ID_3,2026-12-17,6952,POOL_CODE,4,0,C,C,2.48000,4.34000,LO,R,Form,DEAL,RATE_TYP,T,E,G,A,L,S,I
TD01,TD01,TD01,TD01,2026-12-18,2026-12-18,TD01,WAREHO,T,MO,O,A,Y,MAKER_ID_352,2026-12-18,CHECKER_ID_3,2026-12-18,8059,POOL_CODE,8,0,C,C,3.93000,4.14000,TD,R,Form,DEAL,RATE_TYP,T,E,G,A,T,S,I
CARD,CARD,CARD,CARD,2026-12-19,2026-12-19,CARD,WAREHO,C,MO,O,A,Y,MAKER_ID_353,2026-12-19,CHECKER_ID_3,2026-12-19,2518,POOL_CODE,8,0,C,C,3.59000,1.87000,CA,R,Form,DEAL,RATE_TYP,T,E,G,A,C,S,I
CLRG,CLRG,CLRG,CLRG,2026-12-20,2026-12-20,CLRG,WAREHO,C,MO,O,A,Y,MAKER_ID_354,2026-12-20,CHECKER_ID_3,2026-12-20,1445,POOL_CODE,5,0,C,C,1.26000,1.56000,CL,R,Form,DEAL,RATE_TYP,T,E,G,A,C,S,I
SAV1,SAV1,SAV1,SAV1,2026-12-21,2026-12-21,SAV1,WAREHO,S,MO,O,A,Y,MAKER_ID_355,2026-12-21,CHECKER_ID_3,2026-12-21,9981,POOL_CODE,7,0,C,C,3.62000,2.43000,SA,R,Form,DEAL,RATE_TYP,T,E,G,A,S,S,I
CURR,CURR,CURR,CURR,2026-12-22,2026-12-22,CURR,WAREHO,C,MO,O,A,Y,MAKER_ID_356,2026-12-22,CHECKER_ID_3,2026-12-22,1897,POOL_CODE,4,0,C,C,4.34000,3.44000,CU,R,Form,DEAL,RATE_TYP,T,E,G,A,C,S,I
LOAN,LOAN,LOAN,LOAN,2026-12-23,2026-12-23,LOAN,WAREHO,L,MO,O,A,Y,MAKER_ID_357,2026-12-23,CHECKER_ID_3,2026-12-23,6936,POOL_CODE,9,0,C,C,1.54000,2.04000,LO,R,Form,DEAL,RATE_TYP,T,E,G,A,L,S,I
TD01,TD01,TD01,TD01,2026-12-24,2026-12-24,TD01,WAREHO,T,MO,O,A,Y,MAKER_ID_358,2026-12-24,CHECKER_ID_3,2026-12-24,7734,POOL_CODE,9,0,C,C,2.96000,1.04000,TD,R,Form,DEAL,RATE_TYP,T,E,G,A,T,S,I
CARD,CARD,CARD,CARD,2026-12-25,2026-12-25,CARD,WAREHO,C,MO,O,A,Y,MAKER_ID_359,2026-12-25,CHECKER_ID_3,2026-12-25,4048,POOL_CODE,5,0,C,C,2.71000,2.90000,CA,R,Form,DEAL,RATE_TYP,T,E,G,A,C,S,I
CLRG,CLRG,CLRG,CLRG,2026-12-26,2026-12-26,CLRG,WAREHO,C,MO,O,A,Y,MAKER_ID_360,2026-12-26,CHECKER_ID_3,2026-12-26,7317,POOL_CODE,9,0,C,C,3.49000,3.61000,CL,R,Form,DEAL,RATE_TYP,T,E,G,A,C,S,I
SAV1,SAV1,SAV1,SAV1,2026-12-27,2026-12-27,SAV1,WAREHO,S,MO,O,A,Y,MAKER_ID_361,2026-12-27,CHECKER_ID_3,2026-12-27,3244,POOL_CODE,6,0,C,C,1.22000,3.06000,SA,R,Form,DEAL,RATE_TYP,T,E,G,A,S,S,I
CURR,CURR,CURR,CURR,2026-12-28,2026-12-28,CURR,WAREHO,C,MO,O,A,Y,MAKER_ID_362,2026-12-28,CHECKER_ID_3,2026-12-28,78,POOL_CODE,7,0,C,C,2.22000,0.90000,CU,R,Form,DEAL,RATE_TYP,T,E,G,A,C,S,I
LOAN,LOAN,LOAN,LOAN,2026-12-29,2026-12-29,LOAN,WAREHO,L,MO,O,A,Y,MAKER_ID_363,2026-12-29,CHECKER_ID_3,2026-12-29,7029,POOL_CODE,4,0,C,C,1.06000,2.23000,LO,R,Form,DEAL,RATE_TYP,T,E,G,A,L,S,I
TD01,TD01,TD01,TD01,2026-12-30,2026-12-30,TD01,WAREHO,T,MO,O,A,Y,MAKER_ID_364,2026-12-30,CHECKER_ID_3,2026-12-30,5133,POOL_CODE,6,0,C,C,1.60000,2.47000,TD,R,Form,DEAL,RATE_TYP,T,E,G,A,T,S,I
CARD,CARD,CARD,CARD,2026-12-31,2026-12-31,CARD,WAREHO,C,MO,O,A,Y,MAKER_ID_365,2026-12-31,CHECKER_ID_3,2026-12-31,4988,POOL_CODE,9,0,C,C,3.48000,3.46000,CA,R,Form,DEAL,RATE_TYP,T,E,G,A,C,S,I
CLRG,CLRG,CLRG,CLRG,2026-01-01,2026-01-01,CLRG,WAREHO,C,MO,O,A,Y,MAKER_ID_366,2026-01-01,CHECKER_ID_3,2026-01-01,6746,POOL_CODE,5,0,C,C,3.17000,3.88000,CL,R,Form,DEAL,RATE_TYP,T,E,G,A,C,S,I
SAV1,SAV1,SAV1,SAV1,2026-01-02,2026-01-02,SAV1,WAREHO,S,MO,O,A,Y,MAKER_ID_367,2026-01-02,CHECKER_ID_3,2026-01-02,5699,POOL_CODE,8,0,C,C,2.85000,3.81000,SA,R,Form,DEAL,RATE_TYP,T,E,G,A,S,S,I
