TRN_CODE,EXTENDED_CODE,SHORT_DESCRIPTION,LONG_DESCRIPTION,POS_CODE,LANGUAGE_CODE,ATM_TRN_CODE,CARD_APP_CODE,PAYEE_CODE,SCR_FI_NO
ATM,EXTEN,Synthetic bank,Synthetic banking long_description row 1,POS_CODE_,LAN,ATM,CARD_APP_CODE_1,PAYEE_CODE_1,SCR_FI_NO_1
DEP,EXTEN,Synthetic bank,Synthetic banking long_description row 2,POS_CODE_,LAN,DEP,CARD_APP_CODE_2,PAYEE_CODE_2,SCR_FI_NO_2
WDR,EXTEN,Synthetic bank,Synthetic banking long_description row 3,POS_CODE_,LAN,WDR,CARD_APP_CODE_3,PAYEE_CODE_3,SCR_FI_NO_3
TRF,EXTEN,Synthetic bank,Synthetic banking long_description row 4,POS_CODE_,LAN,TRF,CARD_APP_CODE_4,PAYEE_CODE_4,SCR_FI_NO_4
FEE,EXTEN,Synthetic bank,Synthetic banking long_description row 5,POS_CODE_,LAN,FEE,CARD_APP_CODE_5,PAYEE_CODE_5,SCR_FI_NO_5
INT,EXTEN,Synthetic bank,Synthetic banking long_description row 6,POS_CODE_,LAN,INT,CARD_APP_CODE_6,PAYEE_CODE_6,SCR_FI_NO_6
REV,EXTEN,Synthetic bank,Synthetic banking long_description row 7,POS_CODE_,LAN,REV,CARD_APP_CODE_7,PAYEE_CODE_7,SCR_FI_NO_7
PAY,EXTEN,Synthetic bank,Synthetic banking long_description row 8,POS_CODE_,LAN,PAY,CARD_APP_CODE_8,PAYEE_CODE_8,SCR_FI_NO_8
ATM,EXTEN,Synthetic bank,Synthetic banking long_description row 9,POS_CODE_,LAN,ATM,CARD_APP_CODE_9,PAYEE_CODE_9,SCR_FI_NO_9
DEP,EXTEN,Synthetic bank,Synthetic banking long_description row 10,POS_CODE_,LAN,DEP,CARD_APP_CODE_10,PAYEE_CODE_10,SCR_FI_NO_10
WDR,EXTEN,Synthetic bank,Synthetic banking long_description row 11,POS_CODE_,LAN,WDR,CARD_APP_CODE_11,PAYEE_CODE_11,SCR_FI_NO_11
TRF,EXTEN,Synthetic bank,Synthetic banking long_description row 12,POS_CODE_,LAN,TRF,CARD_APP_CODE_12,PAYEE_CODE_12,SCR_FI_NO_12
FEE,EXTEN,Synthetic bank,Synthetic banking long_description row 13,POS_CODE_,LAN,FEE,CARD_APP_CODE_13,PAYEE_CODE_13,SCR_FI_NO_13
INT,EXTEN,Synthetic bank,Synthetic banking long_description row 14,POS_CODE_,LAN,INT,CARD_APP_CODE_14,PAYEE_CODE_14,SCR_FI_NO_14
REV,EXTEN,Synthetic bank,Synthetic banking long_description row 15,POS_CODE_,LAN,REV,CARD_APP_CODE_15,PAYEE_CODE_15,SCR_FI_NO_15
PAY,EXTEN,Synthetic bank,Synthetic banking long_description row 16,POS_CODE_,LAN,PAY,CARD_APP_CODE_16,PAYEE_CODE_16,SCR_FI_NO_16
ATM,EXTEN,Synthetic bank,Synthetic banking long_description row 17,POS_CODE_,LAN,ATM,CARD_APP_CODE_17,PAYEE_CODE_17,SCR_FI_NO_17
DEP,EXTEN,Synthetic bank,Synthetic banking long_description row 18,POS_CODE_,LAN,DEP,CARD_APP_CODE_18,PAYEE_CODE_18,SCR_FI_NO_18
WDR,EXTEN,Synthetic bank,Synthetic banking long_description row 19,POS_CODE_,LAN,WDR,CARD_APP_CODE_19,PAYEE_CODE_19,SCR_FI_NO_19
TRF,EXTEN,Synthetic bank,Synthetic banking long_description row 20,POS_CODE_,LAN,TRF,CARD_APP_CODE_20,PAYEE_CODE_20,SCR_FI_NO_20
FEE,EXTEN,Synthetic bank,Synthetic banking long_description row 21,POS_CODE_,LAN,FEE,CARD_APP_CODE_21,PAYEE_CODE_21,SCR_FI_NO_21
INT,EXTEN,Synthetic bank,Synthetic banking long_description row 22,POS_CODE_,LAN,INT,CARD_APP_CODE_22,PAYEE_CODE_22,SCR_FI_NO_22
REV,EXTEN,Synthetic bank,Synthetic banking long_description row 23,POS_CODE_,LAN,REV,CARD_APP_CODE_23,PAYEE_CODE_23,SCR_FI_NO_23
PAY,EXTEN,Synthetic bank,Synthetic banking long_description row 24,POS_CODE_,LAN,PAY,CARD_APP_CODE_24,PAYEE_CODE_24,SCR_FI_NO_24
ATM,EXTEN,Synthetic bank,Synthetic banking long_description row 25,POS_CODE_,LAN,ATM,CARD_APP_CODE_25,PAYEE_CODE_25,SCR_FI_NO_25
DEP,EXTEN,Synthetic bank,Synthetic banking long_description row 26,POS_CODE_,LAN,DEP,CARD_APP_CODE_26,PAYEE_CODE_26,SCR_FI_NO_26
WDR,EXTEN,Synthetic bank,Synthetic banking long_description row 27,POS_CODE_,LAN,WDR,CARD_APP_CODE_27,PAYEE_CODE_27,SCR_FI_NO_27
TRF,EXTEN,Synthetic bank,Synthetic banking long_description row 28,POS_CODE_,LAN,TRF,CARD_APP_CODE_28,PAYEE_CODE_28,SCR_FI_NO_28
FEE,EXTEN,Synthetic bank,Synthetic banking long_description row 29,POS_CODE_,LAN,FEE,CARD_APP_CODE_29,PAYEE_CODE_29,SCR_FI_NO_29
INT,EXTEN,Synthetic bank,Synthetic banking long_description row 30,POS_CODE_,LAN,INT,CARD_APP_CODE_30,PAYEE_CODE_30,SCR_FI_NO_30
REV,EXTEN,Synthetic bank,Synthetic banking long_description row 31,POS_CODE_,LAN,REV,CARD_APP_CODE_31,PAYEE_CODE_31,SCR_FI_NO_31
PAY,EXTEN,Synthetic bank,Synthetic banking long_description row 32,POS_CODE_,LAN,PAY,CARD_APP_CODE_32,PAYEE_CODE_32,SCR_FI_NO_32
ATM,EXTEN,Synthetic bank,Synthetic banking long_description row 33,POS_CODE_,LAN,ATM,CARD_APP_CODE_33,PAYEE_CODE_33,SCR_FI_NO_33
DEP,EXTEN,Synthetic bank,Synthetic banking long_description row 34,POS_CODE_,LAN,DEP,CARD_APP_CODE_34,PAYEE_CODE_34,SCR_FI_NO_34
WDR,EXTEN,Synthetic bank,Synthetic banking long_description row 35,POS_CODE_,LAN,WDR,CARD_APP_CODE_35,PAYEE_CODE_35,SCR_FI_NO_35
TRF,EXTEN,Synthetic bank,Synthetic banking long_description row 36,POS_CODE_,LAN,TRF,CARD_APP_CODE_36,PAYEE_CODE_36,SCR_FI_NO_36
FEE,EXTEN,Synthetic bank,Synthetic banking long_description row 37,POS_CODE_,LAN,FEE,CARD_APP_CODE_37,PAYEE_CODE_37,SCR_FI_NO_37
INT,EXTEN,Synthetic bank,Synthetic banking long_description row 38,POS_CODE_,LAN,INT,CARD_APP_CODE_38,PAYEE_CODE_38,SCR_FI_NO_38
REV,EXTEN,Synthetic bank,Synthetic banking long_description row 39,POS_CODE_,LAN,REV,CARD_APP_CODE_39,PAYEE_CODE_39,SCR_FI_NO_39
PAY,EXTEN,Synthetic bank,Synthetic banking long_description row 40,POS_CODE_,LAN,PAY,CARD_APP_CODE_40,PAYEE_CODE_40,SCR_FI_NO_40
ATM,EXTEN,Synthetic bank,Synthetic banking long_description row 41,POS_CODE_,LAN,ATM,CARD_APP_CODE_41,PAYEE_CODE_41,SCR_FI_NO_41
DEP,EXTEN,Synthetic bank,Synthetic banking long_description row 42,POS_CODE_,LAN,DEP,CARD_APP_CODE_42,PAYEE_CODE_42,SCR_FI_NO_42
WDR,EXTEN,Synthetic bank,Synthetic banking long_description row 43,POS_CODE_,LAN,WDR,CARD_APP_CODE_43,PAYEE_CODE_43,SCR_FI_NO_43
TRF,EXTEN,Synthetic bank,Synthetic banking long_description row 44,POS_CODE_,LAN,TRF,CARD_APP_CODE_44,PAYEE_CODE_44,SCR_FI_NO_44
FEE,EXTEN,Synthetic bank,Synthetic banking long_description row 45,POS_CODE_,LAN,FEE,CARD_APP_CODE_45,PAYEE_CODE_45,SCR_FI_NO_45
INT,EXTEN,Synthetic bank,Synthetic banking long_description row 46,POS_CODE_,LAN,INT,CARD_APP_CODE_46,PAYEE_CODE_46,SCR_FI_NO_46
REV,EXTEN,Synthetic bank,Synthetic banking long_description row 47,POS_CODE_,LAN,REV,CARD_APP_CODE_47,PAYEE_CODE_47,SCR_FI_NO_47
PAY,EXTEN,Synthetic bank,Synthetic banking long_description row 48,POS_CODE_,LAN,PAY,CARD_APP_CODE_48,PAYEE_CODE_48,SCR_FI_NO_48
ATM,EXTEN,Synthetic bank,Synthetic banking long_description row 49,POS_CODE_,LAN,ATM,CARD_APP_CODE_49,PAYEE_CODE_49,SCR_FI_NO_49
DEP,EXTEN,Synthetic bank,Synthetic banking long_description row 50,POS_CODE_,LAN,DEP,CARD_APP_CODE_50,PAYEE_CODE_50,SCR_FI_NO_50
WDR,EXTEN,Synthetic bank,Synthetic banking long_description row 51,POS_CODE_,LAN,WDR,CARD_APP_CODE_51,PAYEE_CODE_51,SCR_FI_NO_51
TRF,EXTEN,Synthetic bank,Synthetic banking long_description row 52,POS_CODE_,LAN,TRF,CARD_APP_CODE_52,PAYEE_CODE_52,SCR_FI_NO_52
FEE,EXTEN,Synthetic bank,Synthetic banking long_description row 53,POS_CODE_,LAN,FEE,CARD_APP_CODE_53,PAYEE_CODE_53,SCR_FI_NO_53
INT,EXTEN,Synthetic bank,Synthetic banking long_description row 54,POS_CODE_,LAN,INT,CARD_APP_CODE_54,PAYEE_CODE_54,SCR_FI_NO_54
REV,EXTEN,Synthetic bank,Synthetic banking long_description row 55,POS_CODE_,LAN,REV,CARD_APP_CODE_55,PAYEE_CODE_55,SCR_FI_NO_55
PAY,EXTEN,Synthetic bank,Synthetic banking long_description row 56,POS_CODE_,LAN,PAY,CARD_APP_CODE_56,PAYEE_CODE_56,SCR_FI_NO_56
ATM,EXTEN,Synthetic bank,Synthetic banking long_description row 57,POS_CODE_,LAN,ATM,CARD_APP_CODE_57,PAYEE_CODE_57,SCR_FI_NO_57
DEP,EXTEN,Synthetic bank,Synthetic banking long_description row 58,POS_CODE_,LAN,DEP,CARD_APP_CODE_58,PAYEE_CODE_58,SCR_FI_NO_58
WDR,EXTEN,Synthetic bank,Synthetic banking long_description row 59,POS_CODE_,LAN,WDR,CARD_APP_CODE_59,PAYEE_CODE_59,SCR_FI_NO_59
TRF,EXTEN,Synthetic bank,Synthetic banking long_description row 60,POS_CODE_,LAN,TRF,CARD_APP_CODE_60,PAYEE_CODE_60,SCR_FI_NO_60
FEE,EXTEN,Synthetic bank,Synthetic banking long_description row 61,POS_CODE_,LAN,FEE,CARD_APP_CODE_61,PAYEE_CODE_61,SCR_FI_NO_61
INT,EXTEN,Synthetic bank,Synthetic banking long_description row 62,POS_CODE_,LAN,INT,CARD_APP_CODE_62,PAYEE_CODE_62,SCR_FI_NO_62
REV,EXTEN,Synthetic bank,Synthetic banking long_description row 63,POS_CODE_,LAN,REV,CARD_APP_CODE_63,PAYEE_CODE_63,SCR_FI_NO_63
PAY,EXTEN,Synthetic bank,Synthetic banking long_description row 64,POS_CODE_,LAN,PAY,CARD_APP_CODE_64,PAYEE_CODE_64,SCR_FI_NO_64
ATM,EXTEN,Synthetic bank,Synthetic banking long_description row 65,POS_CODE_,LAN,ATM,CARD_APP_CODE_65,PAYEE_CODE_65,SCR_FI_NO_65
DEP,EXTEN,Synthetic bank,Synthetic banking long_description row 66,POS_CODE_,LAN,DEP,CARD_APP_CODE_66,PAYEE_CODE_66,SCR_FI_NO_66
WDR,EXTEN,Synthetic bank,Synthetic banking long_description row 67,POS_CODE_,LAN,WDR,CARD_APP_CODE_67,PAYEE_CODE_67,SCR_FI_NO_67
TRF,EXTEN,Synthetic bank,Synthetic banking long_description row 68,POS_CODE_,LAN,TRF,CARD_APP_CODE_68,PAYEE_CODE_68,SCR_FI_NO_68
FEE,EXTEN,Synthetic bank,Synthetic banking long_description row 69,POS_CODE_,LAN,FEE,CARD_APP_CODE_69,PAYEE_CODE_69,SCR_FI_NO_69
INT,EXTEN,Synthetic bank,Synthetic banking long_description row 70,POS_CODE_,LAN,INT,CARD_APP_CODE_70,PAYEE_CODE_70,SCR_FI_NO_70
REV,EXTEN,Synthetic bank,Synthetic banking long_description row 71,POS_CODE_,LAN,REV,CARD_APP_CODE_71,PAYEE_CODE_71,SCR_FI_NO_71
PAY,EXTEN,Synthetic bank,Synthetic banking long_description row 72,POS_CODE_,LAN,PAY,CARD_APP_CODE_72,PAYEE_CODE_72,SCR_FI_NO_72
ATM,EXTEN,Synthetic bank,Synthetic banking long_description row 73,POS_CODE_,LAN,ATM,CARD_APP_CODE_73,PAYEE_CODE_73,SCR_FI_NO_73
DEP,EXTEN,Synthetic bank,Synthetic banking long_description row 74,POS_CODE_,LAN,DEP,CARD_APP_CODE_74,PAYEE_CODE_74,SCR_FI_NO_74
WDR,EXTEN,Synthetic bank,Synthetic banking long_description row 75,POS_CODE_,LAN,WDR,CARD_APP_CODE_75,PAYEE_CODE_75,SCR_FI_NO_75
TRF,EXTEN,Synthetic bank,Synthetic banking long_description row 76,POS_CODE_,LAN,TRF,CARD_APP_CODE_76,PAYEE_CODE_76,SCR_FI_NO_76
FEE,EXTEN,Synthetic bank,Synthetic banking long_description row 77,POS_CODE_,LAN,FEE,CARD_APP_CODE_77,PAYEE_CODE_77,SCR_FI_NO_77
INT,EXTEN,Synthetic bank,Synthetic banking long_description row 78,POS_CODE_,LAN,INT,CARD_APP_CODE_78,PAYEE_CODE_78,SCR_FI_NO_78
REV,EXTEN,Synthetic bank,Synthetic banking long_description row 79,POS_CODE_,LAN,REV,CARD_APP_CODE_79,PAYEE_CODE_79,SCR_FI_NO_79
PAY,EXTEN,Synthetic bank,Synthetic banking long_description row 80,POS_CODE_,LAN,PAY,CARD_APP_CODE_80,PAYEE_CODE_80,SCR_FI_NO_80
ATM,EXTEN,Synthetic bank,Synthetic banking long_description row 81,POS_CODE_,LAN,ATM,CARD_APP_CODE_81,PAYEE_CODE_81,SCR_FI_NO_81
DEP,EXTEN,Synthetic bank,Synthetic banking long_description row 82,POS_CODE_,LAN,DEP,CARD_APP_CODE_82,PAYEE_CODE_82,SCR_FI_NO_82
WDR,EXTEN,Synthetic bank,Synthetic banking long_description row 83,POS_CODE_,LAN,WDR,CARD_APP_CODE_83,PAYEE_CODE_83,SCR_FI_NO_83
TRF,EXTEN,Synthetic bank,Synthetic banking long_description row 84,POS_CODE_,LAN,TRF,CARD_APP_CODE_84,PAYEE_CODE_84,SCR_FI_NO_84
FEE,EXTEN,Synthetic bank,Synthetic banking long_description row 85,POS_CODE_,LAN,FEE,CARD_APP_CODE_85,PAYEE_CODE_85,SCR_FI_NO_85
INT,EXTEN,Synthetic bank,Synthetic banking long_description row 86,POS_CODE_,LAN,INT,CARD_APP_CODE_86,PAYEE_CODE_86,SCR_FI_NO_86
REV,EXTEN,Synthetic bank,Synthetic banking long_description row 87,POS_CODE_,LAN,REV,CARD_APP_CODE_87,PAYEE_CODE_87,SCR_FI_NO_87
PAY,EXTEN,Synthetic bank,Synthetic banking long_description row 88,POS_CODE_,LAN,PAY,CARD_APP_CODE_88,PAYEE_CODE_88,SCR_FI_NO_88
ATM,EXTEN,Synthetic bank,Synthetic banking long_description row 89,POS_CODE_,LAN,ATM,CARD_APP_CODE_89,PAYEE_CODE_89,SCR_FI_NO_89
DEP,EXTEN,Synthetic bank,Synthetic banking long_description row 90,POS_CODE_,LAN,DEP,CARD_APP_CODE_90,PAYEE_CODE_90,SCR_FI_NO_90
WDR,EXTEN,Synthetic bank,Synthetic banking long_description row 91,POS_CODE_,LAN,WDR,CARD_APP_CODE_91,PAYEE_CODE_91,SCR_FI_NO_91
TRF,EXTEN,Synthetic bank,Synthetic banking long_description row 92,POS_CODE_,LAN,TRF,CARD_APP_CODE_92,PAYEE_CODE_92,SCR_FI_NO_92
FEE,EXTEN,Synthetic bank,Synthetic banking long_description row 93,POS_CODE_,LAN,FEE,CARD_APP_CODE_93,PAYEE_CODE_93,SCR_FI_NO_93
INT,EXTEN,Synthetic bank,Synthetic banking long_description row 94,POS_CODE_,LAN,INT,CARD_APP_CODE_94,PAYEE_CODE_94,SCR_FI_NO_94
REV,EXTEN,Synthetic bank,Synthetic banking long_description row 95,POS_CODE_,LAN,REV,CARD_APP_CODE_95,PAYEE_CODE_95,SCR_FI_NO_95
PAY,EXTEN,Synthetic bank,Synthetic banking long_description row 96,POS_CODE_,LAN,PAY,CARD_APP_CODE_96,PAYEE_CODE_96,SCR_FI_NO_96
ATM,EXTEN,Synthetic bank,Synthetic banking long_description row 97,POS_CODE_,LAN,ATM,CARD_APP_CODE_97,PAYEE_CODE_97,SCR_FI_NO_97
DEP,EXTEN,Synthetic bank,Synthetic banking long_description row 98,POS_CODE_,LAN,DEP,CARD_APP_CODE_98,PAYEE_CODE_98,SCR_FI_NO_98
WDR,EXTEN,Synthetic bank,Synthetic banking long_description row 99,POS_CODE_,LAN,WDR,CARD_APP_CODE_99,PAYEE_CODE_99,SCR_FI_NO_99
TRF,EXTEN,Synthetic bank,Synthetic banking long_description row 100,POS_CODE_,LAN,TRF,CARD_APP_CODE_100,PAYEE_CODE_100,SCR_FI_NO_100
FEE,EXTEN,Synthetic bank,Synthetic banking long_description row 101,POS_CODE_,LAN,FEE,CARD_APP_CODE_101,PAYEE_CODE_101,SCR_FI_NO_101
INT,EXTEN,Synthetic bank,Synthetic banking long_description row 102,POS_CODE_,LAN,INT,CARD_APP_CODE_102,PAYEE_CODE_102,SCR_FI_NO_102
REV,EXTEN,Synthetic bank,Synthetic banking long_description row 103,POS_CODE_,LAN,REV,CARD_APP_CODE_103,PAYEE_CODE_103,SCR_FI_NO_103
PAY,EXTEN,Synthetic bank,Synthetic banking long_description row 104,POS_CODE_,LAN,PAY,CARD_APP_CODE_104,PAYEE_CODE_104,SCR_FI_NO_104
ATM,EXTEN,Synthetic bank,Synthetic banking long_description row 105,POS_CODE_,LAN,ATM,CARD_APP_CODE_105,PAYEE_CODE_105,SCR_FI_NO_105
DEP,EXTEN,Synthetic bank,Synthetic banking long_description row 106,POS_CODE_,LAN,DEP,CARD_APP_CODE_106,PAYEE_CODE_106,SCR_FI_NO_106
WDR,EXTEN,Synthetic bank,Synthetic banking long_description row 107,POS_CODE_,LAN,WDR,CARD_APP_CODE_107,PAYEE_CODE_107,SCR_FI_NO_107
TRF,EXTEN,Synthetic bank,Synthetic banking long_description row 108,POS_CODE_,LAN,TRF,CARD_APP_CODE_108,PAYEE_CODE_108,SCR_FI_NO_108
FEE,EXTEN,Synthetic bank,Synthetic banking long_description row 109,POS_CODE_,LAN,FEE,CARD_APP_CODE_109,PAYEE_CODE_109,SCR_FI_NO_109
INT,EXTEN,Synthetic bank,Synthetic banking long_description row 110,POS_CODE_,LAN,INT,CARD_APP_CODE_110,PAYEE_CODE_110,SCR_FI_NO_110
REV,EXTEN,Synthetic bank,Synthetic banking long_description row 111,POS_CODE_,LAN,REV,CARD_APP_CODE_111,PAYEE_CODE_111,SCR_FI_NO_111
PAY,EXTEN,Synthetic bank,Synthetic banking long_description row 112,POS_CODE_,LAN,PAY,CARD_APP_CODE_112,PAYEE_CODE_112,SCR_FI_NO_112
ATM,EXTEN,Synthetic bank,Synthetic banking long_description row 113,POS_CODE_,LAN,ATM,CARD_APP_CODE_113,PAYEE_CODE_113,SCR_FI_NO_113
DEP,EXTEN,Synthetic bank,Synthetic banking long_description row 114,POS_CODE_,LAN,DEP,CARD_APP_CODE_114,PAYEE_CODE_114,SCR_FI_NO_114
WDR,EXTEN,Synthetic bank,Synthetic banking long_description row 115,POS_CODE_,LAN,WDR,CARD_APP_CODE_115,PAYEE_CODE_115,SCR_FI_NO_115
TRF,EXTEN,Synthetic bank,Synthetic banking long_description row 116,POS_CODE_,LAN,TRF,CARD_APP_CODE_116,PAYEE_CODE_116,SCR_FI_NO_116
FEE,EXTEN,Synthetic bank,Synthetic banking long_description row 117,POS_CODE_,LAN,FEE,CARD_APP_CODE_117,PAYEE_CODE_117,SCR_FI_NO_117
INT,EXTEN,Synthetic bank,Synthetic banking long_description row 118,POS_CODE_,LAN,INT,CARD_APP_CODE_118,PAYEE_CODE_118,SCR_FI_NO_118
REV,EXTEN,Synthetic bank,Synthetic banking long_description row 119,POS_CODE_,LAN,REV,CARD_APP_CODE_119,PAYEE_CODE_119,SCR_FI_NO_119
PAY,EXTEN,Synthetic bank,Synthetic banking long_description row 120,POS_CODE_,LAN,PAY,CARD_APP_CODE_120,PAYEE_CODE_120,SCR_FI_NO_120
ATM,EXTEN,Synthetic bank,Synthetic banking long_description row 121,POS_CODE_,LAN,ATM,CARD_APP_CODE_121,PAYEE_CODE_121,SCR_FI_NO_121
DEP,EXTEN,Synthetic bank,Synthetic banking long_description row 122,POS_CODE_,LAN,DEP,CARD_APP_CODE_122,PAYEE_CODE_122,SCR_FI_NO_122
WDR,EXTEN,Synthetic bank,Synthetic banking long_description row 123,POS_CODE_,LAN,WDR,CARD_APP_CODE_123,PAYEE_CODE_123,SCR_FI_NO_123
TRF,EXTEN,Synthetic bank,Synthetic banking long_description row 124,POS_CODE_,LAN,TRF,CARD_APP_CODE_124,PAYEE_CODE_124,SCR_FI_NO_124
FEE,EXTEN,Synthetic bank,Synthetic banking long_description row 125,POS_CODE_,LAN,FEE,CARD_APP_CODE_125,PAYEE_CODE_125,SCR_FI_NO_125
INT,EXTEN,Synthetic bank,Synthetic banking long_description row 126,POS_CODE_,LAN,INT,CARD_APP_CODE_126,PAYEE_CODE_126,SCR_FI_NO_126
REV,EXTEN,Synthetic bank,Synthetic banking long_description row 127,POS_CODE_,LAN,REV,CARD_APP_CODE_127,PAYEE_CODE_127,SCR_FI_NO_127
PAY,EXTEN,Synthetic bank,Synthetic banking long_description row 128,POS_CODE_,LAN,PAY,CARD_APP_CODE_128,PAYEE_CODE_128,SCR_FI_NO_128
ATM,EXTEN,Synthetic bank,Synthetic banking long_description row 129,POS_CODE_,LAN,ATM,CARD_APP_CODE_129,PAYEE_CODE_129,SCR_FI_NO_129
DEP,EXTEN,Synthetic bank,Synthetic banking long_description row 130,POS_CODE_,LAN,DEP,CARD_APP_CODE_130,PAYEE_CODE_130,SCR_FI_NO_130
WDR,EXTEN,Synthetic bank,Synthetic banking long_description row 131,POS_CODE_,LAN,WDR,CARD_APP_CODE_131,PAYEE_CODE_131,SCR_FI_NO_131
TRF,EXTEN,Synthetic bank,Synthetic banking long_description row 132,POS_CODE_,LAN,TRF,CARD_APP_CODE_132,PAYEE_CODE_132,SCR_FI_NO_132
FEE,EXTEN,Synthetic bank,Synthetic banking long_description row 133,POS_CODE_,LAN,FEE,CARD_APP_CODE_133,PAYEE_CODE_133,SCR_FI_NO_133
INT,EXTEN,Synthetic bank,Synthetic banking long_description row 134,POS_CODE_,LAN,INT,CARD_APP_CODE_134,PAYEE_CODE_134,SCR_FI_NO_134
REV,EXTEN,Synthetic bank,Synthetic banking long_description row 135,POS_CODE_,LAN,REV,CARD_APP_CODE_135,PAYEE_CODE_135,SCR_FI_NO_135
PAY,EXTEN,Synthetic bank,Synthetic banking long_description row 136,POS_CODE_,LAN,PAY,CARD_APP_CODE_136,PAYEE_CODE_136,SCR_FI_NO_136
ATM,EXTEN,Synthetic bank,Synthetic banking long_description row 137,POS_CODE_,LAN,ATM,CARD_APP_CODE_137,PAYEE_CODE_137,SCR_FI_NO_137
DEP,EXTEN,Synthetic bank,Synthetic banking long_description row 138,POS_CODE_,LAN,DEP,CARD_APP_CODE_138,PAYEE_CODE_138,SCR_FI_NO_138
WDR,EXTEN,Synthetic bank,Synthetic banking long_description row 139,POS_CODE_,LAN,WDR,CARD_APP_CODE_139,PAYEE_CODE_139,SCR_FI_NO_139
TRF,EXTEN,Synthetic bank,Synthetic banking long_description row 140,POS_CODE_,LAN,TRF,CARD_APP_CODE_140,PAYEE_CODE_140,SCR_FI_NO_140
FEE,EXTEN,Synthetic bank,Synthetic banking long_description row 141,POS_CODE_,LAN,FEE,CARD_APP_CODE_141,PAYEE_CODE_141,SCR_FI_NO_141
INT,EXTEN,Synthetic bank,Synthetic banking long_description row 142,POS_CODE_,LAN,INT,CARD_APP_CODE_142,PAYEE_CODE_142,SCR_FI_NO_142
REV,EXTEN,Synthetic bank,Synthetic banking long_description row 143,POS_CODE_,LAN,REV,CARD_APP_CODE_143,PAYEE_CODE_143,SCR_FI_NO_143
PAY,EXTEN,Synthetic bank,Synthetic banking long_description row 144,POS_CODE_,LAN,PAY,CARD_APP_CODE_144,PAYEE_CODE_144,SCR_FI_NO_144
ATM,EXTEN,Synthetic bank,Synthetic banking long_description row 145,POS_CODE_,LAN,ATM,CARD_APP_CODE_145,PAYEE_CODE_145,SCR_FI_NO_145
DEP,EXTEN,Synthetic bank,Synthetic banking long_description row 146,POS_CODE_,LAN,DEP,CARD_APP_CODE_146,PAYEE_CODE_146,SCR_FI_NO_146
WDR,EXTEN,Synthetic bank,Synthetic banking long_description row 147,POS_CODE_,LAN,WDR,CARD_APP_CODE_147,PAYEE_CODE_147,SCR_FI_NO_147
TRF,EXTEN,Synthetic bank,Synthetic banking long_description row 148,POS_CODE_,LAN,TRF,CARD_APP_CODE_148,PAYEE_CODE_148,SCR_FI_NO_148
FEE,EXTEN,Synthetic bank,Synthetic banking long_description row 149,POS_CODE_,LAN,FEE,CARD_APP_CODE_149,PAYEE_CODE_149,SCR_FI_NO_149
INT,EXTEN,Synthetic bank,Synthetic banking long_description row 150,POS_CODE_,LAN,INT,CARD_APP_CODE_150,PAYEE_CODE_150,SCR_FI_NO_150
REV,EXTEN,Synthetic bank,Synthetic banking long_description row 151,POS_CODE_,LAN,REV,CARD_APP_CODE_151,PAYEE_CODE_151,SCR_FI_NO_151
PAY,EXTEN,Synthetic bank,Synthetic banking long_description row 152,POS_CODE_,LAN,PAY,CARD_APP_CODE_152,PAYEE_CODE_152,SCR_FI_NO_152
ATM,EXTEN,Synthetic bank,Synthetic banking long_description row 153,POS_CODE_,LAN,ATM,CARD_APP_CODE_153,PAYEE_CODE_153,SCR_FI_NO_153
DEP,EXTEN,Synthetic bank,Synthetic banking long_description row 154,POS_CODE_,LAN,DEP,CARD_APP_CODE_154,PAYEE_CODE_154,SCR_FI_NO_154
WDR,EXTEN,Synthetic bank,Synthetic banking long_description row 155,POS_CODE_,LAN,WDR,CARD_APP_CODE_155,PAYEE_CODE_155,SCR_FI_NO_155
TRF,EXTEN,Synthetic bank,Synthetic banking long_description row 156,POS_CODE_,LAN,TRF,CARD_APP_CODE_156,PAYEE_CODE_156,SCR_FI_NO_156
FEE,EXTEN,Synthetic bank,Synthetic banking long_description row 157,POS_CODE_,LAN,FEE,CARD_APP_CODE_157,PAYEE_CODE_157,SCR_FI_NO_157
INT,EXTEN,Synthetic bank,Synthetic banking long_description row 158,POS_CODE_,LAN,INT,CARD_APP_CODE_158,PAYEE_CODE_158,SCR_FI_NO_158
REV,EXTEN,Synthetic bank,Synthetic banking long_description row 159,POS_CODE_,LAN,REV,CARD_APP_CODE_159,PAYEE_CODE_159,SCR_FI_NO_159
PAY,EXTEN,Synthetic bank,Synthetic banking long_description row 160,POS_CODE_,LAN,PAY,CARD_APP_CODE_160,PAYEE_CODE_160,SCR_FI_NO_160
ATM,EXTEN,Synthetic bank,Synthetic banking long_description row 161,POS_CODE_,LAN,ATM,CARD_APP_CODE_161,PAYEE_CODE_161,SCR_FI_NO_161
DEP,EXTEN,Synthetic bank,Synthetic banking long_description row 162,POS_CODE_,LAN,DEP,CARD_APP_CODE_162,PAYEE_CODE_162,SCR_FI_NO_162
WDR,EXTEN,Synthetic bank,Synthetic banking long_description row 163,POS_CODE_,LAN,WDR,CARD_APP_CODE_163,PAYEE_CODE_163,SCR_FI_NO_163
TRF,EXTEN,Synthetic bank,Synthetic banking long_description row 164,POS_CODE_,LAN,TRF,CARD_APP_CODE_164,PAYEE_CODE_164,SCR_FI_NO_164
FEE,EXTEN,Synthetic bank,Synthetic banking long_description row 165,POS_CODE_,LAN,FEE,CARD_APP_CODE_165,PAYEE_CODE_165,SCR_FI_NO_165
INT,EXTEN,Synthetic bank,Synthetic banking long_description row 166,POS_CODE_,LAN,INT,CARD_APP_CODE_166,PAYEE_CODE_166,SCR_FI_NO_166
REV,EXTEN,Synthetic bank,Synthetic banking long_description row 167,POS_CODE_,LAN,REV,CARD_APP_CODE_167,PAYEE_CODE_167,SCR_FI_NO_167
PAY,EXTEN,Synthetic bank,Synthetic banking long_description row 168,POS_CODE_,LAN,PAY,CARD_APP_CODE_168,PAYEE_CODE_168,SCR_FI_NO_168
ATM,EXTEN,Synthetic bank,Synthetic banking long_description row 169,POS_CODE_,LAN,ATM,CARD_APP_CODE_169,PAYEE_CODE_169,SCR_FI_NO_169
DEP,EXTEN,Synthetic bank,Synthetic banking long_description row 170,POS_CODE_,LAN,DEP,CARD_APP_CODE_170,PAYEE_CODE_170,SCR_FI_NO_170
WDR,EXTEN,Synthetic bank,Synthetic banking long_description row 171,POS_CODE_,LAN,WDR,CARD_APP_CODE_171,PAYEE_CODE_171,SCR_FI_NO_171
TRF,EXTEN,Synthetic bank,Synthetic banking long_description row 172,POS_CODE_,LAN,TRF,CARD_APP_CODE_172,PAYEE_CODE_172,SCR_FI_NO_172
FEE,EXTEN,Synthetic bank,Synthetic banking long_description row 173,POS_CODE_,LAN,FEE,CARD_APP_CODE_173,PAYEE_CODE_173,SCR_FI_NO_173
INT,EXTEN,Synthetic bank,Synthetic banking long_description row 174,POS_CODE_,LAN,INT,CARD_APP_CODE_174,PAYEE_CODE_174,SCR_FI_NO_174
REV,EXTEN,Synthetic bank,Synthetic banking long_description row 175,POS_CODE_,LAN,REV,CARD_APP_CODE_175,PAYEE_CODE_175,SCR_FI_NO_175
PAY,EXTEN,Synthetic bank,Synthetic banking long_description row 176,POS_CODE_,LAN,PAY,CARD_APP_CODE_176,PAYEE_CODE_176,SCR_FI_NO_176
ATM,EXTEN,Synthetic bank,Synthetic banking long_description row 177,POS_CODE_,LAN,ATM,CARD_APP_CODE_177,PAYEE_CODE_177,SCR_FI_NO_177
DEP,EXTEN,Synthetic bank,Synthetic banking long_description row 178,POS_CODE_,LAN,DEP,CARD_APP_CODE_178,PAYEE_CODE_178,SCR_FI_NO_178
WDR,EXTEN,Synthetic bank,Synthetic banking long_description row 179,POS_CODE_,LAN,WDR,CARD_APP_CODE_179,PAYEE_CODE_179,SCR_FI_NO_179
TRF,EXTEN,Synthetic bank,Synthetic banking long_description row 180,POS_CODE_,LAN,TRF,CARD_APP_CODE_180,PAYEE_CODE_180,SCR_FI_NO_180
FEE,EXTEN,Synthetic bank,Synthetic banking long_description row 181,POS_CODE_,LAN,FEE,CARD_APP_CODE_181,PAYEE_CODE_181,SCR_FI_NO_181
INT,EXTEN,Synthetic bank,Synthetic banking long_description row 182,POS_CODE_,LAN,INT,CARD_APP_CODE_182,PAYEE_CODE_182,SCR_FI_NO_182
REV,EXTEN,Synthetic bank,Synthetic banking long_description row 183,POS_CODE_,LAN,REV,CARD_APP_CODE_183,PAYEE_CODE_183,SCR_FI_NO_183
PAY,EXTEN,Synthetic bank,Synthetic banking long_description row 184,POS_CODE_,LAN,PAY,CARD_APP_CODE_184,PAYEE_CODE_184,SCR_FI_NO_184
ATM,EXTEN,Synthetic bank,Synthetic banking long_description row 185,POS_CODE_,LAN,ATM,CARD_APP_CODE_185,PAYEE_CODE_185,SCR_FI_NO_185
DEP,EXTEN,Synthetic bank,Synthetic banking long_description row 186,POS_CODE_,LAN,DEP,CARD_APP_CODE_186,PAYEE_CODE_186,SCR_FI_NO_186
WDR,EXTEN,Synthetic bank,Synthetic banking long_description row 187,POS_CODE_,LAN,WDR,CARD_APP_CODE_187,PAYEE_CODE_187,SCR_FI_NO_187
TRF,EXTEN,Synthetic bank,Synthetic banking long_description row 188,POS_CODE_,LAN,TRF,CARD_APP_CODE_188,PAYEE_CODE_188,SCR_FI_NO_188
FEE,EXTEN,Synthetic bank,Synthetic banking long_description row 189,POS_CODE_,LAN,FEE,CARD_APP_CODE_189,PAYEE_CODE_189,SCR_FI_NO_189
INT,EXTEN,Synthetic bank,Synthetic banking long_description row 190,POS_CODE_,LAN,INT,CARD_APP_CODE_190,PAYEE_CODE_190,SCR_FI_NO_190
REV,EXTEN,Synthetic bank,Synthetic banking long_description row 191,POS_CODE_,LAN,REV,CARD_APP_CODE_191,PAYEE_CODE_191,SCR_FI_NO_191
PAY,EXTEN,Synthetic bank,Synthetic banking long_description row 192,POS_CODE_,LAN,PAY,CARD_APP_CODE_192,PAYEE_CODE_192,SCR_FI_NO_192
ATM,EXTEN,Synthetic bank,Synthetic banking long_description row 193,POS_CODE_,LAN,ATM,CARD_APP_CODE_193,PAYEE_CODE_193,SCR_FI_NO_193
DEP,EXTEN,Synthetic bank,Synthetic banking long_description row 194,POS_CODE_,LAN,DEP,CARD_APP_CODE_194,PAYEE_CODE_194,SCR_FI_NO_194
WDR,EXTEN,Synthetic bank,Synthetic banking long_description row 195,POS_CODE_,LAN,WDR,CARD_APP_CODE_195,PAYEE_CODE_195,SCR_FI_NO_195
TRF,EXTEN,Synthetic bank,Synthetic banking long_description row 196,POS_CODE_,LAN,TRF,CARD_APP_CODE_196,PAYEE_CODE_196,SCR_FI_NO_196
FEE,EXTEN,Synthetic bank,Synthetic banking long_description row 197,POS_CODE_,LAN,FEE,CARD_APP_CODE_197,PAYEE_CODE_197,SCR_FI_NO_197
INT,EXTEN,Synthetic bank,Synthetic banking long_description row 198,POS_CODE_,LAN,INT,CARD_APP_CODE_198,PAYEE_CODE_198,SCR_FI_NO_198
REV,EXTEN,Synthetic bank,Synthetic banking long_description row 199,POS_CODE_,LAN,REV,CARD_APP_CODE_199,PAYEE_CODE_199,SCR_FI_NO_199
PAY,EXTEN,Synthetic bank,Synthetic banking long_description row 200,POS_CODE_,LAN,PAY,CARD_APP_CODE_200,PAYEE_CODE_200,SCR_FI_NO_200
ATM,EXTEN,Synthetic bank,Synthetic banking long_description row 201,POS_CODE_,LAN,ATM,CARD_APP_CODE_201,PAYEE_CODE_201,SCR_FI_NO_201
DEP,EXTEN,Synthetic bank,Synthetic banking long_description row 202,POS_CODE_,LAN,DEP,CARD_APP_CODE_202,PAYEE_CODE_202,SCR_FI_NO_202
WDR,EXTEN,Synthetic bank,Synthetic banking long_description row 203,POS_CODE_,LAN,WDR,CARD_APP_CODE_203,PAYEE_CODE_203,SCR_FI_NO_203
TRF,EXTEN,Synthetic bank,Synthetic banking long_description row 204,POS_CODE_,LAN,TRF,CARD_APP_CODE_204,PAYEE_CODE_204,SCR_FI_NO_204
FEE,EXTEN,Synthetic bank,Synthetic banking long_description row 205,POS_CODE_,LAN,FEE,CARD_APP_CODE_205,PAYEE_CODE_205,SCR_FI_NO_205
INT,EXTEN,Synthetic bank,Synthetic banking long_description row 206,POS_CODE_,LAN,INT,CARD_APP_CODE_206,PAYEE_CODE_206,SCR_FI_NO_206
REV,EXTEN,Synthetic bank,Synthetic banking long_description row 207,POS_CODE_,LAN,REV,CARD_APP_CODE_207,PAYEE_CODE_207,SCR_FI_NO_207
PAY,EXTEN,Synthetic bank,Synthetic banking long_description row 208,POS_CODE_,LAN,PAY,CARD_APP_CODE_208,PAYEE_CODE_208,SCR_FI_NO_208
ATM,EXTEN,Synthetic bank,Synthetic banking long_description row 209,POS_CODE_,LAN,ATM,CARD_APP_CODE_209,PAYEE_CODE_209,SCR_FI_NO_209
DEP,EXTEN,Synthetic bank,Synthetic banking long_description row 210,POS_CODE_,LAN,DEP,CARD_APP_CODE_210,PAYEE_CODE_210,SCR_FI_NO_210
WDR,EXTEN,Synthetic bank,Synthetic banking long_description row 211,POS_CODE_,LAN,WDR,CARD_APP_CODE_211,PAYEE_CODE_211,SCR_FI_NO_211
TRF,EXTEN,Synthetic bank,Synthetic banking long_description row 212,POS_CODE_,LAN,TRF,CARD_APP_CODE_212,PAYEE_CODE_212,SCR_FI_NO_212
FEE,EXTEN,Synthetic bank,Synthetic banking long_description row 213,POS_CODE_,LAN,FEE,CARD_APP_CODE_213,PAYEE_CODE_213,SCR_FI_NO_213
INT,EXTEN,Synthetic bank,Synthetic banking long_description row 214,POS_CODE_,LAN,INT,CARD_APP_CODE_214,PAYEE_CODE_214,SCR_FI_NO_214
REV,EXTEN,Synthetic bank,Synthetic banking long_description row 215,POS_CODE_,LAN,REV,CARD_APP_CODE_215,PAYEE_CODE_215,SCR_FI_NO_215
PAY,EXTEN,Synthetic bank,Synthetic banking long_description row 216,POS_CODE_,LAN,PAY,CARD_APP_CODE_216,PAYEE_CODE_216,SCR_FI_NO_216
ATM,EXTEN,Synthetic bank,Synthetic banking long_description row 217,POS_CODE_,LAN,ATM,CARD_APP_CODE_217,PAYEE_CODE_217,SCR_FI_NO_217
DEP,EXTEN,Synthetic bank,Synthetic banking long_description row 218,POS_CODE_,LAN,DEP,CARD_APP_CODE_218,PAYEE_CODE_218,SCR_FI_NO_218
WDR,EXTEN,Synthetic bank,Synthetic banking long_description row 219,POS_CODE_,LAN,WDR,CARD_APP_CODE_219,PAYEE_CODE_219,SCR_FI_NO_219
TRF,EXTEN,Synthetic bank,Synthetic banking long_description row 220,POS_CODE_,LAN,TRF,CARD_APP_CODE_220,PAYEE_CODE_220,SCR_FI_NO_220
FEE,EXTEN,Synthetic bank,Synthetic banking long_description row 221,POS_CODE_,LAN,FEE,CARD_APP_CODE_221,PAYEE_CODE_221,SCR_FI_NO_221
INT,EXTEN,Synthetic bank,Synthetic banking long_description row 222,POS_CODE_,LAN,INT,CARD_APP_CODE_222,PAYEE_CODE_222,SCR_FI_NO_222
REV,EXTEN,Synthetic bank,Synthetic banking long_description row 223,POS_CODE_,LAN,REV,CARD_APP_CODE_223,PAYEE_CODE_223,SCR_FI_NO_223
PAY,EXTEN,Synthetic bank,Synthetic banking long_description row 224,POS_CODE_,LAN,PAY,CARD_APP_CODE_224,PAYEE_CODE_224,SCR_FI_NO_224
ATM,EXTEN,Synthetic bank,Synthetic banking long_description row 225,POS_CODE_,LAN,ATM,CARD_APP_CODE_225,PAYEE_CODE_225,SCR_FI_NO_225
DEP,EXTEN,Synthetic bank,Synthetic banking long_description row 226,POS_CODE_,LAN,DEP,CARD_APP_CODE_226,PAYEE_CODE_226,SCR_FI_NO_226
WDR,EXTEN,Synthetic bank,Synthetic banking long_description row 227,POS_CODE_,LAN,WDR,CARD_APP_CODE_227,PAYEE_CODE_227,SCR_FI_NO_227
TRF,EXTEN,Synthetic bank,Synthetic banking long_description row 228,POS_CODE_,LAN,TRF,CARD_APP_CODE_228,PAYEE_CODE_228,SCR_FI_NO_228
FEE,EXTEN,Synthetic bank,Synthetic banking long_description row 229,POS_CODE_,LAN,FEE,CARD_APP_CODE_229,PAYEE_CODE_229,SCR_FI_NO_229
INT,EXTEN,Synthetic bank,Synthetic banking long_description row 230,POS_CODE_,LAN,INT,CARD_APP_CODE_230,PAYEE_CODE_230,SCR_FI_NO_230
REV,EXTEN,Synthetic bank,Synthetic banking long_description row 231,POS_CODE_,LAN,REV,CARD_APP_CODE_231,PAYEE_CODE_231,SCR_FI_NO_231
PAY,EXTEN,Synthetic bank,Synthetic banking long_description row 232,POS_CODE_,LAN,PAY,CARD_APP_CODE_232,PAYEE_CODE_232,SCR_FI_NO_232
ATM,EXTEN,Synthetic bank,Synthetic banking long_description row 233,POS_CODE_,LAN,ATM,CARD_APP_CODE_233,PAYEE_CODE_233,SCR_FI_NO_233
DEP,EXTEN,Synthetic bank,Synthetic banking long_description row 234,POS_CODE_,LAN,DEP,CARD_APP_CODE_234,PAYEE_CODE_234,SCR_FI_NO_234
WDR,EXTEN,Synthetic bank,Synthetic banking long_description row 235,POS_CODE_,LAN,WDR,CARD_APP_CODE_235,PAYEE_CODE_235,SCR_FI_NO_235
TRF,EXTEN,Synthetic bank,Synthetic banking long_description row 236,POS_CODE_,LAN,TRF,CARD_APP_CODE_236,PAYEE_CODE_236,SCR_FI_NO_236
FEE,EXTEN,Synthetic bank,Synthetic banking long_description row 237,POS_CODE_,LAN,FEE,CARD_APP_CODE_237,PAYEE_CODE_237,SCR_FI_NO_237
INT,EXTEN,Synthetic bank,Synthetic banking long_description row 238,POS_CODE_,LAN,INT,CARD_APP_CODE_238,PAYEE_CODE_238,SCR_FI_NO_238
REV,EXTEN,Synthetic bank,Synthetic banking long_description row 239,POS_CODE_,LAN,REV,CARD_APP_CODE_239,PAYEE_CODE_239,SCR_FI_NO_239
PAY,EXTEN,Synthetic bank,Synthetic banking long_description row 240,POS_CODE_,LAN,PAY,CARD_APP_CODE_240,PAYEE_CODE_240,SCR_FI_NO_240
ATM,EXTEN,Synthetic bank,Synthetic banking long_description row 241,POS_CODE_,LAN,ATM,CARD_APP_CODE_241,PAYEE_CODE_241,SCR_FI_NO_241
DEP,EXTEN,Synthetic bank,Synthetic banking long_description row 242,POS_CODE_,LAN,DEP,CARD_APP_CODE_242,PAYEE_CODE_242,SCR_FI_NO_242
WDR,EXTEN,Synthetic bank,Synthetic banking long_description row 243,POS_CODE_,LAN,WDR,CARD_APP_CODE_243,PAYEE_CODE_243,SCR_FI_NO_243
TRF,EXTEN,Synthetic bank,Synthetic banking long_description row 244,POS_CODE_,LAN,TRF,CARD_APP_CODE_244,PAYEE_CODE_244,SCR_FI_NO_244
FEE,EXTEN,Synthetic bank,Synthetic banking long_description row 245,POS_CODE_,LAN,FEE,CARD_APP_CODE_245,PAYEE_CODE_245,SCR_FI_NO_245
INT,EXTEN,Synthetic bank,Synthetic banking long_description row 246,POS_CODE_,LAN,INT,CARD_APP_CODE_246,PAYEE_CODE_246,SCR_FI_NO_246
REV,EXTEN,Synthetic bank,Synthetic banking long_description row 247,POS_CODE_,LAN,REV,CARD_APP_CODE_247,PAYEE_CODE_247,SCR_FI_NO_247
PAY,EXTEN,Synthetic bank,Synthetic banking long_description row 248,POS_CODE_,LAN,PAY,CARD_APP_CODE_248,PAYEE_CODE_248,SCR_FI_NO_248
ATM,EXTEN,Synthetic bank,Synthetic banking long_description row 249,POS_CODE_,LAN,ATM,CARD_APP_CODE_249,PAYEE_CODE_249,SCR_FI_NO_249
DEP,EXTEN,Synthetic bank,Synthetic banking long_description row 250,POS_CODE_,LAN,DEP,CARD_APP_CODE_250,PAYEE_CODE_250,SCR_FI_NO_250
WDR,EXTEN,Synthetic bank,Synthetic banking long_description row 251,POS_CODE_,LAN,WDR,CARD_APP_CODE_251,PAYEE_CODE_251,SCR_FI_NO_251
TRF,EXTEN,Synthetic bank,Synthetic banking long_description row 252,POS_CODE_,LAN,TRF,CARD_APP_CODE_252,PAYEE_CODE_252,SCR_FI_NO_252
FEE,EXTEN,Synthetic bank,Synthetic banking long_description row 253,POS_CODE_,LAN,FEE,CARD_APP_CODE_253,PAYEE_CODE_253,SCR_FI_NO_253
INT,EXTEN,Synthetic bank,Synthetic banking long_description row 254,POS_CODE_,LAN,INT,CARD_APP_CODE_254,PAYEE_CODE_254,SCR_FI_NO_254
REV,EXTEN,Synthetic bank,Synthetic banking long_description row 255,POS_CODE_,LAN,REV,CARD_APP_CODE_255,PAYEE_CODE_255,SCR_FI_NO_255
PAY,EXTEN,Synthetic bank,Synthetic banking long_description row 256,POS_CODE_,LAN,PAY,CARD_APP_CODE_256,PAYEE_CODE_256,SCR_FI_NO_256
ATM,EXTEN,Synthetic bank,Synthetic banking long_description row 257,POS_CODE_,LAN,ATM,CARD_APP_CODE_257,PAYEE_CODE_257,SCR_FI_NO_257
DEP,EXTEN,Synthetic bank,Synthetic banking long_description row 258,POS_CODE_,LAN,DEP,CARD_APP_CODE_258,PAYEE_CODE_258,SCR_FI_NO_258
WDR,EXTEN,Synthetic bank,Synthetic banking long_description row 259,POS_CODE_,LAN,WDR,CARD_APP_CODE_259,PAYEE_CODE_259,SCR_FI_NO_259
TRF,EXTEN,Synthetic bank,Synthetic banking long_description row 260,POS_CODE_,LAN,TRF,CARD_APP_CODE_260,PAYEE_CODE_260,SCR_FI_NO_260
FEE,EXTEN,Synthetic bank,Synthetic banking long_description row 261,POS_CODE_,LAN,FEE,CARD_APP_CODE_261,PAYEE_CODE_261,SCR_FI_NO_261
INT,EXTEN,Synthetic bank,Synthetic banking long_description row 262,POS_CODE_,LAN,INT,CARD_APP_CODE_262,PAYEE_CODE_262,SCR_FI_NO_262
REV,EXTEN,Synthetic bank,Synthetic banking long_description row 263,POS_CODE_,LAN,REV,CARD_APP_CODE_263,PAYEE_CODE_263,SCR_FI_NO_263
PAY,EXTEN,Synthetic bank,Synthetic banking long_description row 264,POS_CODE_,LAN,PAY,CARD_APP_CODE_264,PAYEE_CODE_264,SCR_FI_NO_264
ATM,EXTEN,Synthetic bank,Synthetic banking long_description row 265,POS_CODE_,LAN,ATM,CARD_APP_CODE_265,PAYEE_CODE_265,SCR_FI_NO_265
DEP,EXTEN,Synthetic bank,Synthetic banking long_description row 266,POS_CODE_,LAN,DEP,CARD_APP_CODE_266,PAYEE_CODE_266,SCR_FI_NO_266
WDR,EXTEN,Synthetic bank,Synthetic banking long_description row 267,POS_CODE_,LAN,WDR,CARD_APP_CODE_267,PAYEE_CODE_267,SCR_FI_NO_267
TRF,EXTEN,Synthetic bank,Synthetic banking long_description row 268,POS_CODE_,LAN,TRF,CARD_APP_CODE_268,PAYEE_CODE_268,SCR_FI_NO_268
FEE,EXTEN,Synthetic bank,Synthetic banking long_description row 269,POS_CODE_,LAN,FEE,CARD_APP_CODE_269,PAYEE_CODE_269,SCR_FI_NO_269
INT,EXTEN,Synthetic bank,Synthetic banking long_description row 270,POS_CODE_,LAN,INT,CARD_APP_CODE_270,PAYEE_CODE_270,SCR_FI_NO_270
REV,EXTEN,Synthetic bank,Synthetic banking long_description row 271,POS_CODE_,LAN,REV,CARD_APP_CODE_271,PAYEE_CODE_271,SCR_FI_NO_271
PAY,EXTEN,Synthetic bank,Synthetic banking long_description row 272,POS_CODE_,LAN,PAY,CARD_APP_CODE_272,PAYEE_CODE_272,SCR_FI_NO_272
ATM,EXTEN,Synthetic bank,Synthetic banking long_description row 273,POS_CODE_,LAN,ATM,CARD_APP_CODE_273,PAYEE_CODE_273,SCR_FI_NO_273
DEP,EXTEN,Synthetic bank,Synthetic banking long_description row 274,POS_CODE_,LAN,DEP,CARD_APP_CODE_274,PAYEE_CODE_274,SCR_FI_NO_274
WDR,EXTEN,Synthetic bank,Synthetic banking long_description row 275,POS_CODE_,LAN,WDR,CARD_APP_CODE_275,PAYEE_CODE_275,SCR_FI_NO_275
TRF,EXTEN,Synthetic bank,Synthetic banking long_description row 276,POS_CODE_,LAN,TRF,CARD_APP_CODE_276,PAYEE_CODE_276,SCR_FI_NO_276
FEE,EXTEN,Synthetic bank,Synthetic banking long_description row 277,POS_CODE_,LAN,FEE,CARD_APP_CODE_277,PAYEE_CODE_277,SCR_FI_NO_277
INT,EXTEN,Synthetic bank,Synthetic banking long_description row 278,POS_CODE_,LAN,INT,CARD_APP_CODE_278,PAYEE_CODE_278,SCR_FI_NO_278
REV,EXTEN,Synthetic bank,Synthetic banking long_description row 279,POS_CODE_,LAN,REV,CARD_APP_CODE_279,PAYEE_CODE_279,SCR_FI_NO_279
PAY,EXTEN,Synthetic bank,Synthetic banking long_description row 280,POS_CODE_,LAN,PAY,CARD_APP_CODE_280,PAYEE_CODE_280,SCR_FI_NO_280
ATM,EXTEN,Synthetic bank,Synthetic banking long_description row 281,POS_CODE_,LAN,ATM,CARD_APP_CODE_281,PAYEE_CODE_281,SCR_FI_NO_281
DEP,EXTEN,Synthetic bank,Synthetic banking long_description row 282,POS_CODE_,LAN,DEP,CARD_APP_CODE_282,PAYEE_CODE_282,SCR_FI_NO_282
WDR,EXTEN,Synthetic bank,Synthetic banking long_description row 283,POS_CODE_,LAN,WDR,CARD_APP_CODE_283,PAYEE_CODE_283,SCR_FI_NO_283
TRF,EXTEN,Synthetic bank,Synthetic banking long_description row 284,POS_CODE_,LAN,TRF,CARD_APP_CODE_284,PAYEE_CODE_284,SCR_FI_NO_284
FEE,EXTEN,Synthetic bank,Synthetic banking long_description row 285,POS_CODE_,LAN,FEE,CARD_APP_CODE_285,PAYEE_CODE_285,SCR_FI_NO_285
INT,EXTEN,Synthetic bank,Synthetic banking long_description row 286,POS_CODE_,LAN,INT,CARD_APP_CODE_286,PAYEE_CODE_286,SCR_FI_NO_286
REV,EXTEN,Synthetic bank,Synthetic banking long_description row 287,POS_CODE_,LAN,REV,CARD_APP_CODE_287,PAYEE_CODE_287,SCR_FI_NO_287
PAY,EXTEN,Synthetic bank,Synthetic banking long_description row 288,POS_CODE_,LAN,PAY,CARD_APP_CODE_288,PAYEE_CODE_288,SCR_FI_NO_288
ATM,EXTEN,Synthetic bank,Synthetic banking long_description row 289,POS_CODE_,LAN,ATM,CARD_APP_CODE_289,PAYEE_CODE_289,SCR_FI_NO_289
DEP,EXTEN,Synthetic bank,Synthetic banking long_description row 290,POS_CODE_,LAN,DEP,CARD_APP_CODE_290,PAYEE_CODE_290,SCR_FI_NO_290
WDR,EXTEN,Synthetic bank,Synthetic banking long_description row 291,POS_CODE_,LAN,WDR,CARD_APP_CODE_291,PAYEE_CODE_291,SCR_FI_NO_291
TRF,EXTEN,Synthetic bank,Synthetic banking long_description row 292,POS_CODE_,LAN,TRF,CARD_APP_CODE_292,PAYEE_CODE_292,SCR_FI_NO_292
FEE,EXTEN,Synthetic bank,Synthetic banking long_description row 293,POS_CODE_,LAN,FEE,CARD_APP_CODE_293,PAYEE_CODE_293,SCR_FI_NO_293
INT,EXTEN,Synthetic bank,Synthetic banking long_description row 294,POS_CODE_,LAN,INT,CARD_APP_CODE_294,PAYEE_CODE_294,SCR_FI_NO_294
REV,EXTEN,Synthetic bank,Synthetic banking long_description row 295,POS_CODE_,LAN,REV,CARD_APP_CODE_295,PAYEE_CODE_295,SCR_FI_NO_295
PAY,EXTEN,Synthetic bank,Synthetic banking long_description row 296,POS_CODE_,LAN,PAY,CARD_APP_CODE_296,PAYEE_CODE_296,SCR_FI_NO_296
ATM,EXTEN,Synthetic bank,Synthetic banking long_description row 297,POS_CODE_,LAN,ATM,CARD_APP_CODE_297,PAYEE_CODE_297,SCR_FI_NO_297
DEP,EXTEN,Synthetic bank,Synthetic banking long_description row 298,POS_CODE_,LAN,DEP,CARD_APP_CODE_298,PAYEE_CODE_298,SCR_FI_NO_298
WDR,EXTEN,Synthetic bank,Synthetic banking long_description row 299,POS_CODE_,LAN,WDR,CARD_APP_CODE_299,PAYEE_CODE_299,SCR_FI_NO_299
TRF,EXTEN,Synthetic bank,Synthetic banking long_description row 300,POS_CODE_,LAN,TRF,CARD_APP_CODE_300,PAYEE_CODE_300,SCR_FI_NO_300
FEE,EXTEN,Synthetic bank,Synthetic banking long_description row 301,POS_CODE_,LAN,FEE,CARD_APP_CODE_301,PAYEE_CODE_301,SCR_FI_NO_301
INT,EXTEN,Synthetic bank,Synthetic banking long_description row 302,POS_CODE_,LAN,INT,CARD_APP_CODE_302,PAYEE_CODE_302,SCR_FI_NO_302
REV,EXTEN,Synthetic bank,Synthetic banking long_description row 303,POS_CODE_,LAN,REV,CARD_APP_CODE_303,PAYEE_CODE_303,SCR_FI_NO_303
PAY,EXTEN,Synthetic bank,Synthetic banking long_description row 304,POS_CODE_,LAN,PAY,CARD_APP_CODE_304,PAYEE_CODE_304,SCR_FI_NO_304
ATM,EXTEN,Synthetic bank,Synthetic banking long_description row 305,POS_CODE_,LAN,ATM,CARD_APP_CODE_305,PAYEE_CODE_305,SCR_FI_NO_305
DEP,EXTEN,Synthetic bank,Synthetic banking long_description row 306,POS_CODE_,LAN,DEP,CARD_APP_CODE_306,PAYEE_CODE_306,SCR_FI_NO_306
WDR,EXTEN,Synthetic bank,Synthetic banking long_description row 307,POS_CODE_,LAN,WDR,CARD_APP_CODE_307,PAYEE_CODE_307,SCR_FI_NO_307
TRF,EXTEN,Synthetic bank,Synthetic banking long_description row 308,POS_CODE_,LAN,TRF,CARD_APP_CODE_308,PAYEE_CODE_308,SCR_FI_NO_308
FEE,EXTEN,Synthetic bank,Synthetic banking long_description row 309,POS_CODE_,LAN,FEE,CARD_APP_CODE_309,PAYEE_CODE_309,SCR_FI_NO_309
INT,EXTEN,Synthetic bank,Synthetic banking long_description row 310,POS_CODE_,LAN,INT,CARD_APP_CODE_310,PAYEE_CODE_310,SCR_FI_NO_310
REV,EXTEN,Synthetic bank,Synthetic banking long_description row 311,POS_CODE_,LAN,REV,CARD_APP_CODE_311,PAYEE_CODE_311,SCR_FI_NO_311
PAY,EXTEN,Synthetic bank,Synthetic banking long_description row 312,POS_CODE_,LAN,PAY,CARD_APP_CODE_312,PAYEE_CODE_312,SCR_FI_NO_312
ATM,EXTEN,Synthetic bank,Synthetic banking long_description row 313,POS_CODE_,LAN,ATM,CARD_APP_CODE_313,PAYEE_CODE_313,SCR_FI_NO_313
DEP,EXTEN,Synthetic bank,Synthetic banking long_description row 314,POS_CODE_,LAN,DEP,CARD_APP_CODE_314,PAYEE_CODE_314,SCR_FI_NO_314
WDR,EXTEN,Synthetic bank,Synthetic banking long_description row 315,POS_CODE_,LAN,WDR,CARD_APP_CODE_315,PAYEE_CODE_315,SCR_FI_NO_315
TRF,EXTEN,Synthetic bank,Synthetic banking long_description row 316,POS_CODE_,LAN,TRF,CARD_APP_CODE_316,PAYEE_CODE_316,SCR_FI_NO_316
FEE,EXTEN,Synthetic bank,Synthetic banking long_description row 317,POS_CODE_,LAN,FEE,CARD_APP_CODE_317,PAYEE_CODE_317,SCR_FI_NO_317
INT,EXTEN,Synthetic bank,Synthetic banking long_description row 318,POS_CODE_,LAN,INT,CARD_APP_CODE_318,PAYEE_CODE_318,SCR_FI_NO_318
REV,EXTEN,Synthetic bank,Synthetic banking long_description row 319,POS_CODE_,LAN,REV,CARD_APP_CODE_319,PAYEE_CODE_319,SCR_FI_NO_319
PAY,EXTEN,Synthetic bank,Synthetic banking long_description row 320,POS_CODE_,LAN,PAY,CARD_APP_CODE_320,PAYEE_CODE_320,SCR_FI_NO_320
ATM,EXTEN,Synthetic bank,Synthetic banking long_description row 321,POS_CODE_,LAN,ATM,CARD_APP_CODE_321,PAYEE_CODE_321,SCR_FI_NO_321
DEP,EXTEN,Synthetic bank,Synthetic banking long_description row 322,POS_CODE_,LAN,DEP,CARD_APP_CODE_322,PAYEE_CODE_322,SCR_FI_NO_322
WDR,EXTEN,Synthetic bank,Synthetic banking long_description row 323,POS_CODE_,LAN,WDR,CARD_APP_CODE_323,PAYEE_CODE_323,SCR_FI_NO_323
TRF,EXTEN,Synthetic bank,Synthetic banking long_description row 324,POS_CODE_,LAN,TRF,CARD_APP_CODE_324,PAYEE_CODE_324,SCR_FI_NO_324
FEE,EXTEN,Synthetic bank,Synthetic banking long_description row 325,POS_CODE_,LAN,FEE,CARD_APP_CODE_325,PAYEE_CODE_325,SCR_FI_NO_325
INT,EXTEN,Synthetic bank,Synthetic banking long_description row 326,POS_CODE_,LAN,INT,CARD_APP_CODE_326,PAYEE_CODE_326,SCR_FI_NO_326
REV,EXTEN,Synthetic bank,Synthetic banking long_description row 327,POS_CODE_,LAN,REV,CARD_APP_CODE_327,PAYEE_CODE_327,SCR_FI_NO_327
PAY,EXTEN,Synthetic bank,Synthetic banking long_description row 328,POS_CODE_,LAN,PAY,CARD_APP_CODE_328,PAYEE_CODE_328,SCR_FI_NO_328
ATM,EXTEN,Synthetic bank,Synthetic banking long_description row 329,POS_CODE_,LAN,ATM,CARD_APP_CODE_329,PAYEE_CODE_329,SCR_FI_NO_329
DEP,EXTEN,Synthetic bank,Synthetic banking long_description row 330,POS_CODE_,LAN,DEP,CARD_APP_CODE_330,PAYEE_CODE_330,SCR_FI_NO_330
WDR,EXTEN,Synthetic bank,Synthetic banking long_description row 331,POS_CODE_,LAN,WDR,CARD_APP_CODE_331,PAYEE_CODE_331,SCR_FI_NO_331
TRF,EXTEN,Synthetic bank,Synthetic banking long_description row 332,POS_CODE_,LAN,TRF,CARD_APP_CODE_332,PAYEE_CODE_332,SCR_FI_NO_332
FEE,EXTEN,Synthetic bank,Synthetic banking long_description row 333,POS_CODE_,LAN,FEE,CARD_APP_CODE_333,PAYEE_CODE_333,SCR_FI_NO_333
INT,EXTEN,Synthetic bank,Synthetic banking long_description row 334,POS_CODE_,LAN,INT,CARD_APP_CODE_334,PAYEE_CODE_334,SCR_FI_NO_334
REV,EXTEN,Synthetic bank,Synthetic banking long_description row 335,POS_CODE_,LAN,REV,CARD_APP_CODE_335,PAYEE_CODE_335,SCR_FI_NO_335
PAY,EXTEN,Synthetic bank,Synthetic banking long_description row 336,POS_CODE_,LAN,PAY,CARD_APP_CODE_336,PAYEE_CODE_336,SCR_FI_NO_336
ATM,EXTEN,Synthetic bank,Synthetic banking long_description row 337,POS_CODE_,LAN,ATM,CARD_APP_CODE_337,PAYEE_CODE_337,SCR_FI_NO_337
DEP,EXTEN,Synthetic bank,Synthetic banking long_description row 338,POS_CODE_,LAN,DEP,CARD_APP_CODE_338,PAYEE_CODE_338,SCR_FI_NO_338
WDR,EXTEN,Synthetic bank,Synthetic banking long_description row 339,POS_CODE_,LAN,WDR,CARD_APP_CODE_339,PAYEE_CODE_339,SCR_FI_NO_339
TRF,EXTEN,Synthetic bank,Synthetic banking long_description row 340,POS_CODE_,LAN,TRF,CARD_APP_CODE_340,PAYEE_CODE_340,SCR_FI_NO_340
FEE,EXTEN,Synthetic bank,Synthetic banking long_description row 341,POS_CODE_,LAN,FEE,CARD_APP_CODE_341,PAYEE_CODE_341,SCR_FI_NO_341
INT,EXTEN,Synthetic bank,Synthetic banking long_description row 342,POS_CODE_,LAN,INT,CARD_APP_CODE_342,PAYEE_CODE_342,SCR_FI_NO_342
REV,EXTEN,Synthetic bank,Synthetic banking long_description row 343,POS_CODE_,LAN,REV,CARD_APP_CODE_343,PAYEE_CODE_343,SCR_FI_NO_343
PAY,EXTEN,Synthetic bank,Synthetic banking long_description row 344,POS_CODE_,LAN,PAY,CARD_APP_CODE_344,PAYEE_CODE_344,SCR_FI_NO_344
ATM,EXTEN,Synthetic bank,Synthetic banking long_description row 345,POS_CODE_,LAN,ATM,CARD_APP_CODE_345,PAYEE_CODE_345,SCR_FI_NO_345
DEP,EXTEN,Synthetic bank,Synthetic banking long_description row 346,POS_CODE_,LAN,DEP,CARD_APP_CODE_346,PAYEE_CODE_346,SCR_FI_NO_346
WDR,EXTEN,Synthetic bank,Synthetic banking long_description row 347,POS_CODE_,LAN,WDR,CARD_APP_CODE_347,PAYEE_CODE_347,SCR_FI_NO_347
TRF,EXTEN,Synthetic bank,Synthetic banking long_description row 348,POS_CODE_,LAN,TRF,CARD_APP_CODE_348,PAYEE_CODE_348,SCR_FI_NO_348
FEE,EXTEN,Synthetic bank,Synthetic banking long_description row 349,POS_CODE_,LAN,FEE,CARD_APP_CODE_349,PAYEE_CODE_349,SCR_FI_NO_349
INT,EXTEN,Synthetic bank,Synthetic banking long_description row 350,POS_CODE_,LAN,INT,CARD_APP_CODE_350,PAYEE_CODE_350,SCR_FI_NO_350
REV,EXTEN,Synthetic bank,Synthetic banking long_description row 351,POS_CODE_,LAN,REV,CARD_APP_CODE_351,PAYEE_CODE_351,SCR_FI_NO_351
PAY,EXTEN,Synthetic bank,Synthetic banking long_description row 352,POS_CODE_,LAN,PAY,CARD_APP_CODE_352,PAYEE_CODE_352,SCR_FI_NO_352
ATM,EXTEN,Synthetic bank,Synthetic banking long_description row 353,POS_CODE_,LAN,ATM,CARD_APP_CODE_353,PAYEE_CODE_353,SCR_FI_NO_353
DEP,EXTEN,Synthetic bank,Synthetic banking long_description row 354,POS_CODE_,LAN,DEP,CARD_APP_CODE_354,PAYEE_CODE_354,SCR_FI_NO_354
WDR,EXTEN,Synthetic bank,Synthetic banking long_description row 355,POS_CODE_,LAN,WDR,CARD_APP_CODE_355,PAYEE_CODE_355,SCR_FI_NO_355
TRF,EXTEN,Synthetic bank,Synthetic banking long_description row 356,POS_CODE_,LAN,TRF,CARD_APP_CODE_356,PAYEE_CODE_356,SCR_FI_NO_356
FEE,EXTEN,Synthetic bank,Synthetic banking long_description row 357,POS_CODE_,LAN,FEE,CARD_APP_CODE_357,PAYEE_CODE_357,SCR_FI_NO_357
INT,EXTEN,Synthetic bank,Synthetic banking long_description row 358,POS_CODE_,LAN,INT,CARD_APP_CODE_358,PAYEE_CODE_358,SCR_FI_NO_358
REV,EXTEN,Synthetic bank,Synthetic banking long_description row 359,POS_CODE_,LAN,REV,CARD_APP_CODE_359,PAYEE_CODE_359,SCR_FI_NO_359
PAY,EXTEN,Synthetic bank,Synthetic banking long_description row 360,POS_CODE_,LAN,PAY,CARD_APP_CODE_360,PAYEE_CODE_360,SCR_FI_NO_360
ATM,EXTEN,Synthetic bank,Synthetic banking long_description row 361,POS_CODE_,LAN,ATM,CARD_APP_CODE_361,PAYEE_CODE_361,SCR_FI_NO_361
DEP,EXTEN,Synthetic bank,Synthetic banking long_description row 362,POS_CODE_,LAN,DEP,CARD_APP_CODE_362,PAYEE_CODE_362,SCR_FI_NO_362
WDR,EXTEN,Synthetic bank,Synthetic banking long_description row 363,POS_CODE_,LAN,WDR,CARD_APP_CODE_363,PAYEE_CODE_363,SCR_FI_NO_363
TRF,EXTEN,Synthetic bank,Synthetic banking long_description row 364,POS_CODE_,LAN,TRF,CARD_APP_CODE_364,PAYEE_CODE_364,SCR_FI_NO_364
FEE,EXTEN,Synthetic bank,Synthetic banking long_description row 365,POS_CODE_,LAN,FEE,CARD_APP_CODE_365,PAYEE_CODE_365,SCR_FI_NO_365
INT,EXTEN,Synthetic bank,Synthetic banking long_description row 366,POS_CODE_,LAN,INT,CARD_APP_CODE_366,PAYEE_CODE_366,SCR_FI_NO_366
REV,EXTEN,Synthetic bank,Synthetic banking long_description row 367,POS_CODE_,LAN,REV,CARD_APP_CODE_367,PAYEE_CODE_367,SCR_FI_NO_367
