CONTRACT_REF_NO,EVENT_SEQ_NO,ROLE_CODE,SEQ_NO,PAYMENT_MODE,BASE_COMPONENT,COMPONENT,COMPONENT_TYPE,PAY_RECEIVE,TAG_CCY,TAG_AMOUNT,ALLOCATED_TAG_AMT,SETTLEMENT_CCY,SETTLEMENT_FCY_AMT,SETTLEMENT_LCY_AMT,RATE_TYPE,EX_RATE,MODE_TXN_REF_NO,FLAG_ALLOCATION,MODULE,EXT_PAYMENT_REMARKS,EXT_PAYMENT_SOURCE,EXT_PAYMENT_REF_NO,EDIT_ALLOWED,BASE_CCY,BASE_CCY_EXRT,BASE_CCY_AMT
CONTRACT_REF_NO_,448138,ROLE_CODE_1,200344,PAY,B,COMPONENT_1,C,P,USD,80269.600,116092.000,USD,155811.200,73928.000,R,4.10000000,MODE_TXN_REF_NO_,F,MO,EXT_PAYMENT_REMARKS_1,EXT_PAYMENT_SOURCE_1,EXT_PAYMENT_REF_NO_1,E,USD,356592.00000000,87636.000
CONTRACT_REF_NO_,192721,ROLE_CODE_2,75071,PAY,B,COMPONENT_2,C,P,PEN,14552.400,11540.600,PEN,3053.700,3782.800,R,3.88000000,MODE_TXN_REF_NO_,F,MO,EXT_PAYMENT_REMARKS_2,EXT_PAYMENT_SOURCE_2,EXT_PAYMENT_REF_NO_2,E,PEN,716495.00000000,3836.500
CONTRACT_REF_NO_,55597,ROLE_CODE_3,473131,PAY,B,COMPONENT_3,C,P,EUR,22101.300,14384.100,EUR,16164.400,10727.000,R,4.42000000,MODE_TXN_REF_NO_,F,MO,EXT_PAYMENT_REMARKS_3,EXT_PAYMENT_SOURCE_3,EXT_PAYMENT_REF_NO_3,E,EUR,299029.00000000,6285.300
CONTRACT_REF_NO_,164450,ROLE_CODE_4,449271,PAY,B,COMPONENT_4,C,P,BRL,9832.400,2126.800,BRL,16049.600,6697.700,R,2.27000000,MODE_TXN_REF_NO_,F,MO,EXT_PAYMENT_REMARKS_4,EXT_PAYMENT_SOURCE_4,EXT_PAYMENT_REF_NO_4,E,BRL,160462.00000000,17103.800
CONTRACT_REF_NO_,948346,ROLE_CODE_5,727278,PAY,B,COMPONENT_5,C,P,USD,16378.700,23112.200,USD,12661.500,4297.000,R,4.43000000,MODE_TXN_REF_NO_,F,MO,EXT_PAYMENT_REMARKS_5,EXT_PAYMENT_SOURCE_5,EXT_PAYMENT_REF_NO_5,E,USD,276921.00000000,1470.400
CONTRACT_REF_NO_,822809,ROLE_CODE_6,318833,PAY,B,COMPONENT_6,C,P,PEN,938.100,24212.700,PEN,22882.800,17041.300,R,3.39000000,MODE_TXN_REF_NO_,F,MO,EXT_PAYMENT_REMARKS_6,EXT_PAYMENT_SOURCE_6,EXT_PAYMENT_REF_NO_6,E,PEN,564679.00000000,13689.100
CONTRACT_REF_NO_,895767,ROLE_CODE_7,16664,PAY,B,COMPONENT_7,C,P,EUR,9999.000,2775.900,EUR,22476.900,22948.300,R,3.47000000,MODE_TXN_REF_NO_,F,MO,EXT_PAYMENT_REMARKS_7,EXT_PAYMENT_SOURCE_7,EXT_PAYMENT_REF_NO_7,E,EUR,563214.00000000,17973.800
CONTRACT_REF_NO_,266049,ROLE_CODE_8,109144,PAY,B,COMPONENT_8,C,P,BRL,10447.700,348.500,BRL,7157.100,14755.000,R,3.93000000,MODE_TXN_REF_NO_,F,MO,EXT_PAYMENT_REMARKS_8,EXT_PAYMENT_SOURCE_8,EXT_PAYMENT_REF_NO_8,E,BRL,599205.00000000,18689.500
CONTRACT_REF_NO_,343739,ROLE_CODE_9,874875,PAY,B,COMPONENT_9,C,P,USD,899.100,6050.900,USD,15065.200,1950.900,R,1.89000000,MODE_TXN_REF_NO_,F,MO,EXT_PAYMENT_REMARKS_9,EXT_PAYMENT_SOURCE_9,EXT_PAYMENT_REF_NO_9,E,USD,199856.00000000,6134.300
CONTRACT_REF_NO_,395570,ROLE_CODE_10,1913,PAY,B,COMPONENT_10,C,P,PEN,10884.700,20868.500,PEN,3533.700,23436.500,R,4.19000000,MODE_TXN_REF_NO_,F,MO,EXT_PAYMENT_REMARKS_10,EXT_PAYMENT_SOURCE_1,EXT_PAYMENT_REF_NO_1,E,PEN,70719.00000000,16995.000
CONTRACT_REF_NO_,7029,ROLE_CODE_11,408188,PAY,B,COMPONENT_11,C,P,EUR,20911.500,1931.900,EUR,18450.500,18436.600,R,3.15000000,MODE_TXN_REF_NO_,F,MO,EXT_PAYMENT_REMARKS_11,EXT_PAYMENT_SOURCE_1,EXT_PAYMENT_REF_NO_1,E,EUR,937507.00000000,22496.500
CONTRACT_REF_NO_,398191,ROLE_CODE_12,781958,PAY,B,COMPONENT_12,C,P,BRL,4628.500,20012.200,BRL,6527.200,1669.600,R,3.96000000,MODE_TXN_REF_NO_,F,MO,EXT_PAYMENT_REMARKS_12,EXT_PAYMENT_SOURCE_1,EXT_PAYMENT_REF_NO_1,E,BRL,854303.00000000,4439.400
CONTRACT_REF_NO_,173607,ROLE_CODE_13,800478,PAY,B,COMPONENT_13,C,P,USD,5308.400,5840.700,USD,17566.600,5679.100,R,3.59000000,MODE_TXN_REF_NO_,F,MO,EXT_PAYMENT_REMARKS_13,EXT_PAYMENT_SOURCE_1,EXT_PAYMENT_REF_NO_1,E,USD,650286.00000000,14440.400
CONTRACT_REF_NO_,359730,ROLE_CODE_14,834769,PAY,B,COMPONENT_14,C,P,PEN,16507.400,364.500,PEN,10867.600,17791.000,R,4.44000000,MODE_TXN_REF_NO_,F,MO,EXT_PAYMENT_REMARKS_14,EXT_PAYMENT_SOURCE_1,EXT_PAYMENT_REF_NO_1,E,PEN,81572.00000000,12888.900
CONTRACT_REF_NO_,108351,ROLE_CODE_15,177430,PAY,B,COMPONENT_15,C,P,EUR,11515.400,277.700,EUR,762.300,22293.500,R,3.56000000,MODE_TXN_REF_NO_,F,MO,EXT_PAYMENT_REMARKS_15,EXT_PAYMENT_SOURCE_1,EXT_PAYMENT_REF_NO_1,E,EUR,644892.00000000,14492.300
CONTRACT_REF_NO_,737493,ROLE_CODE_16,884451,PAY,B,COMPONENT_16,C,P,BRL,732.000,5386.900,BRL,6154.300,6156.300,R,3.19000000,MODE_TXN_REF_NO_,F,MO,EXT_PAYMENT_REMARKS_16,EXT_PAYMENT_SOURCE_1,EXT_PAYMENT_REF_NO_1,E,BRL,85783.00000000,14795.500
CONTRACT_REF_NO_,665536,ROLE_CODE_17,273924,PAY,B,COMPONENT_17,C,P,USD,9805.400,24235.000,USD,7417.200,23918.500,R,1.95000000,MODE_TXN_REF_NO_,F,MO,EXT_PAYMENT_REMARKS_17,EXT_PAYMENT_SOURCE_1,EXT_PAYMENT_REF_NO_1,E,USD,947964.00000000,12287.700
CONTRACT_REF_NO_,39646,ROLE_CODE_18,9380,PAY,B,COMPONENT_18,C,P,PEN,24377.400,875.900,PEN,13646.200,5644.200,R,4.05000000,MODE_TXN_REF_NO_,F,MO,EXT_PAYMENT_REMARKS_18,EXT_PAYMENT_SOURCE_1,EXT_PAYMENT_REF_NO_1,E,PEN,474748.00000000,14335.900
CONTRACT_REF_NO_,534075,ROLE_CODE_19,150002,PAY,B,COMPONENT_19,C,P,EUR,10651.900,22149.600,EUR,3815.100,5377.700,R,3.48000000,MODE_TXN_REF_NO_,F,MO,EXT_PAYMENT_REMARKS_19,EXT_PAYMENT_SOURCE_1,EXT_PAYMENT_REF_NO_1,E,EUR,154803.00000000,15860.600
CONTRACT_REF_NO_,242915,ROLE_CODE_20,769142,PAY,B,COMPONENT_20,C,P,BRL,11788.800,16249.300,BRL,4408.600,7305.100,R,1.36000000,MODE_TXN_REF_NO_,F,MO,EXT_PAYMENT_REMARKS_20,EXT_PAYMENT_SOURCE_2,EXT_PAYMENT_REF_NO_2,E,BRL,674617.00000000,17234.000
CONTRACT_REF_NO_,963563,ROLE_CODE_21,822658,PAY,B,COMPONENT_21,C,P,USD,11365.200,10806.900,USD,23.100,2851.400,R,1.84000000,MODE_TXN_REF_NO_,F,MO,EXT_PAYMENT_REMARKS_21,EXT_PAYMENT_SOURCE_2,EXT_PAYMENT_REF_NO_2,E,USD,900635.00000000,7780.400
CONTRACT_REF_NO_,363986,ROLE_CODE_22,547984,PAY,B,COMPONENT_22,C,P,PEN,17983.700,10141.100,PEN,18661.500,105.800,R,3.38000000,MODE_TXN_REF_NO_,F,MO,EXT_PAYMENT_REMARKS_22,EXT_PAYMENT_SOURCE_2,EXT_PAYMENT_REF_NO_2,E,PEN,358314.00000000,21353.300
CONTRACT_REF_NO_,170670,ROLE_CODE_23,808813,PAY,B,COMPONENT_23,C,P,EUR,21015.300,19951.400,EUR,6154.000,11744.200,R,2.86000000,MODE_TXN_REF_NO_,F,MO,EXT_PAYMENT_REMARKS_23,EXT_PAYMENT_SOURCE_2,EXT_PAYMENT_REF_NO_2,E,EUR,669623.00000000,15379.800
CONTRACT_REF_NO_,477594,ROLE_CODE_24,951726,PAY,B,COMPONENT_24,C,P,BRL,2889.600,21824.800,BRL,18035.800,2129.500,R,2.03000000,MODE_TXN_REF_NO_,F,MO,EXT_PAYMENT_REMARKS_24,EXT_PAYMENT_SOURCE_2,EXT_PAYMENT_REF_NO_2,E,BRL,980322.00000000,2368.300
CONTRACT_REF_NO_,243808,ROLE_CODE_25,793785,PAY,B,COMPONENT_25,C,P,USD,22649.000,13991.100,USD,11836.100,24473.900,R,2.32000000,MODE_TXN_REF_NO_,F,MO,EXT_PAYMENT_REMARKS_25,EXT_PAYMENT_SOURCE_2,EXT_PAYMENT_REF_NO_2,E,USD,357693.00000000,1026.300
CONTRACT_REF_NO_,467423,ROLE_CODE_26,6463,PAY,B,COMPONENT_26,C,P,PEN,24417.200,23203.900,PEN,14839.000,22261.000,R,3.72000000,MODE_TXN_REF_NO_,F,MO,EXT_PAYMENT_REMARKS_26,EXT_PAYMENT_SOURCE_2,EXT_PAYMENT_REF_NO_2,E,PEN,236846.00000000,23603.100
CONTRACT_REF_NO_,869375,ROLE_CODE_27,399999,PAY,B,COMPONENT_27,C,P,EUR,11184.400,12464.600,EUR,13946.300,296.100,R,2.76000000,MODE_TXN_REF_NO_,F,MO,EXT_PAYMENT_REMARKS_27,EXT_PAYMENT_SOURCE_2,EXT_PAYMENT_REF_NO_2,E,EUR,524201.00000000,14383.100
CONTRACT_REF_NO_,362438,ROLE_CODE_28,818056,PAY,B,COMPONENT_28,C,P,BRL,17523.700,1084.400,BRL,6416.000,15229.300,R,1.40000000,MODE_TXN_REF_NO_,F,MO,EXT_PAYMENT_REMARKS_28,EXT_PAYMENT_SOURCE_2,EXT_PAYMENT_REF_NO_2,E,BRL,271638.00000000,9159.200
CONTRACT_REF_NO_,875047,ROLE_CODE_29,568115,PAY,B,COMPONENT_29,C,P,USD,11163.700,7043.700,USD,6986.800,16074.200,R,4.31000000,MODE_TXN_REF_NO_,F,MO,EXT_PAYMENT_REMARKS_29,EXT_PAYMENT_SOURCE_2,EXT_PAYMENT_REF_NO_2,E,USD,566901.00000000,12554.900
CONTRACT_REF_NO_,774263,ROLE_CODE_30,411438,PAY,B,COMPONENT_30,C,P,PEN,1116.900,3889.300,PEN,4465.800,8802.900,R,2.49000000,MODE_TXN_REF_NO_,F,MO,EXT_PAYMENT_REMARKS_30,EXT_PAYMENT_SOURCE_3,EXT_PAYMENT_REF_NO_3,E,PEN,570633.00000000,6848.300
CONTRACT_REF_NO_,295263,ROLE_CODE_31,433125,PAY,B,COMPONENT_31,C,P,EUR,23620.200,21163.900,EUR,14151.300,2604.300,R,1.70000000,MODE_TXN_REF_NO_,F,MO,EXT_PAYMENT_REMARKS_31,EXT_PAYMENT_SOURCE_3,EXT_PAYMENT_REF_NO_3,E,EUR,818791.00000000,4620.900
CONTRACT_REF_NO_,888288,ROLE_CODE_32,380282,PAY,B,COMPONENT_32,C,P,BRL,299.300,8046.200,BRL,16563.900,20787.600,R,1.51000000,MODE_TXN_REF_NO_,F,MO,EXT_PAYMENT_REMARKS_32,EXT_PAYMENT_SOURCE_3,EXT_PAYMENT_REF_NO_3,E,BRL,283198.00000000,18643.300
CONTRACT_REF_NO_,861902,ROLE_CODE_33,694183,PAY,B,COMPONENT_33,C,P,USD,2818.700,1615.600,USD,17682.100,24120.200,R,1.61000000,MODE_TXN_REF_NO_,F,MO,EXT_PAYMENT_REMARKS_33,EXT_PAYMENT_SOURCE_3,EXT_PAYMENT_REF_NO_3,E,USD,921635.00000000,20692.000
CONTRACT_REF_NO_,238724,ROLE_CODE_34,367842,PAY,B,COMPONENT_34,C,P,PEN,13506.500,15217.700,PEN,22065.100,289.200,R,3.26000000,MODE_TXN_REF_NO_,F,MO,EXT_PAYMENT_REMARKS_34,EXT_PAYMENT_SOURCE_3,EXT_PAYMENT_REF_NO_3,E,PEN,754188.00000000,14027.600
CONTRACT_REF_NO_,686491,ROLE_CODE_35,233612,PAY,B,COMPONENT_35,C,P,EUR,225.500,21664.200,EUR,10504.700,761.600,R,3.30000000,MODE_TXN_REF_NO_,F,MO,EXT_PAYMENT_REMARKS_35,EXT_PAYMENT_SOURCE_3,EXT_PAYMENT_REF_NO_3,E,EUR,263723.00000000,11768.900
CONTRACT_REF_NO_,648014,ROLE_CODE_36,40471,PAY,B,COMPONENT_36,C,P,BRL,6052.500,11738.000,BRL,8233.000,686.600,R,3.89000000,MODE_TXN_REF_NO_,F,MO,EXT_PAYMENT_REMARKS_36,EXT_PAYMENT_SOURCE_3,EXT_PAYMENT_REF_NO_3,E,BRL,380462.00000000,24413.500
CONTRACT_REF_NO_,690090,ROLE_CODE_37,2368,PAY,B,COMPONENT_37,C,P,USD,14003.000,11560.500,USD,19485.700,15.400,R,1.52000000,MODE_TXN_REF_NO_,F,MO,EXT_PAYMENT_REMARKS_37,EXT_PAYMENT_SOURCE_3,EXT_PAYMENT_REF_NO_3,E,USD,723715.00000000,21790.400
CONTRACT_REF_NO_,600814,ROLE_CODE_38,644572,PAY,B,COMPONENT_38,C,P,PEN,87500.000,160308.800,PEN,184485.600,64874.400,R,1.62000000,MODE_TXN_REF_NO_,F,MO,EXT_PAYMENT_REMARKS_38,EXT_PAYMENT_SOURCE_3,EXT_PAYMENT_REF_NO_3,E,PEN,399785.00000000,74890.400
CONTRACT_REF_NO_,494733,ROLE_CODE_39,214108,PAY,B,COMPONENT_39,C,P,EUR,15204.700,14013.500,EUR,2880.200,8928.600,R,3.63000000,MODE_TXN_REF_NO_,F,MO,EXT_PAYMENT_REMARKS_39,EXT_PAYMENT_SOURCE_3,EXT_PAYMENT_REF_NO_3,E,EUR,388432.00000000,8497.700
CONTRACT_REF_NO_,888534,ROLE_CODE_40,601452,PAY,B,COMPONENT_40,C,P,BRL,24145.900,11489.600,BRL,10852.200,6172.800,R,3.10000000,MODE_TXN_REF_NO_,F,MO,EXT_PAYMENT_REMARKS_40,EXT_PAYMENT_SOURCE_4,EXT_PAYMENT_REF_NO_4,E,BRL,831506.00000000,22067.400
CONTRACT_REF_NO_,201541,ROLE_CODE_41,851403,PAY,B,COMPONENT_41,C,P,USD,1750.300,5886.200,USD,13184.500,19584.100,R,4.50000000,MODE_TXN_REF_NO_,F,MO,EXT_PAYMENT_REMARKS_41,EXT_PAYMENT_SOURCE_4,EXT_PAYMENT_REF_NO_4,E,USD,251514.00000000,22753.800
CONTRACT_REF_NO_,177201,ROLE_CODE_42,434867,PAY,B,COMPONENT_42,C,P,PEN,10462.400,13972.100,PEN,5601.000,20473.600,R,4.35000000,MODE_TXN_REF_NO_,F,MO,EXT_PAYMENT_REMARKS_42,EXT_PAYMENT_SOURCE_4,EXT_PAYMENT_REF_NO_4,E,PEN,218633.00000000,9857.800
CONTRACT_REF_NO_,752365,ROLE_CODE_43,13948,PAY,B,COMPONENT_43,C,P,EUR,8931.500,8017.500,EUR,15169.100,4261.700,R,2.50000000,MODE_TXN_REF_NO_,F,MO,EXT_PAYMENT_REMARKS_43,EXT_PAYMENT_SOURCE_4,EXT_PAYMENT_REF_NO_4,E,EUR,495427.00000000,21857.700
CONTRACT_REF_NO_,860013,ROLE_CODE_44,406615,PAY,B,COMPONENT_44,C,P,BRL,1507.100,13309.900,BRL,20371.000,13912.800,R,4.30000000,MODE_TXN_REF_NO_,F,MO,EXT_PAYMENT_REMARKS_44,EXT_PAYMENT_SOURCE_4,EXT_PAYMENT_REF_NO_4,E,BRL,259035.00000000,12017.800
CONTRACT_REF_NO_,516946,ROLE_CODE_45,818034,PAY,B,COMPONENT_45,C,P,USD,22150.300,12450.300,USD,21309.800,4862.000,R,2.28000000,MODE_TXN_REF_NO_,F,MO,EXT_PAYMENT_REMARKS_45,EXT_PAYMENT_SOURCE_4,EXT_PAYMENT_REF_NO_4,E,USD,199710.00000000,6145.500
CONTRACT_REF_NO_,405447,ROLE_CODE_46,823670,PAY,B,COMPONENT_46,C,P,PEN,683.500,7183.100,PEN,6196.500,990.900,R,4.18000000,MODE_TXN_REF_NO_,F,MO,EXT_PAYMENT_REMARKS_46,EXT_PAYMENT_SOURCE_4,EXT_PAYMENT_REF_NO_4,E,PEN,798675.00000000,14239.700
CONTRACT_REF_NO_,663231,ROLE_CODE_47,669972,PAY,B,COMPONENT_47,C,P,EUR,1607.500,3606.300,EUR,21536.800,6868.200,R,1.93000000,MODE_TXN_REF_NO_,F,MO,EXT_PAYMENT_REMARKS_47,EXT_PAYMENT_SOURCE_4,EXT_PAYMENT_REF_NO_4,E,EUR,797793.00000000,19347.800
CONTRACT_REF_NO_,907618,ROLE_CODE_48,118013,PAY,B,COMPONENT_48,C,P,BRL,9969.800,7629.200,BRL,4198.000,9011.900,R,4.14000000,MODE_TXN_REF_NO_,F,MO,EXT_PAYMENT_REMARKS_48,EXT_PAYMENT_SOURCE_4,EXT_PAYMENT_REF_NO_4,E,BRL,852971.00000000,15622.600
CONTRACT_REF_NO_,919206,ROLE_CODE_49,950404,PAY,B,COMPONENT_49,C,P,USD,24401.100,4368.400,USD,11988.600,19020.900,R,2.47000000,MODE_TXN_REF_NO_,F,MO,EXT_PAYMENT_REMARKS_49,EXT_PAYMENT_SOURCE_4,EXT_PAYMENT_REF_NO_4,E,USD,941759.00000000,1509.000
CONTRACT_REF_NO_,93332,ROLE_CODE_50,999753,PAY,B,COMPONENT_50,C,P,PEN,519.700,20372.000,PEN,15835.000,22022.100,R,3.80000000,MODE_TXN_REF_NO_,F,MO,EXT_PAYMENT_REMARKS_50,EXT_PAYMENT_SOURCE_5,EXT_PAYMENT_REF_NO_5,E,PEN,510597.00000000,12107.900
CONTRACT_REF_NO_,712518,ROLE_CODE_51,177246,PAY,B,COMPONENT_51,C,P,EUR,22188.100,12984.800,EUR,8661.200,623.800,R,4.28000000,MODE_TXN_REF_NO_,F,MO,EXT_PAYMENT_REMARKS_51,EXT_PAYMENT_SOURCE_5,EXT_PAYMENT_REF_NO_5,E,EUR,768125.00000000,7644.300
CONTRACT_REF_NO_,516001,ROLE_CODE_52,79105,PAY,B,COMPONENT_52,C,P,BRL,17219.200,4118.400,BRL,15350.000,24857.400,R,2.60000000,MODE_TXN_REF_NO_,F,MO,EXT_PAYMENT_REMARKS_52,EXT_PAYMENT_SOURCE_5,EXT_PAYMENT_REF_NO_5,E,BRL,611801.00000000,5440.700
CONTRACT_REF_NO_,306257,ROLE_CODE_53,471422,PAY,B,COMPONENT_53,C,P,USD,15929.300,2713.300,USD,7860.500,11496.000,R,2.17000000,MODE_TXN_REF_NO_,F,MO,EXT_PAYMENT_REMARKS_53,EXT_PAYMENT_SOURCE_5,EXT_PAYMENT_REF_NO_5,E,USD,437923.00000000,7188.300
CONTRACT_REF_NO_,55028,ROLE_CODE_54,470455,PAY,B,COMPONENT_54,C,P,PEN,3820.400,12610.100,PEN,4218.000,13172.900,R,3.28000000,MODE_TXN_REF_NO_,F,MO,EXT_PAYMENT_REMARKS_54,EXT_PAYMENT_SOURCE_5,EXT_PAYMENT_REF_NO_5,E,PEN,831814.00000000,11811.300
CONTRACT_REF_NO_,725273,ROLE_CODE_55,57635,PAY,B,COMPONENT_55,C,P,EUR,2056.900,962.600,EUR,11768.100,19666.100,R,2.06000000,MODE_TXN_REF_NO_,F,MO,EXT_PAYMENT_REMARKS_55,EXT_PAYMENT_SOURCE_5,EXT_PAYMENT_REF_NO_5,E,EUR,518430.00000000,18442.400
CONTRACT_REF_NO_,993460,ROLE_CODE_56,282545,PAY,B,COMPONENT_56,C,P,BRL,701.400,11188.900,BRL,7641.300,3952.700,R,1.50000000,MODE_TXN_REF_NO_,F,MO,EXT_PAYMENT_REMARKS_56,EXT_PAYMENT_SOURCE_5,EXT_PAYMENT_REF_NO_5,E,BRL,416490.00000000,10553.600
CONTRACT_REF_NO_,873510,ROLE_CODE_57,703074,PAY,B,COMPONENT_57,C,P,USD,24077.900,13638.800,USD,3198.200,13322.400,R,3.71000000,MODE_TXN_REF_NO_,F,MO,EXT_PAYMENT_REMARKS_57,EXT_PAYMENT_SOURCE_5,EXT_PAYMENT_REF_NO_5,E,USD,88152.00000000,13620.100
CONTRACT_REF_NO_,534321,ROLE_CODE_58,859254,PAY,B,COMPONENT_58,C,P,PEN,281.400,17655.600,PEN,13188.300,17739.200,R,4.11000000,MODE_TXN_REF_NO_,F,MO,EXT_PAYMENT_REMARKS_58,EXT_PAYMENT_SOURCE_5,EXT_PAYMENT_REF_NO_5,E,PEN,249970.00000000,1690.000
CONTRACT_REF_NO_,287305,ROLE_CODE_59,568296,PAY,B,COMPONENT_59,C,P,EUR,8274.400,21998.300,EUR,6609.200,1469.300,R,0.99000000,MODE_TXN_REF_NO_,F,MO,EXT_PAYMENT_REMARKS_59,EXT_PAYMENT_SOURCE_5,EXT_PAYMENT_REF_NO_5,E,EUR,578454.00000000,21673.900
CONTRACT_REF_NO_,283772,ROLE_CODE_60,493803,PAY,B,COMPONENT_60,C,P,BRL,17324.800,16789.400,BRL,22145.200,11259.700,R,3.36000000,MODE_TXN_REF_NO_,F,MO,EXT_PAYMENT_REMARKS_60,EXT_PAYMENT_SOURCE_6,EXT_PAYMENT_REF_NO_6,E,BRL,801600.00000000,24441.600
CONTRACT_REF_NO_,420761,ROLE_CODE_61,327450,PAY,B,COMPONENT_61,C,P,USD,829.100,2596.700,USD,17666.500,1993.000,R,2.60000000,MODE_TXN_REF_NO_,F,MO,EXT_PAYMENT_REMARKS_61,EXT_PAYMENT_SOURCE_6,EXT_PAYMENT_REF_NO_6,E,USD,288042.00000000,14091.500
CONTRACT_REF_NO_,243359,ROLE_CODE_62,885274,PAY,B,COMPONENT_62,C,P,PEN,4610.200,19625.100,PEN,1071.800,21269.900,R,4.44000000,MODE_TXN_REF_NO_,F,MO,EXT_PAYMENT_REMARKS_62,EXT_PAYMENT_SOURCE_6,EXT_PAYMENT_REF_NO_6,E,PEN,175471.00000000,10952.000
CONTRACT_REF_NO_,926828,ROLE_CODE_63,306735,PAY,B,COMPONENT_63,C,P,EUR,9856.600,3665.900,EUR,5343.100,2788.200,R,1.89000000,MODE_TXN_REF_NO_,F,MO,EXT_PAYMENT_REMARKS_63,EXT_PAYMENT_SOURCE_6,EXT_PAYMENT_REF_NO_6,E,EUR,813909.00000000,1365.900
CONTRACT_REF_NO_,833278,ROLE_CODE_64,491576,PAY,B,COMPONENT_64,C,P,BRL,14175.800,2424.600,BRL,517.300,15592.000,R,2.78000000,MODE_TXN_REF_NO_,F,MO,EXT_PAYMENT_REMARKS_64,EXT_PAYMENT_SOURCE_6,EXT_PAYMENT_REF_NO_6,E,BRL,20479.00000000,10343.000
CONTRACT_REF_NO_,709741,ROLE_CODE_65,534592,PAY,B,COMPONENT_65,C,P,USD,5237.700,18724.200,USD,24350.200,21185.900,R,4.07000000,MODE_TXN_REF_NO_,F,MO,EXT_PAYMENT_REMARKS_65,EXT_PAYMENT_SOURCE_6,EXT_PAYMENT_REF_NO_6,E,USD,921424.00000000,881.700
CONTRACT_REF_NO_,462317,ROLE_CODE_66,171194,PAY,B,COMPONENT_66,C,P,PEN,21507.300,3293.400,PEN,16557.400,22072.800,R,2.25000000,MODE_TXN_REF_NO_,F,MO,EXT_PAYMENT_REMARKS_66,EXT_PAYMENT_SOURCE_6,EXT_PAYMENT_REF_NO_6,E,PEN,76492.00000000,20520.300
CONTRACT_REF_NO_,740675,ROLE_CODE_67,617665,PAY,B,COMPONENT_67,C,P,EUR,21326.000,10591.800,EUR,12592.300,17572.700,R,4.24000000,MODE_TXN_REF_NO_,F,MO,EXT_PAYMENT_REMARKS_67,EXT_PAYMENT_SOURCE_6,EXT_PAYMENT_REF_NO_6,E,EUR,152433.00000000,1697.600
CONTRACT_REF_NO_,776610,ROLE_CODE_68,365228,PAY,B,COMPONENT_68,C,P,BRL,4819.100,22495.500,BRL,21490.200,19585.100,R,1.24000000,MODE_TXN_REF_NO_,F,MO,EXT_PAYMENT_REMARKS_68,EXT_PAYMENT_SOURCE_6,EXT_PAYMENT_REF_NO_6,E,BRL,633303.00000000,273.400
CONTRACT_REF_NO_,245400,ROLE_CODE_69,78016,PAY,B,COMPONENT_69,C,P,USD,1344.400,16343.800,USD,4624.800,3677.500,R,2.97000000,MODE_TXN_REF_NO_,F,MO,EXT_PAYMENT_REMARKS_69,EXT_PAYMENT_SOURCE_6,EXT_PAYMENT_REF_NO_6,E,USD,510904.00000000,20248.000
CONTRACT_REF_NO_,148028,ROLE_CODE_70,626595,PAY,B,COMPONENT_70,C,P,PEN,6708.600,23874.300,PEN,18880.400,14996.400,R,0.89000000,MODE_TXN_REF_NO_,F,MO,EXT_PAYMENT_REMARKS_70,EXT_PAYMENT_SOURCE_7,EXT_PAYMENT_REF_NO_7,E,PEN,339206.00000000,13574.800
CONTRACT_REF_NO_,567450,ROLE_CODE_71,181285,PAY,B,COMPONENT_71,C,P,EUR,23952.300,6582.600,EUR,18895.200,6042.300,R,2.93000000,MODE_TXN_REF_NO_,F,MO,EXT_PAYMENT_REMARKS_71,EXT_PAYMENT_SOURCE_7,EXT_PAYMENT_REF_NO_7,E,EUR,167414.00000000,307.900
CONTRACT_REF_NO_,913038,ROLE_CODE_72,823967,PAY,B,COMPONENT_72,C,P,BRL,22730.000,9921.700,BRL,3688.000,6711.600,R,4.26000000,MODE_TXN_REF_NO_,F,MO,EXT_PAYMENT_REMARKS_72,EXT_PAYMENT_SOURCE_7,EXT_PAYMENT_REF_NO_7,E,BRL,839225.00000000,23656.600
CONTRACT_REF_NO_,172016,ROLE_CODE_73,371767,PAY,B,COMPONENT_73,C,P,USD,20173.100,23532.500,USD,7095.500,4868.200,R,4.42000000,MODE_TXN_REF_NO_,F,MO,EXT_PAYMENT_REMARKS_73,EXT_PAYMENT_SOURCE_7,EXT_PAYMENT_REF_NO_7,E,USD,259524.00000000,18797.200
CONTRACT_REF_NO_,513668,ROLE_CODE_74,970904,PAY,B,COMPONENT_74,C,P,PEN,13740.800,23445.400,PEN,19425.100,5629.400,R,2.54000000,MODE_TXN_REF_NO_,F,MO,EXT_PAYMENT_REMARKS_74,EXT_PAYMENT_SOURCE_7,EXT_PAYMENT_REF_NO_7,E,PEN,262306.00000000,20529.200
CONTRACT_REF_NO_,410458,ROLE_CODE_75,164365,PAY,B,COMPONENT_75,C,P,EUR,104559.200,109756.800,EUR,36492.800,86974.400,R,3.51000000,MODE_TXN_REF_NO_,F,MO,EXT_PAYMENT_REMARKS_75,EXT_PAYMENT_SOURCE_7,EXT_PAYMENT_REF_NO_7,E,EUR,926636.00000000,157783.200
CONTRACT_REF_NO_,882190,ROLE_CODE_76,88171,PAY,B,COMPONENT_76,C,P,BRL,10755.900,13080.300,BRL,1698.900,14381.900,R,2.22000000,MODE_TXN_REF_NO_,F,MO,EXT_PAYMENT_REMARKS_76,EXT_PAYMENT_SOURCE_7,EXT_PAYMENT_REF_NO_7,E,BRL,130598.00000000,5025.600
CONTRACT_REF_NO_,645228,ROLE_CODE_77,812183,PAY,B,COMPONENT_77,C,P,USD,21262.500,19050.200,USD,2939.300,19194.400,R,4.17000000,MODE_TXN_REF_NO_,F,MO,EXT_PAYMENT_REMARKS_77,EXT_PAYMENT_SOURCE_7,EXT_PAYMENT_REF_NO_7,E,USD,638282.00000000,12540.200
CONTRACT_REF_NO_,399079,ROLE_CODE_78,495805,PAY,B,COMPONENT_78,C,P,PEN,3368.400,22923.800,PEN,13381.000,23611.900,R,3.83000000,MODE_TXN_REF_NO_,F,MO,EXT_PAYMENT_REMARKS_78,EXT_PAYMENT_SOURCE_7,EXT_PAYMENT_REF_NO_7,E,PEN,187907.00000000,2333.700
CONTRACT_REF_NO_,910510,ROLE_CODE_79,328564,PAY,B,COMPONENT_79,C,P,EUR,12640.000,5886.200,EUR,12606.800,3788.300,R,4.49000000,MODE_TXN_REF_NO_,F,MO,EXT_PAYMENT_REMARKS_79,EXT_PAYMENT_SOURCE_7,EXT_PAYMENT_REF_NO_7,E,EUR,212637.00000000,14425.500
CONTRACT_REF_NO_,800827,ROLE_CODE_80,15086,PAY,B,COMPONENT_80,C,P,BRL,24915.600,4457.600,BRL,2411.300,10038.800,R,1.35000000,MODE_TXN_REF_NO_,F,MO,EXT_PAYMENT_REMARKS_80,EXT_PAYMENT_SOURCE_8,EXT_PAYMENT_REF_NO_8,E,BRL,550536.00000000,632.100
CONTRACT_REF_NO_,103818,ROLE_CODE_81,722020,PAY,B,COMPONENT_81,C,P,USD,7725.100,22464.800,USD,10194.200,20361.900,R,1.03000000,MODE_TXN_REF_NO_,F,MO,EXT_PAYMENT_REMARKS_81,EXT_PAYMENT_SOURCE_8,EXT_PAYMENT_REF_NO_8,E,USD,538107.00000000,4890.000
CONTRACT_REF_NO_,410142,ROLE_CODE_82,463169,PAY,B,COMPONENT_82,C,P,PEN,10697.000,20616.300,PEN,10570.500,23214.700,R,0.87000000,MODE_TXN_REF_NO_,F,MO,EXT_PAYMENT_REMARKS_82,EXT_PAYMENT_SOURCE_8,EXT_PAYMENT_REF_NO_8,E,PEN,255730.00000000,12755.900
CONTRACT_REF_NO_,57625,ROLE_CODE_83,538193,PAY,B,COMPONENT_83,C,P,EUR,22568.300,8593.100,EUR,20043.700,1338.200,R,1.60000000,MODE_TXN_REF_NO_,F,MO,EXT_PAYMENT_REMARKS_83,EXT_PAYMENT_SOURCE_8,EXT_PAYMENT_REF_NO_8,E,EUR,775589.00000000,3525.900
CONTRACT_REF_NO_,887778,ROLE_CODE_84,341137,PAY,B,COMPONENT_84,C,P,BRL,18219.200,2484.700,BRL,21374.800,13038.100,R,1.46000000,MODE_TXN_REF_NO_,F,MO,EXT_PAYMENT_REMARKS_84,EXT_PAYMENT_SOURCE_8,EXT_PAYMENT_REF_NO_8,E,BRL,461767.00000000,24339.500
CONTRACT_REF_NO_,658377,ROLE_CODE_85,953328,PAY,B,COMPONENT_85,C,P,USD,3473.800,8973.700,USD,10466.600,17696.300,R,2.51000000,MODE_TXN_REF_NO_,F,MO,EXT_PAYMENT_REMARKS_85,EXT_PAYMENT_SOURCE_8,EXT_PAYMENT_REF_NO_8,E,USD,461220.00000000,19027.800
CONTRACT_REF_NO_,368296,ROLE_CODE_86,492493,PAY,B,COMPONENT_86,C,P,PEN,6891.000,23183.200,PEN,2963.300,7691.200,R,3.27000000,MODE_TXN_REF_NO_,F,MO,EXT_PAYMENT_REMARKS_86,EXT_PAYMENT_SOURCE_8,EXT_PAYMENT_REF_NO_8,E,PEN,551316.00000000,3913.800
CONTRACT_REF_NO_,131089,ROLE_CODE_87,766570,PAY,B,COMPONENT_87,C,P,EUR,4672.800,24971.000,EUR,8309.100,12531.400,R,2.23000000,MODE_TXN_REF_NO_,F,MO,EXT_PAYMENT_REMARKS_87,EXT_PAYMENT_SOURCE_8,EXT_PAYMENT_REF_NO_8,E,EUR,621884.00000000,8070.200
CONTRACT_REF_NO_,738141,ROLE_CODE_88,537501,PAY,B,COMPONENT_88,C,P,BRL,22282.800,12175.300,BRL,8620.400,22421.300,R,2.71000000,MODE_TXN_REF_NO_,F,MO,EXT_PAYMENT_REMARKS_88,EXT_PAYMENT_SOURCE_8,EXT_PAYMENT_REF_NO_8,E,BRL,408098.00000000,20490.300
CONTRACT_REF_NO_,360251,ROLE_CODE_89,183283,PAY,B,COMPONENT_89,C,P,USD,16295.700,2777.900,USD,19160.800,1770.600,R,2.35000000,MODE_TXN_REF_NO_,F,MO,EXT_PAYMENT_REMARKS_89,EXT_PAYMENT_SOURCE_8,EXT_PAYMENT_REF_NO_8,E,USD,646599.00000000,23338.700
CONTRACT_REF_NO_,870916,ROLE_CODE_90,545816,PAY,B,COMPONENT_90,C,P,PEN,2361.300,10323.000,PEN,12745.400,4576.100,R,0.90000000,MODE_TXN_REF_NO_,F,MO,EXT_PAYMENT_REMARKS_90,EXT_PAYMENT_SOURCE_9,EXT_PAYMENT_REF_NO_9,E,PEN,955961.00000000,13628.900
CONTRACT_REF_NO_,218113,ROLE_CODE_91,320495,PAY,B,COMPONENT_91,C,P,EUR,20684.600,11352.300,EUR,21899.000,13491.300,R,2.17000000,MODE_TXN_REF_NO_,F,MO,EXT_PAYMENT_REMARKS_91,EXT_PAYMENT_SOURCE_9,EXT_PAYMENT_REF_NO_9,E,EUR,934234.00000000,1750.400
CONTRACT_REF_NO_,774506,ROLE_CODE_92,400479,PAY,B,COMPONENT_92,C,P,BRL,608.400,20689.400,BRL,20645.500,10411.000,R,3.11000000,MODE_TXN_REF_NO_,F,MO,EXT_PAYMENT_REMARKS_92,EXT_PAYMENT_SOURCE_9,EXT_PAYMENT_REF_NO_9,E,BRL,410.00000000,7699.800
CONTRACT_REF_NO_,803549,ROLE_CODE_93,720258,PAY,B,COMPONENT_93,C,P,USD,21105.400,23599.700,USD,16070.700,14544.400,R,2.91000000,MODE_TXN_REF_NO_,F,MO,EXT_PAYMENT_REMARKS_93,EXT_PAYMENT_SOURCE_9,EXT_PAYMENT_REF_NO_9,E,USD,446445.00000000,5810.000
CONTRACT_REF_NO_,917664,ROLE_CODE_94,643290,PAY,B,COMPONENT_94,C,P,PEN,13223.600,2559.200,PEN,17118.500,23753.800,R,3.92000000,MODE_TXN_REF_NO_,F,MO,EXT_PAYMENT_REMARKS_94,EXT_PAYMENT_SOURCE_9,EXT_PAYMENT_REF_NO_9,E,PEN,909582.00000000,5446.200
CONTRACT_REF_NO_,36216,ROLE_CODE_95,335306,PAY,B,COMPONENT_95,C,P,EUR,4064.400,14892.600,EUR,13817.700,14066.300,R,1.14000000,MODE_TXN_REF_NO_,F,MO,EXT_PAYMENT_REMARKS_95,EXT_PAYMENT_SOURCE_9,EXT_PAYMENT_REF_NO_9,E,EUR,610831.00000000,1560.400
CONTRACT_REF_NO_,712494,ROLE_CODE_96,368727,PAY,B,COMPONENT_96,C,P,BRL,15768.300,17060.500,BRL,16557.000,4884.400,R,2.47000000,MODE_TXN_REF_NO_,F,MO,EXT_PAYMENT_REMARKS_96,EXT_PAYMENT_SOURCE_9,EXT_PAYMENT_REF_NO_9,E,BRL,622888.00000000,14632.000
CONTRACT_REF_NO_,669900,ROLE_CODE_97,864659,PAY,B,COMPONENT_97,C,P,USD,8462.400,7859.200,USD,8125.600,12906.700,R,2.14000000,MODE_TXN_REF_NO_,F,MO,EXT_PAYMENT_REMARKS_97,EXT_PAYMENT_SOURCE_9,EXT_PAYMENT_REF_NO_9,E,USD,787383.00000000,16061.000
CONTRACT_REF_NO_,47298,ROLE_CODE_98,262792,PAY,B,COMPONENT_98,C,P,PEN,15345.300,9077.100,PEN,11242.700,5334.200,R,3.03000000,MODE_TXN_REF_NO_,F,MO,EXT_PAYMENT_REMARKS_98,EXT_PAYMENT_SOURCE_9,EXT_PAYMENT_REF_NO_9,E,PEN,358667.00000000,6781.100
CONTRACT_REF_NO_,503269,ROLE_CODE_99,44115,PAY,B,COMPONENT_99,C,P,EUR,11537.700,10989.500,EUR,19636.700,12325.900,R,1.85000000,MODE_TXN_REF_NO_,F,MO,EXT_PAYMENT_REMARKS_99,EXT_PAYMENT_SOURCE_9,EXT_PAYMENT_REF_NO_9,E,EUR,533601.00000000,5187.400
CONTRACT_REF_NO_,538917,ROLE_CODE_100,882959,PAY,B,COMPONENT_100,C,P,BRL,7922.200,9192.000,BRL,7968.100,15783.300,R,3.35000000,MODE_TXN_REF_NO_,F,MO,EXT_PAYMENT_REMARKS_100,EXT_PAYMENT_SOURCE_1,EXT_PAYMENT_REF_NO_1,E,BRL,667560.00000000,5849.200
CONTRACT_REF_NO_,18410,ROLE_CODE_101,406919,PAY,B,COMPONENT_101,C,P,USD,10852.500,14256.900,USD,24160.600,19555.400,R,3.74000000,MODE_TXN_REF_NO_,F,MO,EXT_PAYMENT_REMARKS_101,EXT_PAYMENT_SOURCE_1,EXT_PAYMENT_REF_NO_1,E,USD,322146.00000000,12794.400
CONTRACT_REF_NO_,140942,ROLE_CODE_102,279493,PAY,B,COMPONENT_102,C,P,PEN,17222.300,7662.600,PEN,16000.600,2633.200,R,1.37000000,MODE_TXN_REF_NO_,F,MO,EXT_PAYMENT_REMARKS_102,EXT_PAYMENT_SOURCE_1,EXT_PAYMENT_REF_NO_1,E,PEN,770958.00000000,1974.700
CONTRACT_REF_NO_,798704,ROLE_CODE_103,294071,PAY,B,COMPONENT_103,C,P,EUR,18756.100,24578.900,EUR,20159.500,8414.500,R,3.82000000,MODE_TXN_REF_NO_,F,MO,EXT_PAYMENT_REMARKS_103,EXT_PAYMENT_SOURCE_1,EXT_PAYMENT_REF_NO_1,E,EUR,250915.00000000,4825.900
CONTRACT_REF_NO_,5917,ROLE_CODE_104,157891,PAY,B,COMPONENT_104,C,P,BRL,2297.000,17489.500,BRL,23282.300,16770.800,R,3.28000000,MODE_TXN_REF_NO_,F,MO,EXT_PAYMENT_REMARKS_104,EXT_PAYMENT_SOURCE_1,EXT_PAYMENT_REF_NO_1,E,BRL,263595.00000000,5169.500
CONTRACT_REF_NO_,936900,ROLE_CODE_105,362298,PAY,B,COMPONENT_105,C,P,USD,1665.200,3725.500,USD,5520.600,18106.100,R,0.80000000,MODE_TXN_REF_NO_,F,MO,EXT_PAYMENT_REMARKS_105,EXT_PAYMENT_SOURCE_1,EXT_PAYMENT_REF_NO_1,E,USD,568169.00000000,24121.300
CONTRACT_REF_NO_,489689,ROLE_CODE_106,893035,PAY,B,COMPONENT_106,C,P,PEN,6652.600,5785.000,PEN,7748.700,96.400,R,2.46000000,MODE_TXN_REF_NO_,F,MO,EXT_PAYMENT_REMARKS_106,EXT_PAYMENT_SOURCE_1,EXT_PAYMENT_REF_NO_1,E,PEN,125582.00000000,16492.600
CONTRACT_REF_NO_,110028,ROLE_CODE_107,378859,PAY,B,COMPONENT_107,C,P,EUR,6050.500,24019.300,EUR,10299.700,3894.500,R,2.67000000,MODE_TXN_REF_NO_,F,MO,EXT_PAYMENT_REMARKS_107,EXT_PAYMENT_SOURCE_1,EXT_PAYMENT_REF_NO_1,E,EUR,137641.00000000,20751.200
CONTRACT_REF_NO_,182521,ROLE_CODE_108,214897,PAY,B,COMPONENT_108,C,P,BRL,14216.800,12398.900,BRL,13740.400,2854.900,R,4.48000000,MODE_TXN_REF_NO_,F,MO,EXT_PAYMENT_REMARKS_108,EXT_PAYMENT_SOURCE_1,EXT_PAYMENT_REF_NO_1,E,BRL,321842.00000000,13706.400
CONTRACT_REF_NO_,352807,ROLE_CODE_109,714798,PAY,B,COMPONENT_109,C,P,USD,10292.800,155.400,USD,22058.000,10218.800,R,3.08000000,MODE_TXN_REF_NO_,F,MO,EXT_PAYMENT_REMARKS_109,EXT_PAYMENT_SOURCE_1,EXT_PAYMENT_REF_NO_1,E,USD,221456.00000000,3833.100
CONTRACT_REF_NO_,389466,ROLE_CODE_110,708083,PAY,B,COMPONENT_110,C,P,PEN,12129.300,5507.300,PEN,12738.800,16098.900,R,1.79000000,MODE_TXN_REF_NO_,F,MO,EXT_PAYMENT_REMARKS_110,EXT_PAYMENT_SOURCE_1,EXT_PAYMENT_REF_NO_1,E,PEN,583125.00000000,3502.100
CONTRACT_REF_NO_,140909,ROLE_CODE_111,824331,PAY,B,COMPONENT_111,C,P,EUR,6073.300,688.600,EUR,17346.900,7251.000,R,2.57000000,MODE_TXN_REF_NO_,F,MO,EXT_PAYMENT_REMARKS_111,EXT_PAYMENT_SOURCE_1,EXT_PAYMENT_REF_NO_1,E,EUR,972277.00000000,4871.000
CONTRACT_REF_NO_,274756,ROLE_CODE_112,744963,PAY,B,COMPONENT_112,C,P,BRL,199927.200,81859.200,BRL,172885.600,53619.200,R,0.91000000,MODE_TXN_REF_NO_,F,MO,EXT_PAYMENT_REMARKS_112,EXT_PAYMENT_SOURCE_1,EXT_PAYMENT_REF_NO_1,E,BRL,251653.00000000,18869.600
CONTRACT_REF_NO_,306492,ROLE_CODE_113,48495,PAY,B,COMPONENT_113,C,P,USD,10407.600,18672.600,USD,6565.100,17983.100,R,4.36000000,MODE_TXN_REF_NO_,F,MO,EXT_PAYMENT_REMARKS_113,EXT_PAYMENT_SOURCE_1,EXT_PAYMENT_REF_NO_1,E,USD,27371.00000000,2957.200
CONTRACT_REF_NO_,694100,ROLE_CODE_114,967565,PAY,B,COMPONENT_114,C,P,PEN,5549.100,598.100,PEN,265.800,20880.100,R,3.82000000,MODE_TXN_REF_NO_,F,MO,EXT_PAYMENT_REMARKS_114,EXT_PAYMENT_SOURCE_1,EXT_PAYMENT_REF_NO_1,E,PEN,803394.00000000,2207.800
CONTRACT_REF_NO_,662391,ROLE_CODE_115,889603,PAY,B,COMPONENT_115,C,P,EUR,24208.500,21663.200,EUR,14916.000,6717.800,R,2.21000000,MODE_TXN_REF_NO_,F,MO,EXT_PAYMENT_REMARKS_115,EXT_PAYMENT_SOURCE_1,EXT_PAYMENT_REF_NO_1,E,EUR,921092.00000000,20086.000
CONTRACT_REF_NO_,938564,ROLE_CODE_116,730353,PAY,B,COMPONENT_116,C,P,BRL,19191.600,6976.000,BRL,23042.400,15169.100,R,2.21000000,MODE_TXN_REF_NO_,F,MO,EXT_PAYMENT_REMARKS_116,EXT_PAYMENT_SOURCE_1,EXT_PAYMENT_REF_NO_1,E,BRL,779184.00000000,19314.000
CONTRACT_REF_NO_,475567,ROLE_CODE_117,227502,PAY,B,COMPONENT_117,C,P,USD,12668.100,24524.100,USD,9397.700,22526.800,R,1.95000000,MODE_TXN_REF_NO_,F,MO,EXT_PAYMENT_REMARKS_117,EXT_PAYMENT_SOURCE_1,EXT_PAYMENT_REF_NO_1,E,USD,440585.00000000,13166.900
CONTRACT_REF_NO_,440578,ROLE_CODE_118,51875,PAY,B,COMPONENT_118,C,P,PEN,1535.000,3364.100,PEN,18389.100,23410.500,R,3.91000000,MODE_TXN_REF_NO_,F,MO,EXT_PAYMENT_REMARKS_118,EXT_PAYMENT_SOURCE_1,EXT_PAYMENT_REF_NO_1,E,PEN,45349.00000000,15217.500
CONTRACT_REF_NO_,987079,ROLE_CODE_119,82108,PAY,B,COMPONENT_119,C,P,EUR,7229.100,12020.600,EUR,16211.200,3929.900,R,1.75000000,MODE_TXN_REF_NO_,F,MO,EXT_PAYMENT_REMARKS_119,EXT_PAYMENT_SOURCE_1,EXT_PAYMENT_REF_NO_1,E,EUR,153500.00000000,14774.500
CONTRACT_REF_NO_,453178,ROLE_CODE_120,647149,PAY,B,COMPONENT_120,C,P,BRL,1146.200,616.200,BRL,5326.700,14787.100,R,2.72000000,MODE_TXN_REF_NO_,F,MO,EXT_PAYMENT_REMARKS_120,EXT_PAYMENT_SOURCE_1,EXT_PAYMENT_REF_NO_1,E,BRL,819042.00000000,6448.900
CONTRACT_REF_NO_,779141,ROLE_CODE_121,244312,PAY,B,COMPONENT_121,C,P,USD,2725.000,16177.700,USD,18277.500,8555.500,R,3.25000000,MODE_TXN_REF_NO_,F,MO,EXT_PAYMENT_REMARKS_121,EXT_PAYMENT_SOURCE_1,EXT_PAYMENT_REF_NO_1,E,USD,695869.00000000,20856.800
CONTRACT_REF_NO_,759824,ROLE_CODE_122,238303,PAY,B,COMPONENT_122,C,P,PEN,15620.000,13057.900,PEN,20735.600,13601.400,R,4.16000000,MODE_TXN_REF_NO_,F,MO,EXT_PAYMENT_REMARKS_122,EXT_PAYMENT_SOURCE_1,EXT_PAYMENT_REF_NO_1,E,PEN,578083.00000000,16783.400
CONTRACT_REF_NO_,594388,ROLE_CODE_123,483284,PAY,B,COMPONENT_123,C,P,EUR,4340.100,18056.900,EUR,15969.800,206.300,R,3.55000000,MODE_TXN_REF_NO_,F,MO,EXT_PAYMENT_REMARKS_123,EXT_PAYMENT_SOURCE_1,EXT_PAYMENT_REF_NO_1,E,EUR,52260.00000000,20810.700
CONTRACT_REF_NO_,841910,ROLE_CODE_124,744181,PAY,B,COMPONENT_124,C,P,BRL,11932.500,18620.300,BRL,12605.900,21766.600,R,3.92000000,MODE_TXN_REF_NO_,F,MO,EXT_PAYMENT_REMARKS_124,EXT_PAYMENT_SOURCE_1,EXT_PAYMENT_REF_NO_1,E,BRL,9211.00000000,6222.500
CONTRACT_REF_NO_,13405,ROLE_CODE_125,415652,PAY,B,COMPONENT_125,C,P,USD,14787.100,1288.800,USD,18758.700,3595.800,R,3.14000000,MODE_TXN_REF_NO_,F,MO,EXT_PAYMENT_REMARKS_125,EXT_PAYMENT_SOURCE_1,EXT_PAYMENT_REF_NO_1,E,USD,924907.00000000,4235.900
CONTRACT_REF_NO_,98181,ROLE_CODE_126,796772,PAY,B,COMPONENT_126,C,P,PEN,14814.600,7316.500,PEN,21922.800,19697.300,R,4.18000000,MODE_TXN_REF_NO_,F,MO,EXT_PAYMENT_REMARKS_126,EXT_PAYMENT_SOURCE_1,EXT_PAYMENT_REF_NO_1,E,PEN,55405.00000000,16540.000
CONTRACT_REF_NO_,432518,ROLE_CODE_127,653453,PAY,B,COMPONENT_127,C,P,EUR,15166.100,2937.000,EUR,6210.900,17026.500,R,3.01000000,MODE_TXN_REF_NO_,F,MO,EXT_PAYMENT_REMARKS_127,EXT_PAYMENT_SOURCE_1,EXT_PAYMENT_REF_NO_1,E,EUR,956357.00000000,9097.900
CONTRACT_REF_NO_,429285,ROLE_CODE_128,510477,PAY,B,COMPONENT_128,C,P,BRL,12609.200,21114.600,BRL,17894.700,9515.600,R,2.58000000,MODE_TXN_REF_NO_,F,MO,EXT_PAYMENT_REMARKS_128,EXT_PAYMENT_SOURCE_1,EXT_PAYMENT_REF_NO_1,E,BRL,464805.00000000,22600.500
CONTRACT_REF_NO_,393772,ROLE_CODE_129,624017,PAY,B,COMPONENT_129,C,P,USD,9813.600,2689.100,USD,15281.100,14889.400,R,1.20000000,MODE_TXN_REF_NO_,F,MO,EXT_PAYMENT_REMARKS_129,EXT_PAYMENT_SOURCE_1,EXT_PAYMENT_REF_NO_1,E,USD,995060.00000000,5077.000
CONTRACT_REF_NO_,273713,ROLE_CODE_130,528193,PAY,B,COMPONENT_130,C,P,PEN,1416.900,17813.300,PEN,7084.400,10262.700,R,3.29000000,MODE_TXN_REF_NO_,F,MO,EXT_PAYMENT_REMARKS_130,EXT_PAYMENT_SOURCE_1,EXT_PAYMENT_REF_NO_1,E,PEN,633753.00000000,21984.700
CONTRACT_REF_NO_,537244,ROLE_CODE_131,532296,PAY,B,COMPONENT_131,C,P,EUR,15323.600,13950.100,EUR,24800.800,9947.000,R,2.99000000,MODE_TXN_REF_NO_,F,MO,EXT_PAYMENT_REMARKS_131,EXT_PAYMENT_SOURCE_1,EXT_PAYMENT_REF_NO_1,E,EUR,749762.00000000,14214.800
CONTRACT_REF_NO_,233591,ROLE_CODE_132,648965,PAY,B,COMPONENT_132,C,P,BRL,16996.900,5906.500,BRL,20303.700,3658.300,R,3.10000000,MODE_TXN_REF_NO_,F,MO,EXT_PAYMENT_REMARKS_132,EXT_PAYMENT_SOURCE_1,EXT_PAYMENT_REF_NO_1,E,BRL,189751.00000000,22210.700
CONTRACT_REF_NO_,636395,ROLE_CODE_133,450810,PAY,B,COMPONENT_133,C,P,USD,2781.000,5557.900,USD,21997.500,18319.700,R,3.72000000,MODE_TXN_REF_NO_,F,MO,EXT_PAYMENT_REMARKS_133,EXT_PAYMENT_SOURCE_1,EXT_PAYMENT_REF_NO_1,E,USD,151630.00000000,4322.800
CONTRACT_REF_NO_,529637,ROLE_CODE_134,347366,PAY,B,COMPONENT_134,C,P,PEN,12213.100,7693.300,PEN,1558.200,15126.500,R,3.16000000,MODE_TXN_REF_NO_,F,MO,EXT_PAYMENT_REMARKS_134,EXT_PAYMENT_SOURCE_1,EXT_PAYMENT_REF_NO_1,E,PEN,506018.00000000,9233.500
CONTRACT_REF_NO_,834996,ROLE_CODE_135,453591,PAY,B,COMPONENT_135,C,P,EUR,19796.800,11804.000,EUR,14715.000,2202.700,R,3.46000000,MODE_TXN_REF_NO_,F,MO,EXT_PAYMENT_REMARKS_135,EXT_PAYMENT_SOURCE_1,EXT_PAYMENT_REF_NO_1,E,EUR,150042.00000000,17374.900
CONTRACT_REF_NO_,505176,ROLE_CODE_136,657486,PAY,B,COMPONENT_136,C,P,BRL,19905.800,7589.000,BRL,22773.200,1392.700,R,4.27000000,MODE_TXN_REF_NO_,F,MO,EXT_PAYMENT_REMARKS_136,EXT_PAYMENT_SOURCE_1,EXT_PAYMENT_REF_NO_1,E,BRL,854966.00000000,22026.700
CONTRACT_REF_NO_,537212,ROLE_CODE_137,272778,PAY,B,COMPONENT_137,C,P,USD,8705.500,5088.700,USD,3882.000,10406.500,R,1.82000000,MODE_TXN_REF_NO_,F,MO,EXT_PAYMENT_REMARKS_137,EXT_PAYMENT_SOURCE_1,EXT_PAYMENT_REF_NO_1,E,USD,74257.00000000,13495.000
CONTRACT_REF_NO_,893010,ROLE_CODE_138,697705,PAY,B,COMPONENT_138,C,P,PEN,7393.200,4153.000,PEN,22716.900,10474.000,R,3.27000000,MODE_TXN_REF_NO_,F,MO,EXT_PAYMENT_REMARKS_138,EXT_PAYMENT_SOURCE_1,EXT_PAYMENT_REF_NO_1,E,PEN,619135.00000000,4671.800
CONTRACT_REF_NO_,446342,ROLE_CODE_139,422622,PAY,B,COMPONENT_139,C,P,EUR,9517.300,23157.000,EUR,11113.900,20148.000,R,1.89000000,MODE_TXN_REF_NO_,F,MO,EXT_PAYMENT_REMARKS_139,EXT_PAYMENT_SOURCE_1,EXT_PAYMENT_REF_NO_1,E,EUR,864172.00000000,2711.800
CONTRACT_REF_NO_,602785,ROLE_CODE_140,479263,PAY,B,COMPONENT_140,C,P,BRL,7853.500,16276.300,BRL,17584.600,13159.100,R,3.90000000,MODE_TXN_REF_NO_,F,MO,EXT_PAYMENT_REMARKS_140,EXT_PAYMENT_SOURCE_1,EXT_PAYMENT_REF_NO_1,E,BRL,464012.00000000,13478.300
CONTRACT_REF_NO_,56795,ROLE_CODE_141,685912,PAY,B,COMPONENT_141,C,P,USD,6728.400,11524.200,USD,10774.500,4717.100,R,1.29000000,MODE_TXN_REF_NO_,F,MO,EXT_PAYMENT_REMARKS_141,EXT_PAYMENT_SOURCE_1,EXT_PAYMENT_REF_NO_1,E,USD,86836.00000000,21978.200
CONTRACT_REF_NO_,271415,ROLE_CODE_142,150964,PAY,B,COMPONENT_142,C,P,PEN,17905.900,9138.000,PEN,2133.400,2385.600,R,3.13000000,MODE_TXN_REF_NO_,F,MO,EXT_PAYMENT_REMARKS_142,EXT_PAYMENT_SOURCE_1,EXT_PAYMENT_REF_NO_1,E,PEN,700656.00000000,3857.600
CONTRACT_REF_NO_,221188,ROLE_CODE_143,656020,PAY,B,COMPONENT_143,C,P,EUR,17296.300,21930.700,EUR,8386.800,24366.100,R,4.45000000,MODE_TXN_REF_NO_,F,MO,EXT_PAYMENT_REMARKS_143,EXT_PAYMENT_SOURCE_1,EXT_PAYMENT_REF_NO_1,E,EUR,477775.00000000,7100.200
CONTRACT_REF_NO_,952945,ROLE_CODE_144,163610,PAY,B,COMPONENT_144,C,P,BRL,16769.400,1248.600,BRL,1420.200,5318.400,R,3.26000000,MODE_TXN_REF_NO_,F,MO,EXT_PAYMENT_REMARKS_144,EXT_PAYMENT_SOURCE_1,EXT_PAYMENT_REF_NO_1,E,BRL,323918.00000000,14675.000
CONTRACT_REF_NO_,669214,ROLE_CODE_145,583195,PAY,B,COMPONENT_145,C,P,USD,261.600,20650.400,USD,10044.200,7692.800,R,4.34000000,MODE_TXN_REF_NO_,F,MO,EXT_PAYMENT_REMARKS_145,EXT_PAYMENT_SOURCE_1,EXT_PAYMENT_REF_NO_1,E,USD,246662.00000000,3493.800
CONTRACT_REF_NO_,241397,ROLE_CODE_146,362112,PAY,B,COMPONENT_146,C,P,PEN,23354.700,1089.200,PEN,2357.300,16558.100,R,4.32000000,MODE_TXN_REF_NO_,F,MO,EXT_PAYMENT_REMARKS_146,EXT_PAYMENT_SOURCE_1,EXT_PAYMENT_REF_NO_1,E,PEN,978878.00000000,4985.100
CONTRACT_REF_NO_,77322,ROLE_CODE_147,935109,PAY,B,COMPONENT_147,C,P,EUR,9481.100,4209.500,EUR,24799.300,8231.300,R,4.40000000,MODE_TXN_REF_NO_,F,MO,EXT_PAYMENT_REMARKS_147,EXT_PAYMENT_SOURCE_1,EXT_PAYMENT_REF_NO_1,E,EUR,882817.00000000,18320.200
CONTRACT_REF_NO_,299445,ROLE_CODE_148,810190,PAY,B,COMPONENT_148,C,P,BRL,19510.200,21116.200,BRL,24394.500,6897.900,R,1.78000000,MODE_TXN_REF_NO_,F,MO,EXT_PAYMENT_REMARKS_148,EXT_PAYMENT_SOURCE_1,EXT_PAYMENT_REF_NO_1,E,BRL,192984.00000000,5375.200
CONTRACT_REF_NO_,172414,ROLE_CODE_149,364150,PAY,B,COMPONENT_149,C,P,USD,159044.800,92064.000,USD,130765.600,23196.000,R,2.28000000,MODE_TXN_REF_NO_,F,MO,EXT_PAYMENT_REMARKS_149,EXT_PAYMENT_SOURCE_1,EXT_PAYMENT_REF_NO_1,E,USD,176330.00000000,155651.200
CONTRACT_REF_NO_,839648,ROLE_CODE_150,842075,PAY,B,COMPONENT_150,C,P,PEN,13934.100,12173.400,PEN,23390.900,15212.000,R,1.68000000,MODE_TXN_REF_NO_,F,MO,EXT_PAYMENT_REMARKS_150,EXT_PAYMENT_SOURCE_1,EXT_PAYMENT_REF_NO_1,E,PEN,21825.00000000,11707.100
CONTRACT_REF_NO_,648023,ROLE_CODE_151,921498,PAY,B,COMPONENT_151,C,P,EUR,22008.500,18039.700,EUR,611.200,23944.100,R,3.61000000,MODE_TXN_REF_NO_,F,MO,EXT_PAYMENT_REMARKS_151,EXT_PAYMENT_SOURCE_1,EXT_PAYMENT_REF_NO_1,E,EUR,538557.00000000,19430.800
CONTRACT_REF_NO_,122290,ROLE_CODE_152,692839,PAY,B,COMPONENT_152,C,P,BRL,5346.200,13082.800,BRL,19650.100,409.500,R,4.40000000,MODE_TXN_REF_NO_,F,MO,EXT_PAYMENT_REMARKS_152,EXT_PAYMENT_SOURCE_1,EXT_PAYMENT_REF_NO_1,E,BRL,873002.00000000,12628.000
CONTRACT_REF_NO_,75313,ROLE_CODE_153,306012,PAY,B,COMPONENT_153,C,P,USD,21925.900,9053.900,USD,24973.400,4885.800,R,2.98000000,MODE_TXN_REF_NO_,F,MO,EXT_PAYMENT_REMARKS_153,EXT_PAYMENT_SOURCE_1,EXT_PAYMENT_REF_NO_1,E,USD,786079.00000000,11550.300
CONTRACT_REF_NO_,534683,ROLE_CODE_154,214143,PAY,B,COMPONENT_154,C,P,PEN,5519.300,6101.500,PEN,11058.400,23112.500,R,4.03000000,MODE_TXN_REF_NO_,F,MO,EXT_PAYMENT_REMARKS_154,EXT_PAYMENT_SOURCE_1,EXT_PAYMENT_REF_NO_1,E,PEN,998251.00000000,9396.100
CONTRACT_REF_NO_,728778,ROLE_CODE_155,484054,PAY,B,COMPONENT_155,C,P,EUR,2708.300,19803.000,EUR,23503.800,11859.900,R,1.48000000,MODE_TXN_REF_NO_,F,MO,EXT_PAYMENT_REMARKS_155,EXT_PAYMENT_SOURCE_1,EXT_PAYMENT_REF_NO_1,E,EUR,847850.00000000,15070.100
CONTRACT_REF_NO_,914083,ROLE_CODE_156,300654,PAY,B,COMPONENT_156,C,P,BRL,7947.300,12065.600,BRL,17782.200,15485.500,R,3.03000000,MODE_TXN_REF_NO_,F,MO,EXT_PAYMENT_REMARKS_156,EXT_PAYMENT_SOURCE_1,EXT_PAYMENT_REF_NO_1,E,BRL,413287.00000000,16539.200
CONTRACT_REF_NO_,314686,ROLE_CODE_157,291379,PAY,B,COMPONENT_157,C,P,USD,15881.200,17039.800,USD,6855.300,2551.400,R,3.52000000,MODE_TXN_REF_NO_,F,MO,EXT_PAYMENT_REMARKS_157,EXT_PAYMENT_SOURCE_1,EXT_PAYMENT_REF_NO_1,E,USD,869419.00000000,23136.000
CONTRACT_REF_NO_,30321,ROLE_CODE_158,846054,PAY,B,COMPONENT_158,C,P,PEN,18751.200,13080.600,PEN,4427.900,24892.100,R,4.41000000,MODE_TXN_REF_NO_,F,MO,EXT_PAYMENT_REMARKS_158,EXT_PAYMENT_SOURCE_1,EXT_PAYMENT_REF_NO_1,E,PEN,369004.00000000,901.300
CONTRACT_REF_NO_,242680,ROLE_CODE_159,840914,PAY,B,COMPONENT_159,C,P,EUR,4398.300,16188.200,EUR,23217.100,2741.100,R,1.80000000,MODE_TXN_REF_NO_,F,MO,EXT_PAYMENT_REMARKS_159,EXT_PAYMENT_SOURCE_1,EXT_PAYMENT_REF_NO_1,E,EUR,591818.00000000,19688.500
CONTRACT_REF_NO_,496955,ROLE_CODE_160,120267,PAY,B,COMPONENT_160,C,P,BRL,19666.300,13013.200,BRL,24098.500,24142.400,R,1.63000000,MODE_TXN_REF_NO_,F,MO,EXT_PAYMENT_REMARKS_160,EXT_PAYMENT_SOURCE_1,EXT_PAYMENT_REF_NO_1,E,BRL,292512.00000000,21318.500
CONTRACT_REF_NO_,463878,ROLE_CODE_161,660816,PAY,B,COMPONENT_161,C,P,USD,9613.400,4165.400,USD,18191.000,18957.300,R,1.76000000,MODE_TXN_REF_NO_,F,MO,EXT_PAYMENT_REMARKS_161,EXT_PAYMENT_SOURCE_1,EXT_PAYMENT_REF_NO_1,E,USD,241868.00000000,20455.700
CONTRACT_REF_NO_,565868,ROLE_CODE_162,159212,PAY,B,COMPONENT_162,C,P,PEN,9283.900,16089.600,PEN,19194.100,23214.500,R,2.38000000,MODE_TXN_REF_NO_,F,MO,EXT_PAYMENT_REMARKS_162,EXT_PAYMENT_SOURCE_1,EXT_PAYMENT_REF_NO_1,E,PEN,570371.00000000,12043.600
CONTRACT_REF_NO_,748699,ROLE_CODE_163,301733,PAY,B,COMPONENT_163,C,P,EUR,14526.200,9089.800,EUR,9129.100,2900.500,R,3.85000000,MODE_TXN_REF_NO_,F,MO,EXT_PAYMENT_REMARKS_163,EXT_PAYMENT_SOURCE_1,EXT_PAYMENT_REF_NO_1,E,EUR,446604.00000000,18790.500
CONTRACT_REF_NO_,724138,ROLE_CODE_164,759600,PAY,B,COMPONENT_164,C,P,BRL,23655.800,10117.700,BRL,22783.300,21525.700,R,1.50000000,MODE_TXN_REF_NO_,F,MO,EXT_PAYMENT_REMARKS_164,EXT_PAYMENT_SOURCE_1,EXT_PAYMENT_REF_NO_1,E,BRL,48815.00000000,16593.500
CONTRACT_REF_NO_,903585,ROLE_CODE_165,58665,PAY,B,COMPONENT_165,C,P,USD,1969.600,3123.100,USD,18894.400,15438.500,R,1.22000000,MODE_TXN_REF_NO_,F,MO,EXT_PAYMENT_REMARKS_165,EXT_PAYMENT_SOURCE_1,EXT_PAYMENT_REF_NO_1,E,USD,749936.00000000,6091.500
CONTRACT_REF_NO_,970803,ROLE_CODE_166,385021,PAY,B,COMPONENT_166,C,P,PEN,16758.600,18989.100,PEN,22275.500,23513.300,R,3.03000000,MODE_TXN_REF_NO_,F,MO,EXT_PAYMENT_REMARKS_166,EXT_PAYMENT_SOURCE_1,EXT_PAYMENT_REF_NO_1,E,PEN,323619.00000000,9576.800
CONTRACT_REF_NO_,2984,ROLE_CODE_167,800677,PAY,B,COMPONENT_167,C,P,EUR,1853.400,2551.000,EUR,21812.700,4312.900,R,3.60000000,MODE_TXN_REF_NO_,F,MO,EXT_PAYMENT_REMARKS_167,EXT_PAYMENT_SOURCE_1,EXT_PAYMENT_REF_NO_1,E,EUR,213638.00000000,2847.200
CONTRACT_REF_NO_,594581,ROLE_CODE_168,910303,PAY,B,COMPONENT_168,C,P,BRL,24964.000,14317.000,BRL,9054.200,17313.100,R,1.19000000,MODE_TXN_REF_NO_,F,MO,EXT_PAYMENT_REMARKS_168,EXT_PAYMENT_SOURCE_1,EXT_PAYMENT_REF_NO_1,E,BRL,731322.00000000,23266.600
CONTRACT_REF_NO_,724025,ROLE_CODE_169,78169,PAY,B,COMPONENT_169,C,P,USD,4882.100,1972.900,USD,9240.100,11213.700,R,3.62000000,MODE_TXN_REF_NO_,F,MO,EXT_PAYMENT_REMARKS_169,EXT_PAYMENT_SOURCE_1,EXT_PAYMENT_REF_NO_1,E,USD,982657.00000000,9658.500
CONTRACT_REF_NO_,982955,ROLE_CODE_170,673982,PAY,B,COMPONENT_170,C,P,PEN,14331.600,7.600,PEN,24932.400,14981.200,R,3.71000000,MODE_TXN_REF_NO_,F,MO,EXT_PAYMENT_REMARKS_170,EXT_PAYMENT_SOURCE_1,EXT_PAYMENT_REF_NO_1,E,PEN,281164.00000000,17687.400
CONTRACT_REF_NO_,567840,ROLE_CODE_171,616194,PAY,B,COMPONENT_171,C,P,EUR,1614.000,16106.800,EUR,4511.000,1466.300,R,1.84000000,MODE_TXN_REF_NO_,F,MO,EXT_PAYMENT_REMARKS_171,EXT_PAYMENT_SOURCE_1,EXT_PAYMENT_REF_NO_1,E,EUR,12056.00000000,5340.200
CONTRACT_REF_NO_,129989,ROLE_CODE_172,669047,PAY,B,COMPONENT_172,C,P,BRL,3295.900,8304.800,BRL,905.100,9027.600,R,3.83000000,MODE_TXN_REF_NO_,F,MO,EXT_PAYMENT_REMARKS_172,EXT_PAYMENT_SOURCE_1,EXT_PAYMENT_REF_NO_1,E,BRL,344716.00000000,21500.500
CONTRACT_REF_NO_,703829,ROLE_CODE_173,238398,PAY,B,COMPONENT_173,C,P,USD,14074.000,23660.400,USD,12325.000,1783.300,R,2.69000000,MODE_TXN_REF_NO_,F,MO,EXT_PAYMENT_REMARKS_173,EXT_PAYMENT_SOURCE_1,EXT_PAYMENT_REF_NO_1,E,USD,624879.00000000,13878.800
CONTRACT_REF_NO_,846996,ROLE_CODE_174,20801,PAY,B,COMPONENT_174,C,P,PEN,19301.100,10827.100,PEN,14956.900,15714.200,R,2.39000000,MODE_TXN_REF_NO_,F,MO,EXT_PAYMENT_REMARKS_174,EXT_PAYMENT_SOURCE_1,EXT_PAYMENT_REF_NO_1,E,PEN,993714.00000000,3047.400
CONTRACT_REF_NO_,426636,ROLE_CODE_175,89423,PAY,B,COMPONENT_175,C,P,EUR,2249.700,5286.900,EUR,3155.600,8386.900,R,4.22000000,MODE_TXN_REF_NO_,F,MO,EXT_PAYMENT_REMARKS_175,EXT_PAYMENT_SOURCE_1,EXT_PAYMENT_REF_NO_1,E,EUR,708828.00000000,627.700
CONTRACT_REF_NO_,63821,ROLE_CODE_176,632082,PAY,B,COMPONENT_176,C,P,BRL,5201.100,8278.400,BRL,3189.200,18073.400,R,2.70000000,MODE_TXN_REF_NO_,F,MO,EXT_PAYMENT_REMARKS_176,EXT_PAYMENT_SOURCE_1,EXT_PAYMENT_REF_NO_1,E,BRL,589384.00000000,15618.500
CONTRACT_REF_NO_,442919,ROLE_CODE_177,750501,PAY,B,COMPONENT_177,C,P,USD,13537.900,22085.700,USD,9256.200,23841.400,R,2.19000000,MODE_TXN_REF_NO_,F,MO,EXT_PAYMENT_REMARKS_177,EXT_PAYMENT_SOURCE_1,EXT_PAYMENT_REF_NO_1,E,USD,220544.00000000,17311.800
CONTRACT_REF_NO_,281719,ROLE_CODE_178,880461,PAY,B,COMPONENT_178,C,P,PEN,16826.500,12010.900,PEN,17572.200,23403.900,R,1.61000000,MODE_TXN_REF_NO_,F,MO,EXT_PAYMENT_REMARKS_178,EXT_PAYMENT_SOURCE_1,EXT_PAYMENT_REF_NO_1,E,PEN,66049.00000000,1792.600
CONTRACT_REF_NO_,648385,ROLE_CODE_179,101584,PAY,B,COMPONENT_179,C,P,EUR,16458.500,3440.000,EUR,480.900,24748.400,R,4.30000000,MODE_TXN_REF_NO_,F,MO,EXT_PAYMENT_REMARKS_179,EXT_PAYMENT_SOURCE_1,EXT_PAYMENT_REF_NO_1,E,EUR,405152.00000000,10547.200
CONTRACT_REF_NO_,162885,ROLE_CODE_180,319939,PAY,B,COMPONENT_180,C,P,BRL,23453.200,3268.400,BRL,21922.800,23383.300,R,2.81000000,MODE_TXN_REF_NO_,F,MO,EXT_PAYMENT_REMARKS_180,EXT_PAYMENT_SOURCE_1,EXT_PAYMENT_REF_NO_1,E,BRL,355153.00000000,12656.000
CONTRACT_REF_NO_,357250,ROLE_CODE_181,724944,PAY,B,COMPONENT_181,C,P,USD,4203.200,10543.100,USD,16986.800,2397.900,R,3.53000000,MODE_TXN_REF_NO_,F,MO,EXT_PAYMENT_REMARKS_181,EXT_PAYMENT_SOURCE_1,EXT_PAYMENT_REF_NO_1,E,USD,661242.00000000,7359.600
CONTRACT_REF_NO_,462563,ROLE_CODE_182,626490,PAY,B,COMPONENT_182,C,P,PEN,10877.100,5147.500,PEN,16550.900,21100.500,R,2.65000000,MODE_TXN_REF_NO_,F,MO,EXT_PAYMENT_REMARKS_182,EXT_PAYMENT_SOURCE_1,EXT_PAYMENT_REF_NO_1,E,PEN,722805.00000000,22903.100
CONTRACT_REF_NO_,325882,ROLE_CODE_183,354056,PAY,B,COMPONENT_183,C,P,EUR,4231.600,125.200,EUR,2778.800,19825.100,R,2.33000000,MODE_TXN_REF_NO_,F,MO,EXT_PAYMENT_REMARKS_183,EXT_PAYMENT_SOURCE_1,EXT_PAYMENT_REF_NO_1,E,EUR,219486.00000000,15548.700
CONTRACT_REF_NO_,162761,ROLE_CODE_184,110194,PAY,B,COMPONENT_184,C,P,BRL,19766.200,22321.800,BRL,10551.300,24041.400,R,1.15000000,MODE_TXN_REF_NO_,F,MO,EXT_PAYMENT_REMARKS_184,EXT_PAYMENT_SOURCE_1,EXT_PAYMENT_REF_NO_1,E,BRL,327133.00000000,15742.900
CONTRACT_REF_NO_,892514,ROLE_CODE_185,628317,PAY,B,COMPONENT_185,C,P,USD,12422.100,6426.700,USD,17530.900,19545.600,R,1.22000000,MODE_TXN_REF_NO_,F,MO,EXT_PAYMENT_REMARKS_185,EXT_PAYMENT_SOURCE_1,EXT_PAYMENT_REF_NO_1,E,USD,492564.00000000,4743.900
CONTRACT_REF_NO_,515394,ROLE_CODE_186,571300,PAY,B,COMPONENT_186,C,P,PEN,116028.000,116317.600,PEN,38768.800,178403.200,R,2.45000000,MODE_TXN_REF_NO_,F,MO,EXT_PAYMENT_REMARKS_186,EXT_PAYMENT_SOURCE_1,EXT_PAYMENT_REF_NO_1,E,PEN,545207.00000000,64266.400
CONTRACT_REF_NO_,5292,ROLE_CODE_187,816413,PAY,B,COMPONENT_187,C,P,EUR,24088.500,16411.000,EUR,7721.700,15969.200,R,4.03000000,MODE_TXN_REF_NO_,F,MO,EXT_PAYMENT_REMARKS_187,EXT_PAYMENT_SOURCE_1,EXT_PAYMENT_REF_NO_1,E,EUR,51046.00000000,4656.600
CONTRACT_REF_NO_,378790,ROLE_CODE_188,963436,PAY,B,COMPONENT_188,C,P,BRL,20951.900,10917.600,BRL,180.400,3702.300,R,1.84000000,MODE_TXN_REF_NO_,F,MO,EXT_PAYMENT_REMARKS_188,EXT_PAYMENT_SOURCE_1,EXT_PAYMENT_REF_NO_1,E,BRL,809778.00000000,1816.400
CONTRACT_REF_NO_,600087,ROLE_CODE_189,201520,PAY,B,COMPONENT_189,C,P,USD,2729.900,22688.000,USD,6448.300,9037.900,R,0.81000000,MODE_TXN_REF_NO_,F,MO,EXT_PAYMENT_REMARKS_189,EXT_PAYMENT_SOURCE_1,EXT_PAYMENT_REF_NO_1,E,USD,740640.00000000,20025.300
CONTRACT_REF_NO_,977883,ROLE_CODE_190,578186,PAY,B,COMPONENT_190,C,P,PEN,23572.400,17851.700,PEN,6563.300,11775.400,R,4.43000000,MODE_TXN_REF_NO_,F,MO,EXT_PAYMENT_REMARKS_190,EXT_PAYMENT_SOURCE_1,EXT_PAYMENT_REF_NO_1,E,PEN,766089.00000000,19557.900
CONTRACT_REF_NO_,361774,ROLE_CODE_191,589313,PAY,B,COMPONENT_191,C,P,EUR,9956.000,24992.400,EUR,15230.300,11036.700,R,1.81000000,MODE_TXN_REF_NO_,F,MO,EXT_PAYMENT_REMARKS_191,EXT_PAYMENT_SOURCE_1,EXT_PAYMENT_REF_NO_1,E,EUR,968873.00000000,14163.500
CONTRACT_REF_NO_,431444,ROLE_CODE_192,845551,PAY,B,COMPONENT_192,C,P,BRL,1558.800,14547.800,BRL,7220.700,874.000,R,2.33000000,MODE_TXN_REF_NO_,F,MO,EXT_PAYMENT_REMARKS_192,EXT_PAYMENT_SOURCE_1,EXT_PAYMENT_REF_NO_1,E,BRL,939267.00000000,14495.200
CONTRACT_REF_NO_,488847,ROLE_CODE_193,601089,PAY,B,COMPONENT_193,C,P,USD,21446.100,8360.000,USD,20369.600,4442.000,R,4.45000000,MODE_TXN_REF_NO_,F,MO,EXT_PAYMENT_REMARKS_193,EXT_PAYMENT_SOURCE_1,EXT_PAYMENT_REF_NO_1,E,USD,604784.00000000,16851.900
CONTRACT_REF_NO_,301673,ROLE_CODE_194,264617,PAY,B,COMPONENT_194,C,P,PEN,7276.800,11248.900,PEN,16664.700,10880.100,R,2.96000000,MODE_TXN_REF_NO_,F,MO,EXT_PAYMENT_REMARKS_194,EXT_PAYMENT_SOURCE_1,EXT_PAYMENT_REF_NO_1,E,PEN,442790.00000000,8395.300
CONTRACT_REF_NO_,780211,ROLE_CODE_195,49925,PAY,B,COMPONENT_195,C,P,EUR,4661.400,21711.800,EUR,22207.200,9055.800,R,1.37000000,MODE_TXN_REF_NO_,F,MO,EXT_PAYMENT_REMARKS_195,EXT_PAYMENT_SOURCE_1,EXT_PAYMENT_REF_NO_1,E,EUR,789838.00000000,20407.300
CONTRACT_REF_NO_,215975,ROLE_CODE_196,757438,PAY,B,COMPONENT_196,C,P,BRL,9679.600,2047.600,BRL,16709.500,2411.200,R,2.81000000,MODE_TXN_REF_NO_,F,MO,EXT_PAYMENT_REMARKS_196,EXT_PAYMENT_SOURCE_1,EXT_PAYMENT_REF_NO_1,E,BRL,659139.00000000,6871.200
CONTRACT_REF_NO_,443202,ROLE_CODE_197,722685,PAY,B,COMPONENT_197,C,P,USD,16662.500,18783.500,USD,16932.800,10056.800,R,1.08000000,MODE_TXN_REF_NO_,F,MO,EXT_PAYMENT_REMARKS_197,EXT_PAYMENT_SOURCE_1,EXT_PAYMENT_REF_NO_1,E,USD,919974.00000000,24147.800
CONTRACT_REF_NO_,546327,ROLE_CODE_198,630480,PAY,B,COMPONENT_198,C,P,PEN,17734.700,15021.600,PEN,16578.100,6465.200,R,2.14000000,MODE_TXN_REF_NO_,F,MO,EXT_PAYMENT_REMARKS_198,EXT_PAYMENT_SOURCE_1,EXT_PAYMENT_REF_NO_1,E,PEN,857669.00000000,11325.600
CONTRACT_REF_NO_,893553,ROLE_CODE_199,455451,PAY,B,COMPONENT_199,C,P,EUR,1083.500,21004.500,EUR,18714.100,14055.000,R,4.12000000,MODE_TXN_REF_NO_,F,MO,EXT_PAYMENT_REMARKS_199,EXT_PAYMENT_SOURCE_1,EXT_PAYMENT_REF_NO_1,E,EUR,299230.00000000,2207.200
CONTRACT_REF_NO_,206056,ROLE_CODE_200,618500,PAY,B,COMPONENT_200,C,P,BRL,2567.900,15313.800,BRL,8182.100,11209.300,R,1.54000000,MODE_TXN_REF_NO_,F,MO,EXT_PAYMENT_REMARKS_200,EXT_PAYMENT_SOURCE_2,EXT_PAYMENT_REF_NO_2,E,BRL,194842.00000000,14395.300
CONTRACT_REF_NO_,252549,ROLE_CODE_201,40967,PAY,B,COMPONENT_201,C,P,USD,4734.400,372.900,USD,24955.900,2648.500,R,2.66000000,MODE_TXN_REF_NO_,F,MO,EXT_PAYMENT_REMARKS_201,EXT_PAYMENT_SOURCE_2,EXT_PAYMENT_REF_NO_2,E,USD,348878.00000000,5054.700
CONTRACT_REF_NO_,679624,ROLE_CODE_202,474364,PAY,B,COMPONENT_202,C,P,PEN,10385.200,1405.500,PEN,19064.800,19194.100,R,4.05000000,MODE_TXN_REF_NO_,F,MO,EXT_PAYMENT_REMARKS_202,EXT_PAYMENT_SOURCE_2,EXT_PAYMENT_REF_NO_2,E,PEN,936761.00000000,24038.900
CONTRACT_REF_NO_,445068,ROLE_CODE_203,815788,PAY,B,COMPONENT_203,C,P,EUR,1230.800,7953.400,EUR,10157.800,14029.600,R,3.26000000,MODE_TXN_REF_NO_,F,MO,EXT_PAYMENT_REMARKS_203,EXT_PAYMENT_SOURCE_2,EXT_PAYMENT_REF_NO_2,E,EUR,428757.00000000,17562.500
CONTRACT_REF_NO_,408876,ROLE_CODE_204,652272,PAY,B,COMPONENT_204,C,P,BRL,19949.000,15832.800,BRL,3602.900,20690.000,R,4.37000000,MODE_TXN_REF_NO_,F,MO,EXT_PAYMENT_REMARKS_204,EXT_PAYMENT_SOURCE_2,EXT_PAYMENT_REF_NO_2,E,BRL,854570.00000000,15157.400
CONTRACT_REF_NO_,202868,ROLE_CODE_205,985677,PAY,B,COMPONENT_205,C,P,USD,7671.600,21818.300,USD,22786.500,4659.700,R,4.38000000,MODE_TXN_REF_NO_,F,MO,EXT_PAYMENT_REMARKS_205,EXT_PAYMENT_SOURCE_2,EXT_PAYMENT_REF_NO_2,E,USD,49897.00000000,19933.600
CONTRACT_REF_NO_,319860,ROLE_CODE_206,69609,PAY,B,COMPONENT_206,C,P,PEN,20761.100,23017.100,PEN,3749.700,5620.800,R,1.61000000,MODE_TXN_REF_NO_,F,MO,EXT_PAYMENT_REMARKS_206,EXT_PAYMENT_SOURCE_2,EXT_PAYMENT_REF_NO_2,E,PEN,661533.00000000,2104.100
CONTRACT_REF_NO_,956528,ROLE_CODE_207,6966,PAY,B,COMPONENT_207,C,P,EUR,10196.200,6810.100,EUR,23094.900,17609.200,R,1.50000000,MODE_TXN_REF_NO_,F,MO,EXT_PAYMENT_REMARKS_207,EXT_PAYMENT_SOURCE_2,EXT_PAYMENT_REF_NO_2,E,EUR,571972.00000000,17715.200
CONTRACT_REF_NO_,949470,ROLE_CODE_208,258281,PAY,B,COMPONENT_208,C,P,BRL,21151.000,9651.400,BRL,3958.100,14175.200,R,2.70000000,MODE_TXN_REF_NO_,F,MO,EXT_PAYMENT_REMARKS_208,EXT_PAYMENT_SOURCE_2,EXT_PAYMENT_REF_NO_2,E,BRL,99207.00000000,19414.600
CONTRACT_REF_NO_,186367,ROLE_CODE_209,688593,PAY,B,COMPONENT_209,C,P,USD,1259.100,16659.700,USD,24112.500,15693.600,R,1.83000000,MODE_TXN_REF_NO_,F,MO,EXT_PAYMENT_REMARKS_209,EXT_PAYMENT_SOURCE_2,EXT_PAYMENT_REF_NO_2,E,USD,890505.00000000,12319.200
CONTRACT_REF_NO_,559589,ROLE_CODE_210,351152,PAY,B,COMPONENT_210,C,P,PEN,13286.900,14264.400,PEN,21339.400,5640.400,R,3.64000000,MODE_TXN_REF_NO_,F,MO,EXT_PAYMENT_REMARKS_210,EXT_PAYMENT_SOURCE_2,EXT_PAYMENT_REF_NO_2,E,PEN,374811.00000000,24184.400
CONTRACT_REF_NO_,108055,ROLE_CODE_211,751264,PAY,B,COMPONENT_211,C,P,EUR,13459.000,13226.100,EUR,6519.500,203.600,R,4.23000000,MODE_TXN_REF_NO_,F,MO,EXT_PAYMENT_REMARKS_211,EXT_PAYMENT_SOURCE_2,EXT_PAYMENT_REF_NO_2,E,EUR,297072.00000000,16687.700
CONTRACT_REF_NO_,801916,ROLE_CODE_212,112097,PAY,B,COMPONENT_212,C,P,BRL,9906.600,10328.300,BRL,9180.500,23499.600,R,4.01000000,MODE_TXN_REF_NO_,F,MO,EXT_PAYMENT_REMARKS_212,EXT_PAYMENT_SOURCE_2,EXT_PAYMENT_REF_NO_2,E,BRL,688098.00000000,17616.800
CONTRACT_REF_NO_,879759,ROLE_CODE_213,888930,PAY,B,COMPONENT_213,C,P,USD,2469.900,17368.700,USD,10106.100,8368.500,R,4.13000000,MODE_TXN_REF_NO_,F,MO,EXT_PAYMENT_REMARKS_213,EXT_PAYMENT_SOURCE_2,EXT_PAYMENT_REF_NO_2,E,USD,364951.00000000,295.300
CONTRACT_REF_NO_,809063,ROLE_CODE_214,486479,PAY,B,COMPONENT_214,C,P,PEN,18223.200,21324.200,PEN,1032.400,15509.500,R,3.70000000,MODE_TXN_REF_NO_,F,MO,EXT_PAYMENT_REMARKS_214,EXT_PAYMENT_SOURCE_2,EXT_PAYMENT_REF_NO_2,E,PEN,58825.00000000,1429.200
CONTRACT_REF_NO_,579068,ROLE_CODE_215,146809,PAY,B,COMPONENT_215,C,P,EUR,18548.600,10795.500,EUR,3010.900,19925.200,R,2.34000000,MODE_TXN_REF_NO_,F,MO,EXT_PAYMENT_REMARKS_215,EXT_PAYMENT_SOURCE_2,EXT_PAYMENT_REF_NO_2,E,EUR,717299.00000000,22898.400
CONTRACT_REF_NO_,893817,ROLE_CODE_216,893789,PAY,B,COMPONENT_216,C,P,BRL,20504.400,17667.600,BRL,15139.200,1120.600,R,2.59000000,MODE_TXN_REF_NO_,F,MO,EXT_PAYMENT_REMARKS_216,EXT_PAYMENT_SOURCE_2,EXT_PAYMENT_REF_NO_2,E,BRL,836915.00000000,15187.200
CONTRACT_REF_NO_,232621,ROLE_CODE_217,22090,PAY,B,COMPONENT_217,C,P,USD,8490.300,9990.900,USD,6037.600,15679.000,R,3.90000000,MODE_TXN_REF_NO_,F,MO,EXT_PAYMENT_REMARKS_217,EXT_PAYMENT_SOURCE_2,EXT_PAYMENT_REF_NO_2,E,USD,767674.00000000,13376.700
CONTRACT_REF_NO_,159547,ROLE_CODE_218,482779,PAY,B,COMPONENT_218,C,P,PEN,13686.600,21794.100,PEN,6740.900,5012.000,R,0.92000000,MODE_TXN_REF_NO_,F,MO,EXT_PAYMENT_REMARKS_218,EXT_PAYMENT_SOURCE_2,EXT_PAYMENT_REF_NO_2,E,PEN,382090.00000000,8554.500
CONTRACT_REF_NO_,482835,ROLE_CODE_219,519551,PAY,B,COMPONENT_219,C,P,EUR,21303.600,15499.800,EUR,15897.000,13287.600,R,2.97000000,MODE_TXN_REF_NO_,F,MO,EXT_PAYMENT_REMARKS_219,EXT_PAYMENT_SOURCE_2,EXT_PAYMENT_REF_NO_2,E,EUR,282164.00000000,6534.800
CONTRACT_REF_NO_,363682,ROLE_CODE_220,232588,PAY,B,COMPONENT_220,C,P,BRL,24878.400,10442.200,BRL,22619.700,1997.300,R,1.82000000,MODE_TXN_REF_NO_,F,MO,EXT_PAYMENT_REMARKS_220,EXT_PAYMENT_SOURCE_2,EXT_PAYMENT_REF_NO_2,E,BRL,866796.00000000,5728.900
CONTRACT_REF_NO_,46456,ROLE_CODE_221,794933,PAY,B,COMPONENT_221,C,P,USD,15560.700,15153.400,USD,4485.700,5847.400,R,3.05000000,MODE_TXN_REF_NO_,F,MO,EXT_PAYMENT_REMARKS_221,EXT_PAYMENT_SOURCE_2,EXT_PAYMENT_REF_NO_2,E,USD,631017.00000000,8050.300
CONTRACT_REF_NO_,319921,ROLE_CODE_222,334047,PAY,B,COMPONENT_222,C,P,PEN,13779.600,17035.000,PEN,7799.000,18111.400,R,1.13000000,MODE_TXN_REF_NO_,F,MO,EXT_PAYMENT_REMARKS_222,EXT_PAYMENT_SOURCE_2,EXT_PAYMENT_REF_NO_2,E,PEN,857363.00000000,20482.000
CONTRACT_REF_NO_,743709,ROLE_CODE_223,131166,PAY,B,COMPONENT_223,C,P,EUR,32207.200,100616.800,EUR,53104.800,175044.000,R,3.80000000,MODE_TXN_REF_NO_,F,MO,EXT_PAYMENT_REMARKS_223,EXT_PAYMENT_SOURCE_2,EXT_PAYMENT_REF_NO_2,E,EUR,208716.00000000,13230.400
CONTRACT_REF_NO_,910891,ROLE_CODE_224,848068,PAY,B,COMPONENT_224,C,P,BRL,23450.200,7433.400,BRL,18078.400,17792.100,R,4.27000000,MODE_TXN_REF_NO_,F,MO,EXT_PAYMENT_REMARKS_224,EXT_PAYMENT_SOURCE_2,EXT_PAYMENT_REF_NO_2,E,BRL,338583.00000000,738.100
CONTRACT_REF_NO_,368149,ROLE_CODE_225,635790,PAY,B,COMPONENT_225,C,P,USD,22082.000,23822.800,USD,2883.700,2341.000,R,4.41000000,MODE_TXN_REF_NO_,F,MO,EXT_PAYMENT_REMARKS_225,EXT_PAYMENT_SOURCE_2,EXT_PAYMENT_REF_NO_2,E,USD,613598.00000000,16658.200
CONTRACT_REF_NO_,727484,ROLE_CODE_226,804511,PAY,B,COMPONENT_226,C,P,PEN,7821.300,15467.000,PEN,9290.900,16185.400,R,0.97000000,MODE_TXN_REF_NO_,F,MO,EXT_PAYMENT_REMARKS_226,EXT_PAYMENT_SOURCE_2,EXT_PAYMENT_REF_NO_2,E,PEN,426766.00000000,11693.800
CONTRACT_REF_NO_,412161,ROLE_CODE_227,785694,PAY,B,COMPONENT_227,C,P,EUR,21513.500,19755.500,EUR,6472.500,24861.600,R,2.77000000,MODE_TXN_REF_NO_,F,MO,EXT_PAYMENT_REMARKS_227,EXT_PAYMENT_SOURCE_2,EXT_PAYMENT_REF_NO_2,E,EUR,854224.00000000,701.000
CONTRACT_REF_NO_,275050,ROLE_CODE_228,767094,PAY,B,COMPONENT_228,C,P,BRL,14351.100,15336.400,BRL,21302.500,24619.700,R,0.86000000,MODE_TXN_REF_NO_,F,MO,EXT_PAYMENT_REMARKS_228,EXT_PAYMENT_SOURCE_2,EXT_PAYMENT_REF_NO_2,E,BRL,774606.00000000,16541.400
CONTRACT_REF_NO_,664946,ROLE_CODE_229,909098,PAY,B,COMPONENT_229,C,P,USD,4393.700,14685.200,USD,8619.300,3552.700,R,2.89000000,MODE_TXN_REF_NO_,F,MO,EXT_PAYMENT_REMARKS_229,EXT_PAYMENT_SOURCE_2,EXT_PAYMENT_REF_NO_2,E,USD,840191.00000000,8807.300
CONTRACT_REF_NO_,460245,ROLE_CODE_230,862000,PAY,B,COMPONENT_230,C,P,PEN,19103.700,18496.900,PEN,23835.500,17070.100,R,3.27000000,MODE_TXN_REF_NO_,F,MO,EXT_PAYMENT_REMARKS_230,EXT_PAYMENT_SOURCE_2,EXT_PAYMENT_REF_NO_2,E,PEN,593354.00000000,11694.000
CONTRACT_REF_NO_,453066,ROLE_CODE_231,379338,PAY,B,COMPONENT_231,C,P,EUR,23305.500,7691.000,EUR,4121.800,7739.400,R,1.91000000,MODE_TXN_REF_NO_,F,MO,EXT_PAYMENT_REMARKS_231,EXT_PAYMENT_SOURCE_2,EXT_PAYMENT_REF_NO_2,E,EUR,703953.00000000,20757.200
CONTRACT_REF_NO_,650812,ROLE_CODE_232,273684,PAY,B,COMPONENT_232,C,P,BRL,16704.400,9766.500,BRL,7013.000,1403.900,R,2.26000000,MODE_TXN_REF_NO_,F,MO,EXT_PAYMENT_REMARKS_232,EXT_PAYMENT_SOURCE_2,EXT_PAYMENT_REF_NO_2,E,BRL,537216.00000000,9905.600
CONTRACT_REF_NO_,194956,ROLE_CODE_233,464734,PAY,B,COMPONENT_233,C,P,USD,22796.000,2041.100,USD,24325.200,5723.500,R,1.74000000,MODE_TXN_REF_NO_,F,MO,EXT_PAYMENT_REMARKS_233,EXT_PAYMENT_SOURCE_2,EXT_PAYMENT_REF_NO_2,E,USD,856161.00000000,20247.400
CONTRACT_REF_NO_,915872,ROLE_CODE_234,821623,PAY,B,COMPONENT_234,C,P,PEN,7397.600,23324.400,PEN,23620.300,14337.700,R,1.41000000,MODE_TXN_REF_NO_,F,MO,EXT_PAYMENT_REMARKS_234,EXT_PAYMENT_SOURCE_2,EXT_PAYMENT_REF_NO_2,E,PEN,239869.00000000,458.300
CONTRACT_REF_NO_,198983,ROLE_CODE_235,505758,PAY,B,COMPONENT_235,C,P,EUR,3329.700,18022.100,EUR,3557.400,13237.500,R,1.76000000,MODE_TXN_REF_NO_,F,MO,EXT_PAYMENT_REMARKS_235,EXT_PAYMENT_SOURCE_2,EXT_PAYMENT_REF_NO_2,E,EUR,716003.00000000,32.700
CONTRACT_REF_NO_,827288,ROLE_CODE_236,312042,PAY,B,COMPONENT_236,C,P,BRL,5679.600,20751.100,BRL,9574.200,12511.800,R,2.45000000,MODE_TXN_REF_NO_,F,MO,EXT_PAYMENT_REMARKS_236,EXT_PAYMENT_SOURCE_2,EXT_PAYMENT_REF_NO_2,E,BRL,500677.00000000,13171.600
CONTRACT_REF_NO_,852088,ROLE_CODE_237,997319,PAY,B,COMPONENT_237,C,P,USD,8714.800,17835.600,USD,8640.400,7920.100,R,1.01000000,MODE_TXN_REF_NO_,F,MO,EXT_PAYMENT_REMARKS_237,EXT_PAYMENT_SOURCE_2,EXT_PAYMENT_REF_NO_2,E,USD,347216.00000000,23001.300
CONTRACT_REF_NO_,249716,ROLE_CODE_238,229634,PAY,B,COMPONENT_238,C,P,PEN,2177.500,1068.200,PEN,6158.800,17324.500,R,2.52000000,MODE_TXN_REF_NO_,F,MO,EXT_PAYMENT_REMARKS_238,EXT_PAYMENT_SOURCE_2,EXT_PAYMENT_REF_NO_2,E,PEN,912345.00000000,15507.800
CONTRACT_REF_NO_,170408,ROLE_CODE_239,286133,PAY,B,COMPONENT_239,C,P,EUR,12656.100,4962.900,EUR,10199.300,20907.200,R,2.25000000,MODE_TXN_REF_NO_,F,MO,EXT_PAYMENT_REMARKS_239,EXT_PAYMENT_SOURCE_2,EXT_PAYMENT_REF_NO_2,E,EUR,871579.00000000,16406.300
CONTRACT_REF_NO_,450344,ROLE_CODE_240,9911,PAY,B,COMPONENT_240,C,P,BRL,16554.900,4391.700,BRL,22688.900,5552.300,R,1.39000000,MODE_TXN_REF_NO_,F,MO,EXT_PAYMENT_REMARKS_240,EXT_PAYMENT_SOURCE_2,EXT_PAYMENT_REF_NO_2,E,BRL,37018.00000000,20264.100
CONTRACT_REF_NO_,779647,ROLE_CODE_241,605944,PAY,B,COMPONENT_241,C,P,USD,14865.700,20370.100,USD,8465.400,9178.100,R,2.63000000,MODE_TXN_REF_NO_,F,MO,EXT_PAYMENT_REMARKS_241,EXT_PAYMENT_SOURCE_2,EXT_PAYMENT_REF_NO_2,E,USD,780501.00000000,15235.900
CONTRACT_REF_NO_,3736,ROLE_CODE_242,130778,PAY,B,COMPONENT_242,C,P,PEN,11671.300,3927.400,PEN,18360.800,19253.300,R,2.22000000,MODE_TXN_REF_NO_,F,MO,EXT_PAYMENT_REMARKS_242,EXT_PAYMENT_SOURCE_2,EXT_PAYMENT_REF_NO_2,E,PEN,569719.00000000,20048.100
CONTRACT_REF_NO_,225825,ROLE_CODE_243,975770,PAY,B,COMPONENT_243,C,P,EUR,1225.200,17597.400,EUR,23601.500,1032.900,R,3.51000000,MODE_TXN_REF_NO_,F,MO,EXT_PAYMENT_REMARKS_243,EXT_PAYMENT_SOURCE_2,EXT_PAYMENT_REF_NO_2,E,EUR,954187.00000000,5755.000
CONTRACT_REF_NO_,84394,ROLE_CODE_244,65936,PAY,B,COMPONENT_244,C,P,BRL,11495.000,6784.300,BRL,415.100,2524.900,R,1.06000000,MODE_TXN_REF_NO_,F,MO,EXT_PAYMENT_REMARKS_244,EXT_PAYMENT_SOURCE_2,EXT_PAYMENT_REF_NO_2,E,BRL,939689.00000000,117.700
CONTRACT_REF_NO_,128682,ROLE_CODE_245,264929,PAY,B,COMPONENT_245,C,P,USD,15448.800,16562.700,USD,3889.600,4071.100,R,3.44000000,MODE_TXN_REF_NO_,F,MO,EXT_PAYMENT_REMARKS_245,EXT_PAYMENT_SOURCE_2,EXT_PAYMENT_REF_NO_2,E,USD,110749.00000000,15841.000
CONTRACT_REF_NO_,312937,ROLE_CODE_246,576206,PAY,B,COMPONENT_246,C,P,PEN,15641.600,6966.000,PEN,23579.500,18621.800,R,3.52000000,MODE_TXN_REF_NO_,F,MO,EXT_PAYMENT_REMARKS_246,EXT_PAYMENT_SOURCE_2,EXT_PAYMENT_REF_NO_2,E,PEN,578839.00000000,1919.500
CONTRACT_REF_NO_,191197,ROLE_CODE_247,776613,PAY,B,COMPONENT_247,C,P,EUR,16001.000,875.600,EUR,15328.100,21374.900,R,3.21000000,MODE_TXN_REF_NO_,F,MO,EXT_PAYMENT_REMARKS_247,EXT_PAYMENT_SOURCE_2,EXT_PAYMENT_REF_NO_2,E,EUR,130115.00000000,9883.700
CONTRACT_REF_NO_,810231,ROLE_CODE_248,878726,PAY,B,COMPONENT_248,C,P,BRL,14429.600,8423.100,BRL,5425.600,21634.700,R,4.40000000,MODE_TXN_REF_NO_,F,MO,EXT_PAYMENT_REMARKS_248,EXT_PAYMENT_SOURCE_2,EXT_PAYMENT_REF_NO_2,E,BRL,377312.00000000,10329.400
CONTRACT_REF_NO_,425128,ROLE_CODE_249,956484,PAY,B,COMPONENT_249,C,P,USD,10746.700,24286.800,USD,8031.700,15175.500,R,1.57000000,MODE_TXN_REF_NO_,F,MO,EXT_PAYMENT_REMARKS_249,EXT_PAYMENT_SOURCE_2,EXT_PAYMENT_REF_NO_2,E,USD,899398.00000000,7415.000
CONTRACT_REF_NO_,16004,ROLE_CODE_250,649561,PAY,B,COMPONENT_250,C,P,PEN,7010.500,24188.100,PEN,18439.500,20812.500,R,1.07000000,MODE_TXN_REF_NO_,F,MO,EXT_PAYMENT_REMARKS_250,EXT_PAYMENT_SOURCE_2,EXT_PAYMENT_REF_NO_2,E,PEN,396064.00000000,17917.700
CONTRACT_REF_NO_,434671,ROLE_CODE_251,619641,PAY,B,COMPONENT_251,C,P,EUR,15060.300,11783.900,EUR,2791.400,20888.300,R,1.65000000,MODE_TXN_REF_NO_,F,MO,EXT_PAYMENT_REMARKS_251,EXT_PAYMENT_SOURCE_2,EXT_PAYMENT_REF_NO_2,E,EUR,937118.00000000,381.500
CONTRACT_REF_NO_,103620,ROLE_CODE_252,127674,PAY,B,COMPONENT_252,C,P,BRL,1394.100,8294.200,BRL,20029.100,22715.700,R,2.00000000,MODE_TXN_REF_NO_,F,MO,EXT_PAYMENT_REMARKS_252,EXT_PAYMENT_SOURCE_2,EXT_PAYMENT_REF_NO_2,E,BRL,937166.00000000,671.500
CONTRACT_REF_NO_,54742,ROLE_CODE_253,17921,PAY,B,COMPONENT_253,C,P,USD,2618.000,6275.300,USD,9521.600,18786.200,R,1.86000000,MODE_TXN_REF_NO_,F,MO,EXT_PAYMENT_REMARKS_253,EXT_PAYMENT_SOURCE_2,EXT_PAYMENT_REF_NO_2,E,USD,314500.00000000,24398.400
CONTRACT_REF_NO_,759079,ROLE_CODE_254,71432,PAY,B,COMPONENT_254,C,P,PEN,15608.200,22152.600,PEN,12479.000,5126.100,R,1.06000000,MODE_TXN_REF_NO_,F,MO,EXT_PAYMENT_REMARKS_254,EXT_PAYMENT_SOURCE_2,EXT_PAYMENT_REF_NO_2,E,PEN,153728.00000000,12083.600
CONTRACT_REF_NO_,246959,ROLE_CODE_255,106546,PAY,B,COMPONENT_255,C,P,EUR,18515.600,9632.600,EUR,17539.400,3234.300,R,3.48000000,MODE_TXN_REF_NO_,F,MO,EXT_PAYMENT_REMARKS_255,EXT_PAYMENT_SOURCE_2,EXT_PAYMENT_REF_NO_2,E,EUR,10927.00000000,22597.400
CONTRACT_REF_NO_,446468,ROLE_CODE_256,777077,PAY,B,COMPONENT_256,C,P,BRL,18568.600,2870.100,BRL,16438.200,5455.000,R,2.41000000,MODE_TXN_REF_NO_,F,MO,EXT_PAYMENT_REMARKS_256,EXT_PAYMENT_SOURCE_2,EXT_PAYMENT_REF_NO_2,E,BRL,934071.00000000,24339.700
CONTRACT_REF_NO_,835345,ROLE_CODE_257,258666,PAY,B,COMPONENT_257,C,P,USD,409.100,22485.600,USD,10663.100,13502.700,R,2.10000000,MODE_TXN_REF_NO_,F,MO,EXT_PAYMENT_REMARKS_257,EXT_PAYMENT_SOURCE_2,EXT_PAYMENT_REF_NO_2,E,USD,201767.00000000,10656.600
CONTRACT_REF_NO_,769851,ROLE_CODE_258,43504,PAY,B,COMPONENT_258,C,P,PEN,11196.800,7332.400,PEN,9890.000,16418.200,R,2.22000000,MODE_TXN_REF_NO_,F,MO,EXT_PAYMENT_REMARKS_258,EXT_PAYMENT_SOURCE_2,EXT_PAYMENT_REF_NO_2,E,PEN,969347.00000000,4642.600
CONTRACT_REF_NO_,622117,ROLE_CODE_259,145107,PAY,B,COMPONENT_259,C,P,EUR,7842.600,10131.600,EUR,15830.400,19511.000,R,2.21000000,MODE_TXN_REF_NO_,F,MO,EXT_PAYMENT_REMARKS_259,EXT_PAYMENT_SOURCE_2,EXT_PAYMENT_REF_NO_2,E,EUR,962856.00000000,18927.200
CONTRACT_REF_NO_,356093,ROLE_CODE_260,442658,PAY,B,COMPONENT_260,C,P,BRL,73042.400,63487.200,BRL,122282.400,22082.400,R,2.52000000,MODE_TXN_REF_NO_,F,MO,EXT_PAYMENT_REMARKS_260,EXT_PAYMENT_SOURCE_2,EXT_PAYMENT_REF_NO_2,E,BRL,863354.00000000,111760.800
CONTRACT_REF_NO_,413884,ROLE_CODE_261,192364,PAY,B,COMPONENT_261,C,P,USD,1456.400,19033.500,USD,14805.200,7874.200,R,3.11000000,MODE_TXN_REF_NO_,F,MO,EXT_PAYMENT_REMARKS_261,EXT_PAYMENT_SOURCE_2,EXT_PAYMENT_REF_NO_2,E,USD,997808.00000000,21702.300
CONTRACT_REF_NO_,741710,ROLE_CODE_262,296153,PAY,B,COMPONENT_262,C,P,PEN,2981.300,22378.800,PEN,6059.300,21938.300,R,0.87000000,MODE_TXN_REF_NO_,F,MO,EXT_PAYMENT_REMARKS_262,EXT_PAYMENT_SOURCE_2,EXT_PAYMENT_REF_NO_2,E,PEN,517523.00000000,1528.000
CONTRACT_REF_NO_,443119,ROLE_CODE_263,788148,PAY,B,COMPONENT_263,C,P,EUR,6410.600,3460.700,EUR,5121.700,14442.700,R,2.07000000,MODE_TXN_REF_NO_,F,MO,EXT_PAYMENT_REMARKS_263,EXT_PAYMENT_SOURCE_2,EXT_PAYMENT_REF_NO_2,E,EUR,338811.00000000,16509.700
CONTRACT_REF_NO_,845333,ROLE_CODE_264,909972,PAY,B,COMPONENT_264,C,P,BRL,23715.000,6091.200,BRL,13869.900,19115.300,R,1.75000000,MODE_TXN_REF_NO_,F,MO,EXT_PAYMENT_REMARKS_264,EXT_PAYMENT_SOURCE_2,EXT_PAYMENT_REF_NO_2,E,BRL,560896.00000000,10048.400
CONTRACT_REF_NO_,114297,ROLE_CODE_265,374978,PAY,B,COMPONENT_265,C,P,USD,14865.200,6581.900,USD,14730.300,21664.300,R,2.52000000,MODE_TXN_REF_NO_,F,MO,EXT_PAYMENT_REMARKS_265,EXT_PAYMENT_SOURCE_2,EXT_PAYMENT_REF_NO_2,E,USD,192508.00000000,7819.500
CONTRACT_REF_NO_,217271,ROLE_CODE_266,833916,PAY,B,COMPONENT_266,C,P,PEN,13412.600,22463.000,PEN,20075.000,23709.000,R,4.07000000,MODE_TXN_REF_NO_,F,MO,EXT_PAYMENT_REMARKS_266,EXT_PAYMENT_SOURCE_2,EXT_PAYMENT_REF_NO_2,E,PEN,261866.00000000,20950.400
CONTRACT_REF_NO_,47750,ROLE_CODE_267,236094,PAY,B,COMPONENT_267,C,P,EUR,23552.000,19993.800,EUR,15965.800,4982.900,R,1.31000000,MODE_TXN_REF_NO_,F,MO,EXT_PAYMENT_REMARKS_267,EXT_PAYMENT_SOURCE_2,EXT_PAYMENT_REF_NO_2,E,EUR,55290.00000000,19343.000
CONTRACT_REF_NO_,474709,ROLE_CODE_268,117226,PAY,B,COMPONENT_268,C,P,BRL,16675.200,13331.900,BRL,15971.600,17721.500,R,2.95000000,MODE_TXN_REF_NO_,F,MO,EXT_PAYMENT_REMARKS_268,EXT_PAYMENT_SOURCE_2,EXT_PAYMENT_REF_NO_2,E,BRL,37801.00000000,2077.000
CONTRACT_REF_NO_,438529,ROLE_CODE_269,380011,PAY,B,COMPONENT_269,C,P,USD,20763.000,15747.900,USD,8841.100,11489.000,R,2.76000000,MODE_TXN_REF_NO_,F,MO,EXT_PAYMENT_REMARKS_269,EXT_PAYMENT_SOURCE_2,EXT_PAYMENT_REF_NO_2,E,USD,864122.00000000,12115.800
CONTRACT_REF_NO_,713662,ROLE_CODE_270,663203,PAY,B,COMPONENT_270,C,P,PEN,1494.500,9939.800,PEN,2212.600,20083.600,R,1.18000000,MODE_TXN_REF_NO_,F,MO,EXT_PAYMENT_REMARKS_270,EXT_PAYMENT_SOURCE_2,EXT_PAYMENT_REF_NO_2,E,PEN,494881.00000000,7502.000
CONTRACT_REF_NO_,22604,ROLE_CODE_271,69262,PAY,B,COMPONENT_271,C,P,EUR,19048.100,7320.900,EUR,4458.700,22927.900,R,4.36000000,MODE_TXN_REF_NO_,F,MO,EXT_PAYMENT_REMARKS_271,EXT_PAYMENT_SOURCE_2,EXT_PAYMENT_REF_NO_2,E,EUR,374478.00000000,24547.600
CONTRACT_REF_NO_,505151,ROLE_CODE_272,402119,PAY,B,COMPONENT_272,C,P,BRL,21460.400,24688.500,BRL,21294.000,5548.500,R,3.77000000,MODE_TXN_REF_NO_,F,MO,EXT_PAYMENT_REMARKS_272,EXT_PAYMENT_SOURCE_2,EXT_PAYMENT_REF_NO_2,E,BRL,309847.00000000,3169.200
CONTRACT_REF_NO_,515390,ROLE_CODE_273,680775,PAY,B,COMPONENT_273,C,P,USD,2799.300,21894.200,USD,19804.500,13024.600,R,0.81000000,MODE_TXN_REF_NO_,F,MO,EXT_PAYMENT_REMARKS_273,EXT_PAYMENT_SOURCE_2,EXT_PAYMENT_REF_NO_2,E,USD,3682.00000000,12946.300
CONTRACT_REF_NO_,451630,ROLE_CODE_274,783433,PAY,B,COMPONENT_274,C,P,PEN,1390.300,23157.600,PEN,10367.900,18021.100,R,2.67000000,MODE_TXN_REF_NO_,F,MO,EXT_PAYMENT_REMARKS_274,EXT_PAYMENT_SOURCE_2,EXT_PAYMENT_REF_NO_2,E,PEN,244340.00000000,15080.900
CONTRACT_REF_NO_,582364,ROLE_CODE_275,824541,PAY,B,COMPONENT_275,C,P,EUR,4958.900,935.500,EUR,19207.600,24896.000,R,3.29000000,MODE_TXN_REF_NO_,F,MO,EXT_PAYMENT_REMARKS_275,EXT_PAYMENT_SOURCE_2,EXT_PAYMENT_REF_NO_2,E,EUR,697494.00000000,19114.100
CONTRACT_REF_NO_,139452,ROLE_CODE_276,450891,PAY,B,COMPONENT_276,C,P,BRL,5421.200,12754.400,BRL,22182.500,24100.800,R,3.26000000,MODE_TXN_REF_NO_,F,MO,EXT_PAYMENT_REMARKS_276,EXT_PAYMENT_SOURCE_2,EXT_PAYMENT_REF_NO_2,E,BRL,765962.00000000,12663.000
CONTRACT_REF_NO_,64842,ROLE_CODE_277,233915,PAY,B,COMPONENT_277,C,P,USD,17228.300,19215.700,USD,13033.000,24371.100,R,2.87000000,MODE_TXN_REF_NO_,F,MO,EXT_PAYMENT_REMARKS_277,EXT_PAYMENT_SOURCE_2,EXT_PAYMENT_REF_NO_2,E,USD,181639.00000000,10057.200
CONTRACT_REF_NO_,486325,ROLE_CODE_278,982878,PAY,B,COMPONENT_278,C,P,PEN,1521.900,21035.500,PEN,8216.300,15270.900,R,1.67000000,MODE_TXN_REF_NO_,F,MO,EXT_PAYMENT_REMARKS_278,EXT_PAYMENT_SOURCE_2,EXT_PAYMENT_REF_NO_2,E,PEN,409480.00000000,13305.300
CONTRACT_REF_NO_,946682,ROLE_CODE_279,102265,PAY,B,COMPONENT_279,C,P,EUR,20532.600,16030.800,EUR,22703.000,1946.200,R,1.41000000,MODE_TXN_REF_NO_,F,MO,EXT_PAYMENT_REMARKS_279,EXT_PAYMENT_SOURCE_2,EXT_PAYMENT_REF_NO_2,E,EUR,657076.00000000,12610.000
CONTRACT_REF_NO_,257225,ROLE_CODE_280,597961,PAY,B,COMPONENT_280,C,P,BRL,2857.300,7849.100,BRL,12125.500,2896.100,R,2.61000000,MODE_TXN_REF_NO_,F,MO,EXT_PAYMENT_REMARKS_280,EXT_PAYMENT_SOURCE_2,EXT_PAYMENT_REF_NO_2,E,BRL,436911.00000000,14573.200
CONTRACT_REF_NO_,378139,ROLE_CODE_281,323881,PAY,B,COMPONENT_281,C,P,USD,20909.000,6961.800,USD,7827.400,21454.800,R,1.00000000,MODE_TXN_REF_NO_,F,MO,EXT_PAYMENT_REMARKS_281,EXT_PAYMENT_SOURCE_2,EXT_PAYMENT_REF_NO_2,E,USD,955518.00000000,22431.600
CONTRACT_REF_NO_,777319,ROLE_CODE_282,556878,PAY,B,COMPONENT_282,C,P,PEN,1107.300,1035.800,PEN,5034.800,9792.200,R,4.27000000,MODE_TXN_REF_NO_,F,MO,EXT_PAYMENT_REMARKS_282,EXT_PAYMENT_SOURCE_2,EXT_PAYMENT_REF_NO_2,E,PEN,917249.00000000,23904.200
CONTRACT_REF_NO_,301903,ROLE_CODE_283,143912,PAY,B,COMPONENT_283,C,P,EUR,7822.000,20483.200,EUR,2628.300,313.500,R,2.40000000,MODE_TXN_REF_NO_,F,MO,EXT_PAYMENT_REMARKS_283,EXT_PAYMENT_SOURCE_2,EXT_PAYMENT_REF_NO_2,E,EUR,226520.00000000,3049.200
CONTRACT_REF_NO_,787843,ROLE_CODE_284,185844,PAY,B,COMPONENT_284,C,P,BRL,12987.300,18381.300,BRL,2279.800,24206.900,R,1.42000000,MODE_TXN_REF_NO_,F,MO,EXT_PAYMENT_REMARKS_284,EXT_PAYMENT_SOURCE_2,EXT_PAYMENT_REF_NO_2,E,BRL,551060.00000000,21638.000
CONTRACT_REF_NO_,884862,ROLE_CODE_285,143053,PAY,B,COMPONENT_285,C,P,USD,23310.700,7288.300,USD,15635.700,5324.300,R,3.42000000,MODE_TXN_REF_NO_,F,MO,EXT_PAYMENT_REMARKS_285,EXT_PAYMENT_SOURCE_2,EXT_PAYMENT_REF_NO_2,E,USD,381306.00000000,13777.800
CONTRACT_REF_NO_,488167,ROLE_CODE_286,733199,PAY,B,COMPONENT_286,C,P,PEN,9389.000,12117.300,PEN,5272.100,24271.000,R,2.18000000,MODE_TXN_REF_NO_,F,MO,EXT_PAYMENT_REMARKS_286,EXT_PAYMENT_SOURCE_2,EXT_PAYMENT_REF_NO_2,E,PEN,895769.00000000,3358.100
CONTRACT_REF_NO_,119396,ROLE_CODE_287,904156,PAY,B,COMPONENT_287,C,P,EUR,10599.300,2472.700,EUR,24033.600,19935.900,R,1.45000000,MODE_TXN_REF_NO_,F,MO,EXT_PAYMENT_REMARKS_287,EXT_PAYMENT_SOURCE_2,EXT_PAYMENT_REF_NO_2,E,EUR,306957.00000000,14094.900
CONTRACT_REF_NO_,371072,ROLE_CODE_288,780146,PAY,B,COMPONENT_288,C,P,BRL,1789.600,3394.000,BRL,13335.400,21636.100,R,4.33000000,MODE_TXN_REF_NO_,F,MO,EXT_PAYMENT_REMARKS_288,EXT_PAYMENT_SOURCE_2,EXT_PAYMENT_REF_NO_2,E,BRL,612144.00000000,4248.300
CONTRACT_REF_NO_,533668,ROLE_CODE_289,299822,PAY,B,COMPONENT_289,C,P,USD,14872.200,14211.900,USD,5429.500,12474.100,R,1.62000000,MODE_TXN_REF_NO_,F,MO,EXT_PAYMENT_REMARKS_289,EXT_PAYMENT_SOURCE_2,EXT_PAYMENT_REF_NO_2,E,USD,888355.00000000,16238.400
CONTRACT_REF_NO_,487749,ROLE_CODE_290,461891,PAY,B,COMPONENT_290,C,P,PEN,17945.000,15390.500,PEN,12201.200,22073.600,R,2.65000000,MODE_TXN_REF_NO_,F,MO,EXT_PAYMENT_REMARKS_290,EXT_PAYMENT_SOURCE_2,EXT_PAYMENT_REF_NO_2,E,PEN,891386.00000000,18103.500
CONTRACT_REF_NO_,354429,ROLE_CODE_291,668791,PAY,B,COMPONENT_291,C,P,EUR,21124.800,9036.600,EUR,22057.800,15284.100,R,4.00000000,MODE_TXN_REF_NO_,F,MO,EXT_PAYMENT_REMARKS_291,EXT_PAYMENT_SOURCE_2,EXT_PAYMENT_REF_NO_2,E,EUR,151117.00000000,18793.200
CONTRACT_REF_NO_,680146,ROLE_CODE_292,578193,PAY,B,COMPONENT_292,C,P,BRL,12925.900,10712.600,BRL,11200.500,5017.200,R,1.17000000,MODE_TXN_REF_NO_,F,MO,EXT_PAYMENT_REMARKS_292,EXT_PAYMENT_SOURCE_2,EXT_PAYMENT_REF_NO_2,E,BRL,779293.00000000,5829.700
CONTRACT_REF_NO_,358807,ROLE_CODE_293,208583,PAY,B,COMPONENT_293,C,P,USD,3076.800,23742.900,USD,1883.300,16710.600,R,4.34000000,MODE_TXN_REF_NO_,F,MO,EXT_PAYMENT_REMARKS_293,EXT_PAYMENT_SOURCE_2,EXT_PAYMENT_REF_NO_2,E,USD,517296.00000000,24775.900
CONTRACT_REF_NO_,312655,ROLE_CODE_294,599973,PAY,B,COMPONENT_294,C,P,PEN,16026.200,7468.100,PEN,6158.100,7131.000,R,2.09000000,MODE_TXN_REF_NO_,F,MO,EXT_PAYMENT_REMARKS_294,EXT_PAYMENT_SOURCE_2,EXT_PAYMENT_REF_NO_2,E,PEN,130010.00000000,3521.500
CONTRACT_REF_NO_,931880,ROLE_CODE_295,857428,PAY,B,COMPONENT_295,C,P,EUR,16809.600,11563.100,EUR,20933.900,19699.200,R,0.96000000,MODE_TXN_REF_NO_,F,MO,EXT_PAYMENT_REMARKS_295,EXT_PAYMENT_SOURCE_2,EXT_PAYMENT_REF_NO_2,E,EUR,312772.00000000,8366.800
CONTRACT_REF_NO_,156326,ROLE_CODE_296,581544,PAY,B,COMPONENT_296,C,P,BRL,18424.300,24091.200,BRL,16670.700,17866.400,R,4.20000000,MODE_TXN_REF_NO_,F,MO,EXT_PAYMENT_REMARKS_296,EXT_PAYMENT_SOURCE_2,EXT_PAYMENT_REF_NO_2,E,BRL,977136.00000000,1516.900
CONTRACT_REF_NO_,14439,ROLE_CODE_297,175836,PAY,B,COMPONENT_297,C,P,USD,45690.400,188544.000,USD,3290.400,194741.600,R,4.23000000,MODE_TXN_REF_NO_,F,MO,EXT_PAYMENT_REMARKS_297,EXT_PAYMENT_SOURCE_2,EXT_PAYMENT_REF_NO_2,E,USD,213874.00000000,120542.400
CONTRACT_REF_NO_,108630,ROLE_CODE_298,139911,PAY,B,COMPONENT_298,C,P,PEN,14496.400,5021.300,PEN,874.700,22474.700,R,1.75000000,MODE_TXN_REF_NO_,F,MO,EXT_PAYMENT_REMARKS_298,EXT_PAYMENT_SOURCE_2,EXT_PAYMENT_REF_NO_2,E,PEN,234505.00000000,2159.700
CONTRACT_REF_NO_,986342,ROLE_CODE_299,614889,PAY,B,COMPONENT_299,C,P,EUR,17419.900,2654.700,EUR,11323.400,14481.300,R,3.06000000,MODE_TXN_REF_NO_,F,MO,EXT_PAYMENT_REMARKS_299,EXT_PAYMENT_SOURCE_2,EXT_PAYMENT_REF_NO_2,E,EUR,425874.00000000,21517.900
CONTRACT_REF_NO_,172525,ROLE_CODE_300,578736,PAY,B,COMPONENT_300,C,P,BRL,9503.300,12450.000,BRL,687.400,6587.800,R,3.96000000,MODE_TXN_REF_NO_,F,MO,EXT_PAYMENT_REMARKS_300,EXT_PAYMENT_SOURCE_3,EXT_PAYMENT_REF_NO_3,E,BRL,277638.00000000,13636.800
CONTRACT_REF_NO_,824139,ROLE_CODE_301,681012,PAY,B,COMPONENT_301,C,P,USD,11222.000,1382.100,USD,5270.000,12071.400,R,4.05000000,MODE_TXN_REF_NO_,F,MO,EXT_PAYMENT_REMARKS_301,EXT_PAYMENT_SOURCE_3,EXT_PAYMENT_REF_NO_3,E,USD,136579.00000000,2345.000
CONTRACT_REF_NO_,226776,ROLE_CODE_302,127339,PAY,B,COMPONENT_302,C,P,PEN,14671.100,24230.100,PEN,19095.600,4023.400,R,2.52000000,MODE_TXN_REF_NO_,F,MO,EXT_PAYMENT_REMARKS_302,EXT_PAYMENT_SOURCE_3,EXT_PAYMENT_REF_NO_3,E,PEN,459943.00000000,18461.300
CONTRACT_REF_NO_,177933,ROLE_CODE_303,945029,PAY,B,COMPONENT_303,C,P,EUR,20062.700,13457.300,EUR,547.500,10017.500,R,2.37000000,MODE_TXN_REF_NO_,F,MO,EXT_PAYMENT_REMARKS_303,EXT_PAYMENT_SOURCE_3,EXT_PAYMENT_REF_NO_3,E,EUR,592986.00000000,2050.500
CONTRACT_REF_NO_,481311,ROLE_CODE_304,925163,PAY,B,COMPONENT_304,C,P,BRL,13791.000,14004.500,BRL,6050.700,24082.400,R,4.16000000,MODE_TXN_REF_NO_,F,MO,EXT_PAYMENT_REMARKS_304,EXT_PAYMENT_SOURCE_3,EXT_PAYMENT_REF_NO_3,E,BRL,953805.00000000,16632.100
CONTRACT_REF_NO_,572763,ROLE_CODE_305,159810,PAY,B,COMPONENT_305,C,P,USD,12436.000,4049.900,USD,6074.400,12867.500,R,1.41000000,MODE_TXN_REF_NO_,F,MO,EXT_PAYMENT_REMARKS_305,EXT_PAYMENT_SOURCE_3,EXT_PAYMENT_REF_NO_3,E,USD,907532.00000000,10104.700
CONTRACT_REF_NO_,486690,ROLE_CODE_306,251670,PAY,B,COMPONENT_306,C,P,PEN,18324.600,13069.000,PEN,19870.800,9728.100,R,0.95000000,MODE_TXN_REF_NO_,F,MO,EXT_PAYMENT_REMARKS_306,EXT_PAYMENT_SOURCE_3,EXT_PAYMENT_REF_NO_3,E,PEN,689910.00000000,862.500
CONTRACT_REF_NO_,124944,ROLE_CODE_307,705707,PAY,B,COMPONENT_307,C,P,EUR,3150.900,2731.000,EUR,1900.800,1727.900,R,1.46000000,MODE_TXN_REF_NO_,F,MO,EXT_PAYMENT_REMARKS_307,EXT_PAYMENT_SOURCE_3,EXT_PAYMENT_REF_NO_3,E,EUR,602158.00000000,1984.600
CONTRACT_REF_NO_,786986,ROLE_CODE_308,842134,PAY,B,COMPONENT_308,C,P,BRL,4016.800,1030.100,BRL,22364.400,15277.600,R,1.92000000,MODE_TXN_REF_NO_,F,MO,EXT_PAYMENT_REMARKS_308,EXT_PAYMENT_SOURCE_3,EXT_PAYMENT_REF_NO_3,E,BRL,742449.00000000,21519.500
CONTRACT_REF_NO_,373399,ROLE_CODE_309,734217,PAY,B,COMPONENT_309,C,P,USD,20084.500,20149.300,USD,12420.400,22703.400,R,2.49000000,MODE_TXN_REF_NO_,F,MO,EXT_PAYMENT_REMARKS_309,EXT_PAYMENT_SOURCE_3,EXT_PAYMENT_REF_NO_3,E,USD,728375.00000000,16160.100
CONTRACT_REF_NO_,485118,ROLE_CODE_310,611770,PAY,B,COMPONENT_310,C,P,PEN,16094.300,8601.100,PEN,3511.100,4990.900,R,1.73000000,MODE_TXN_REF_NO_,F,MO,EXT_PAYMENT_REMARKS_310,EXT_PAYMENT_SOURCE_3,EXT_PAYMENT_REF_NO_3,E,PEN,818204.00000000,4989.200
CONTRACT_REF_NO_,895061,ROLE_CODE_311,481749,PAY,B,COMPONENT_311,C,P,EUR,15738.000,17206.600,EUR,22550.000,1354.000,R,3.55000000,MODE_TXN_REF_NO_,F,MO,EXT_PAYMENT_REMARKS_311,EXT_PAYMENT_SOURCE_3,EXT_PAYMENT_REF_NO_3,E,EUR,666715.00000000,12031.500
CONTRACT_REF_NO_,577660,ROLE_CODE_312,695020,PAY,B,COMPONENT_312,C,P,BRL,1570.100,15922.900,BRL,21569.300,4776.700,R,1.94000000,MODE_TXN_REF_NO_,F,MO,EXT_PAYMENT_REMARKS_312,EXT_PAYMENT_SOURCE_3,EXT_PAYMENT_REF_NO_3,E,BRL,362585.00000000,9792.000
CONTRACT_REF_NO_,639401,ROLE_CODE_313,782505,PAY,B,COMPONENT_313,C,P,USD,2753.700,10883.100,USD,3287.800,12533.800,R,1.63000000,MODE_TXN_REF_NO_,F,MO,EXT_PAYMENT_REMARKS_313,EXT_PAYMENT_SOURCE_3,EXT_PAYMENT_REF_NO_3,E,USD,241620.00000000,18061.400
CONTRACT_REF_NO_,438877,ROLE_CODE_314,803015,PAY,B,COMPONENT_314,C,P,PEN,23445.600,17537.200,PEN,14342.200,4056.200,R,0.99000000,MODE_TXN_REF_NO_,F,MO,EXT_PAYMENT_REMARKS_314,EXT_PAYMENT_SOURCE_3,EXT_PAYMENT_REF_NO_3,E,PEN,303662.00000000,14074.300
CONTRACT_REF_NO_,596510,ROLE_CODE_315,443469,PAY,B,COMPONENT_315,C,P,EUR,12300.000,2149.600,EUR,16654.100,15412.700,R,1.39000000,MODE_TXN_REF_NO_,F,MO,EXT_PAYMENT_REMARKS_315,EXT_PAYMENT_SOURCE_3,EXT_PAYMENT_REF_NO_3,E,EUR,551031.00000000,7877.700
CONTRACT_REF_NO_,776236,ROLE_CODE_316,557106,PAY,B,COMPONENT_316,C,P,BRL,6495.100,5708.300,BRL,18409.000,4412.200,R,2.08000000,MODE_TXN_REF_NO_,F,MO,EXT_PAYMENT_REMARKS_316,EXT_PAYMENT_SOURCE_3,EXT_PAYMENT_REF_NO_3,E,BRL,175290.00000000,17093.300
CONTRACT_REF_NO_,674364,ROLE_CODE_317,671780,PAY,B,COMPONENT_317,C,P,USD,8753.300,12043.300,USD,24611.200,21598.600,R,2.60000000,MODE_TXN_REF_NO_,F,MO,EXT_PAYMENT_REMARKS_317,EXT_PAYMENT_SOURCE_3,EXT_PAYMENT_REF_NO_3,E,USD,745087.00000000,21280.600
CONTRACT_REF_NO_,914705,ROLE_CODE_318,400481,PAY,B,COMPONENT_318,C,P,PEN,3611.200,8198.800,PEN,24910.100,8272.500,R,1.55000000,MODE_TXN_REF_NO_,F,MO,EXT_PAYMENT_REMARKS_318,EXT_PAYMENT_SOURCE_3,EXT_PAYMENT_REF_NO_3,E,PEN,534852.00000000,20331.700
CONTRACT_REF_NO_,549892,ROLE_CODE_319,323066,PAY,B,COMPONENT_319,C,P,EUR,23555.800,10941.600,EUR,5749.200,22098.500,R,3.76000000,MODE_TXN_REF_NO_,F,MO,EXT_PAYMENT_REMARKS_319,EXT_PAYMENT_SOURCE_3,EXT_PAYMENT_REF_NO_3,E,EUR,970872.00000000,5633.300
CONTRACT_REF_NO_,581459,ROLE_CODE_320,143033,PAY,B,COMPONENT_320,C,P,BRL,5599.200,5750.800,BRL,19575.200,23814.200,R,1.92000000,MODE_TXN_REF_NO_,F,MO,EXT_PAYMENT_REMARKS_320,EXT_PAYMENT_SOURCE_3,EXT_PAYMENT_REF_NO_3,E,BRL,744930.00000000,18047.100
CONTRACT_REF_NO_,544793,ROLE_CODE_321,525507,PAY,B,COMPONENT_321,C,P,USD,6958.200,6536.900,USD,4568.900,18666.400,R,0.92000000,MODE_TXN_REF_NO_,F,MO,EXT_PAYMENT_REMARKS_321,EXT_PAYMENT_SOURCE_3,EXT_PAYMENT_REF_NO_3,E,USD,644110.00000000,1784.700
CONTRACT_REF_NO_,430681,ROLE_CODE_322,351802,PAY,B,COMPONENT_322,C,P,PEN,10886.300,6766.100,PEN,8111.300,12921.800,R,1.91000000,MODE_TXN_REF_NO_,F,MO,EXT_PAYMENT_REMARKS_322,EXT_PAYMENT_SOURCE_3,EXT_PAYMENT_REF_NO_3,E,PEN,550739.00000000,12495.400
CONTRACT_REF_NO_,855210,ROLE_CODE_323,54580,PAY,B,COMPONENT_323,C,P,EUR,4051.300,17596.300,EUR,22527.800,6762.700,R,2.08000000,MODE_TXN_REF_NO_,F,MO,EXT_PAYMENT_REMARKS_323,EXT_PAYMENT_SOURCE_3,EXT_PAYMENT_REF_NO_3,E,EUR,516487.00000000,8408.500
CONTRACT_REF_NO_,574404,ROLE_CODE_324,225276,PAY,B,COMPONENT_324,C,P,BRL,19530.200,19022.000,BRL,24987.500,13226.600,R,2.07000000,MODE_TXN_REF_NO_,F,MO,EXT_PAYMENT_REMARKS_324,EXT_PAYMENT_SOURCE_3,EXT_PAYMENT_REF_NO_3,E,BRL,114574.00000000,16833.400
CONTRACT_REF_NO_,464339,ROLE_CODE_325,448291,PAY,B,COMPONENT_325,C,P,USD,12141.500,10588.500,USD,14650.100,15484.100,R,3.67000000,MODE_TXN_REF_NO_,F,MO,EXT_PAYMENT_REMARKS_325,EXT_PAYMENT_SOURCE_3,EXT_PAYMENT_REF_NO_3,E,USD,49101.00000000,3411.600
CONTRACT_REF_NO_,676042,ROLE_CODE_326,157999,PAY,B,COMPONENT_326,C,P,PEN,9508.700,19775.200,PEN,4415.000,23255.500,R,1.25000000,MODE_TXN_REF_NO_,F,MO,EXT_PAYMENT_REMARKS_326,EXT_PAYMENT_SOURCE_3,EXT_PAYMENT_REF_NO_3,E,PEN,941595.00000000,11624.100
CONTRACT_REF_NO_,325406,ROLE_CODE_327,660144,PAY,B,COMPONENT_327,C,P,EUR,23599.400,11737.800,EUR,15817.500,20699.400,R,3.96000000,MODE_TXN_REF_NO_,F,MO,EXT_PAYMENT_REMARKS_327,EXT_PAYMENT_SOURCE_3,EXT_PAYMENT_REF_NO_3,E,EUR,696351.00000000,14402.100
CONTRACT_REF_NO_,816442,ROLE_CODE_328,586112,PAY,B,COMPONENT_328,C,P,BRL,6903.300,4202.400,BRL,20934.700,4608.900,R,4.33000000,MODE_TXN_REF_NO_,F,MO,EXT_PAYMENT_REMARKS_328,EXT_PAYMENT_SOURCE_3,EXT_PAYMENT_REF_NO_3,E,BRL,491520.00000000,19033.200
CONTRACT_REF_NO_,323330,ROLE_CODE_329,256267,PAY,B,COMPONENT_329,C,P,USD,22567.000,14394.900,USD,22251.200,8805.600,R,4.06000000,MODE_TXN_REF_NO_,F,MO,EXT_PAYMENT_REMARKS_329,EXT_PAYMENT_SOURCE_3,EXT_PAYMENT_REF_NO_3,E,USD,774379.00000000,13443.800
CONTRACT_REF_NO_,197043,ROLE_CODE_330,48090,PAY,B,COMPONENT_330,C,P,PEN,21328.000,11083.100,PEN,3092.200,5730.800,R,2.13000000,MODE_TXN_REF_NO_,F,MO,EXT_PAYMENT_REMARKS_330,EXT_PAYMENT_SOURCE_3,EXT_PAYMENT_REF_NO_3,E,PEN,298682.00000000,8705.100
CONTRACT_REF_NO_,927545,ROLE_CODE_331,764632,PAY,B,COMPONENT_331,C,P,EUR,10813.000,21521.800,EUR,2627.800,766.200,R,3.21000000,MODE_TXN_REF_NO_,F,MO,EXT_PAYMENT_REMARKS_331,EXT_PAYMENT_SOURCE_3,EXT_PAYMENT_REF_NO_3,E,EUR,482278.00000000,7671.900
CONTRACT_REF_NO_,623127,ROLE_CODE_332,983762,PAY,B,COMPONENT_332,C,P,BRL,16337.400,9604.400,BRL,13166.900,2734.900,R,2.80000000,MODE_TXN_REF_NO_,F,MO,EXT_PAYMENT_REMARKS_332,EXT_PAYMENT_SOURCE_3,EXT_PAYMENT_REF_NO_3,E,BRL,209310.00000000,15612.600
CONTRACT_REF_NO_,601069,ROLE_CODE_333,940109,PAY,B,COMPONENT_333,C,P,USD,15245.600,14515.500,USD,6083.800,4723.800,R,2.68000000,MODE_TXN_REF_NO_,F,MO,EXT_PAYMENT_REMARKS_333,EXT_PAYMENT_SOURCE_3,EXT_PAYMENT_REF_NO_3,E,USD,5332.00000000,1650.600
CONTRACT_REF_NO_,490799,ROLE_CODE_334,730507,PAY,B,COMPONENT_334,C,P,PEN,131228.800,4584.000,PEN,119049.600,59406.400,R,3.25000000,MODE_TXN_REF_NO_,F,MO,EXT_PAYMENT_REMARKS_334,EXT_PAYMENT_SOURCE_3,EXT_PAYMENT_REF_NO_3,E,PEN,857009.00000000,86471.200
CONTRACT_REF_NO_,221301,ROLE_CODE_335,691310,PAY,B,COMPONENT_335,C,P,EUR,24199.200,1404.600,EUR,15284.600,18473.000,R,3.25000000,MODE_TXN_REF_NO_,F,MO,EXT_PAYMENT_REMARKS_335,EXT_PAYMENT_SOURCE_3,EXT_PAYMENT_REF_NO_3,E,EUR,312993.00000000,3284.900
CONTRACT_REF_NO_,391020,ROLE_CODE_336,170227,PAY,B,COMPONENT_336,C,P,BRL,21388.000,10624.500,BRL,5146.600,23362.400,R,4.08000000,MODE_TXN_REF_NO_,F,MO,EXT_PAYMENT_REMARKS_336,EXT_PAYMENT_SOURCE_3,EXT_PAYMENT_REF_NO_3,E,BRL,762939.00000000,6454.200
CONTRACT_REF_NO_,667545,ROLE_CODE_337,872390,PAY,B,COMPONENT_337,C,P,USD,18654.800,17571.600,USD,15456.100,21246.500,R,4.14000000,MODE_TXN_REF_NO_,F,MO,EXT_PAYMENT_REMARKS_337,EXT_PAYMENT_SOURCE_3,EXT_PAYMENT_REF_NO_3,E,USD,945103.00000000,21779.500
CONTRACT_REF_NO_,837840,ROLE_CODE_338,979483,PAY,B,COMPONENT_338,C,P,PEN,3156.200,18403.800,PEN,23374.800,2968.100,R,4.33000000,MODE_TXN_REF_NO_,F,MO,EXT_PAYMENT_REMARKS_338,EXT_PAYMENT_SOURCE_3,EXT_PAYMENT_REF_NO_3,E,PEN,619290.00000000,8970.600
CONTRACT_REF_NO_,579178,ROLE_CODE_339,501298,PAY,B,COMPONENT_339,C,P,EUR,7354.200,9630.900,EUR,17398.000,16158.100,R,4.46000000,MODE_TXN_REF_NO_,F,MO,EXT_PAYMENT_REMARKS_339,EXT_PAYMENT_SOURCE_3,EXT_PAYMENT_REF_NO_3,E,EUR,296394.00000000,12369.200
CONTRACT_REF_NO_,666407,ROLE_CODE_340,821998,PAY,B,COMPONENT_340,C,P,BRL,16719.900,6144.700,BRL,24995.000,6019.900,R,2.92000000,MODE_TXN_REF_NO_,F,MO,EXT_PAYMENT_REMARKS_340,EXT_PAYMENT_SOURCE_3,EXT_PAYMENT_REF_NO_3,E,BRL,533007.00000000,8042.900
CONTRACT_REF_NO_,399027,ROLE_CODE_341,579329,PAY,B,COMPONENT_341,C,P,USD,10037.600,15286.400,USD,21487.400,17403.800,R,3.38000000,MODE_TXN_REF_NO_,F,MO,EXT_PAYMENT_REMARKS_341,EXT_PAYMENT_SOURCE_3,EXT_PAYMENT_REF_NO_3,E,USD,970628.00000000,11314.300
CONTRACT_REF_NO_,342063,ROLE_CODE_342,836552,PAY,B,COMPONENT_342,C,P,PEN,15908.600,19574.300,PEN,15204.600,24014.800,R,2.61000000,MODE_TXN_REF_NO_,F,MO,EXT_PAYMENT_REMARKS_342,EXT_PAYMENT_SOURCE_3,EXT_PAYMENT_REF_NO_3,E,PEN,437065.00000000,13206.700
CONTRACT_REF_NO_,470617,ROLE_CODE_343,316122,PAY,B,COMPONENT_343,C,P,EUR,15010.900,18966.000,EUR,19972.500,8113.400,R,2.92000000,MODE_TXN_REF_NO_,F,MO,EXT_PAYMENT_REMARKS_343,EXT_PAYMENT_SOURCE_3,EXT_PAYMENT_REF_NO_3,E,EUR,907606.00000000,10621.000
CONTRACT_REF_NO_,707156,ROLE_CODE_344,62591,PAY,B,COMPONENT_344,C,P,BRL,9811.900,15479.000,BRL,4192.700,5495.900,R,1.83000000,MODE_TXN_REF_NO_,F,MO,EXT_PAYMENT_REMARKS_344,EXT_PAYMENT_SOURCE_3,EXT_PAYMENT_REF_NO_3,E,BRL,937267.00000000,11662.600
CONTRACT_REF_NO_,413440,ROLE_CODE_345,428542,PAY,B,COMPONENT_345,C,P,USD,23456.600,10272.200,USD,14308.100,12945.600,R,4.25000000,MODE_TXN_REF_NO_,F,MO,EXT_PAYMENT_REMARKS_345,EXT_PAYMENT_SOURCE_3,EXT_PAYMENT_REF_NO_3,E,USD,893101.00000000,17092.600
CONTRACT_REF_NO_,920436,ROLE_CODE_346,232790,PAY,B,COMPONENT_346,C,P,PEN,19233.900,5774.700,PEN,21896.400,6976.600,R,1.41000000,MODE_TXN_REF_NO_,F,MO,EXT_PAYMENT_REMARKS_346,EXT_PAYMENT_SOURCE_3,EXT_PAYMENT_REF_NO_3,E,PEN,690892.00000000,10158.500
CONTRACT_REF_NO_,880313,ROLE_CODE_347,255424,PAY,B,COMPONENT_347,C,P,EUR,5654.400,5499.700,EUR,7145.800,23999.500,R,1.73000000,MODE_TXN_REF_NO_,F,MO,EXT_PAYMENT_REMARKS_347,EXT_PAYMENT_SOURCE_3,EXT_PAYMENT_REF_NO_3,E,EUR,807411.00000000,23066.400
CONTRACT_REF_NO_,497794,ROLE_CODE_348,140376,PAY,B,COMPONENT_348,C,P,BRL,22460.300,3852.900,BRL,21183.000,24689.400,R,4.05000000,MODE_TXN_REF_NO_,F,MO,EXT_PAYMENT_REMARKS_348,EXT_PAYMENT_SOURCE_3,EXT_PAYMENT_REF_NO_3,E,BRL,283655.00000000,20230.800
CONTRACT_REF_NO_,583649,ROLE_CODE_349,184700,PAY,B,COMPONENT_349,C,P,USD,17448.500,9105.700,USD,156.100,2495.700,R,4.24000000,MODE_TXN_REF_NO_,F,MO,EXT_PAYMENT_REMARKS_349,EXT_PAYMENT_SOURCE_3,EXT_PAYMENT_REF_NO_3,E,USD,74115.00000000,18925.200
CONTRACT_REF_NO_,282631,ROLE_CODE_350,993455,PAY,B,COMPONENT_350,C,P,PEN,4906.600,19527.000,PEN,18219.500,7381.300,R,2.27000000,MODE_TXN_REF_NO_,F,MO,EXT_PAYMENT_REMARKS_350,EXT_PAYMENT_SOURCE_3,EXT_PAYMENT_REF_NO_3,E,PEN,303210.00000000,21132.600
CONTRACT_REF_NO_,934641,ROLE_CODE_351,374441,PAY,B,COMPONENT_351,C,P,EUR,24500.800,21001.700,EUR,6397.000,1355.700,R,2.01000000,MODE_TXN_REF_NO_,F,MO,EXT_PAYMENT_REMARKS_351,EXT_PAYMENT_SOURCE_3,EXT_PAYMENT_REF_NO_3,E,EUR,310559.00000000,14232.000
CONTRACT_REF_NO_,963046,ROLE_CODE_352,226748,PAY,B,COMPONENT_352,C,P,BRL,17184.300,24406.300,BRL,3073.200,6908.700,R,3.64000000,MODE_TXN_REF_NO_,F,MO,EXT_PAYMENT_REMARKS_352,EXT_PAYMENT_SOURCE_3,EXT_PAYMENT_REF_NO_3,E,BRL,743079.00000000,17015.600
CONTRACT_REF_NO_,734196,ROLE_CODE_353,547457,PAY,B,COMPONENT_353,C,P,USD,10514.800,24440.500,USD,16676.000,18111.600,R,1.20000000,MODE_TXN_REF_NO_,F,MO,EXT_PAYMENT_REMARKS_353,EXT_PAYMENT_SOURCE_3,EXT_PAYMENT_REF_NO_3,E,USD,247774.00000000,23044.500
CONTRACT_REF_NO_,635775,ROLE_CODE_354,650900,PAY,B,COMPONENT_354,C,P,PEN,1436.600,13909.700,PEN,18097.500,12661.600,R,2.93000000,MODE_TXN_REF_NO_,F,MO,EXT_PAYMENT_REMARKS_354,EXT_PAYMENT_SOURCE_3,EXT_PAYMENT_REF_NO_3,E,PEN,583568.00000000,6526.200
CONTRACT_REF_NO_,914274,ROLE_CODE_355,720312,PAY,B,COMPONENT_355,C,P,EUR,24174.200,1308.400,EUR,6549.100,7021.100,R,4.43000000,MODE_TXN_REF_NO_,F,MO,EXT_PAYMENT_REMARKS_355,EXT_PAYMENT_SOURCE_3,EXT_PAYMENT_REF_NO_3,E,EUR,398334.00000000,2252.100
CONTRACT_REF_NO_,6438,ROLE_CODE_356,411042,PAY,B,COMPONENT_356,C,P,BRL,1788.200,2352.500,BRL,1856.400,6621.100,R,3.76000000,MODE_TXN_REF_NO_,F,MO,EXT_PAYMENT_REMARKS_356,EXT_PAYMENT_SOURCE_3,EXT_PAYMENT_REF_NO_3,E,BRL,741014.00000000,23109.600
CONTRACT_REF_NO_,828029,ROLE_CODE_357,21285,PAY,B,COMPONENT_357,C,P,USD,17506.900,24850.700,USD,5199.900,7163.300,R,2.22000000,MODE_TXN_REF_NO_,F,MO,EXT_PAYMENT_REMARKS_357,EXT_PAYMENT_SOURCE_3,EXT_PAYMENT_REF_NO_3,E,USD,453606.00000000,19236.000
CONTRACT_REF_NO_,773349,ROLE_CODE_358,812793,PAY,B,COMPONENT_358,C,P,PEN,24209.100,19074.100,PEN,6831.800,6989.300,R,2.02000000,MODE_TXN_REF_NO_,F,MO,EXT_PAYMENT_REMARKS_358,EXT_PAYMENT_SOURCE_3,EXT_PAYMENT_REF_NO_3,E,PEN,480681.00000000,135.100
CONTRACT_REF_NO_,180549,ROLE_CODE_359,906347,PAY,B,COMPONENT_359,C,P,EUR,13005.300,7135.300,EUR,998.600,23164.100,R,2.44000000,MODE_TXN_REF_NO_,F,MO,EXT_PAYMENT_REMARKS_359,EXT_PAYMENT_SOURCE_3,EXT_PAYMENT_REF_NO_3,E,EUR,471950.00000000,4792.900
CONTRACT_REF_NO_,354432,ROLE_CODE_360,852056,PAY,B,COMPONENT_360,C,P,BRL,21066.600,24690.400,BRL,3198.900,16538.600,R,3.02000000,MODE_TXN_REF_NO_,F,MO,EXT_PAYMENT_REMARKS_360,EXT_PAYMENT_SOURCE_3,EXT_PAYMENT_REF_NO_3,E,BRL,764713.00000000,21810.900
CONTRACT_REF_NO_,968599,ROLE_CODE_361,967263,PAY,B,COMPONENT_361,C,P,USD,4737.400,12891.900,USD,22186.500,20951.500,R,2.73000000,MODE_TXN_REF_NO_,F,MO,EXT_PAYMENT_REMARKS_361,EXT_PAYMENT_SOURCE_3,EXT_PAYMENT_REF_NO_3,E,USD,241239.00000000,24440.000
CONTRACT_REF_NO_,11762,ROLE_CODE_362,740671,PAY,B,COMPONENT_362,C,P,PEN,9406.100,7764.500,PEN,19530.000,10015.700,R,4.20000000,MODE_TXN_REF_NO_,F,MO,EXT_PAYMENT_REMARKS_362,EXT_PAYMENT_SOURCE_3,EXT_PAYMENT_REF_NO_3,E,PEN,724867.00000000,20222.100
CONTRACT_REF_NO_,474925,ROLE_CODE_363,392581,PAY,B,COMPONENT_363,C,P,EUR,14150.100,3562.600,EUR,13418.000,14396.800,R,4.13000000,MODE_TXN_REF_NO_,F,MO,EXT_PAYMENT_REMARKS_363,EXT_PAYMENT_SOURCE_3,EXT_PAYMENT_REF_NO_3,E,EUR,630402.00000000,16686.800
CONTRACT_REF_NO_,800385,ROLE_CODE_364,567280,PAY,B,COMPONENT_364,C,P,BRL,10134.200,19208.100,BRL,13671.500,16769.100,R,1.35000000,MODE_TXN_REF_NO_,F,MO,EXT_PAYMENT_REMARKS_364,EXT_PAYMENT_SOURCE_3,EXT_PAYMENT_REF_NO_3,E,BRL,227637.00000000,9480.600
CONTRACT_REF_NO_,892084,ROLE_CODE_365,579083,PAY,B,COMPONENT_365,C,P,USD,13477.200,18788.300,USD,9979.700,13529.900,R,3.85000000,MODE_TXN_REF_NO_,F,MO,EXT_PAYMENT_REMARKS_365,EXT_PAYMENT_SOURCE_3,EXT_PAYMENT_REF_NO_3,E,USD,870735.00000000,15837.000
CONTRACT_REF_NO_,303718,ROLE_CODE_366,132803,PAY,B,COMPONENT_366,C,P,PEN,14248.300,3328.800,PEN,21860.600,22443.900,R,2.04000000,MODE_TXN_REF_NO_,F,MO,EXT_PAYMENT_REMARKS_366,EXT_PAYMENT_SOURCE_3,EXT_PAYMENT_REF_NO_3,E,PEN,366120.00000000,5013.700
CONTRACT_REF_NO_,474819,ROLE_CODE_367,812109,PAY,B,COMPONENT_367,C,P,EUR,1839.500,10703.400,EUR,22397.900,16585.600,R,1.35000000,MODE_TXN_REF_NO_,F,MO,EXT_PAYMENT_REMARKS_367,EXT_PAYMENT_SOURCE_3,EXT_PAYMENT_REF_NO_3,E,EUR,265788.00000000,14202.100
