BRANCH_CODE,YEAR,MONTH,HOLIDAY_LIST
001,8596,94,HOLIDAY_LIST_1
002,2488,31,HOLIDAY_LIST_2
003,1609,79,HOLIDAY_LIST_3
004,5858,91,HOLIDAY_LIST_4
005,6545,33,HOLIDAY_LIST_5
006,9966,55,HOLIDAY_LIST_6
007,6516,53,HOLIDAY_LIST_7
008,6923,90,HOLIDAY_LIST_8
009,3005,41,HOLIDAY_LIST_9
010,3542,91,HOLIDAY_LIST_10
011,4793,12,HOLIDAY_LIST_11
012,349,13,HOLIDAY_LIST_12
013,8233,96,HOLIDAY_LIST_13
014,4467,25,HOLIDAY_LIST_14
015,4803,64,HOLIDAY_LIST_15
016,3958,29,HOLIDAY_LIST_16
017,6238,94,HOLIDAY_LIST_17
018,5311,34,HOLIDAY_LIST_18
019,7995,39,HOLIDAY_LIST_19
020,5924,82,HOLIDAY_LIST_20
021,968,60,HOLIDAY_LIST_21
022,3007,23,HOLIDAY_LIST_22
023,1105,45,HOLIDAY_LIST_23
024,3640,53,HOLIDAY_LIST_24
025,6161,40,HOLIDAY_LIST_25
001,2370,87,HOLIDAY_LIST_26
002,7801,37,HOLIDAY_LIST_27
003,3538,57,HOLIDAY_LIST_28
004,2779,33,HOLIDAY_LIST_29
005,1513,25,HOLIDAY_LIST_30
006,1268,34,HOLIDAY_LIST_31
007,2023,25,HOLIDAY_LIST_32
008,7669,90,HOLIDAY_LIST_33
009,4271,49,HOLIDAY_LIST_34
010,2601,13,HOLIDAY_LIST_35
011,9222,59,HOLIDAY_LIST_36
012,852,74,HOLIDAY_LIST_37
013,8010,73,HOLIDAY_LIST_38
014,8134,4,HOLIDAY_LIST_39
015,3505,68,HOLIDAY_LIST_40
016,3013,58,HOLIDAY_LIST_41
017,5010,69,HOLIDAY_LIST_42
018,3558,39,HOLIDAY_LIST_43
019,258,17,HOLIDAY_LIST_44
020,9733,88,HOLIDAY_LIST_45
021,2241,91,HOLIDAY_LIST_46
022,150,0,HOLIDAY_LIST_47
023,2800,69,HOLIDAY_LIST_48
024,7458,58,HOLIDAY_LIST_49
025,8025,68,HOLIDAY_LIST_50
001,3842,30,HOLIDAY_LIST_51
002,8588,0,HOLIDAY_LIST_52
003,6036,77,HOLIDAY_LIST_53
004,8384,38,HOLIDAY_LIST_54
005,2941,76,HOLIDAY_LIST_55
006,7620,76,HOLIDAY_LIST_56
007,8721,57,HOLIDAY_LIST_57
008,2045,39,HOLIDAY_LIST_58
009,5283,32,HOLIDAY_LIST_59
010,1889,24,HOLIDAY_LIST_60
011,5283,23,HOLIDAY_LIST_61
012,7231,83,HOLIDAY_LIST_62
013,6007,75,HOLIDAY_LIST_63
014,2440,95,HOLIDAY_LIST_64
015,5006,46,HOLIDAY_LIST_65
016,311,68,HOLIDAY_LIST_66
017,2820,80,HOLIDAY_LIST_67
018,7962,34,HOLIDAY_LIST_68
019,6017,30,HOLIDAY_LIST_69
020,682,96,HOLIDAY_LIST_70
021,8319,75,HOLIDAY_LIST_71
022,6206,98,HOLIDAY_LIST_72
023,3732,65,HOLIDAY_LIST_73
024,9221,3,HOLIDAY_LIST_74
025,861,21,HOLIDAY_LIST_75
001,7643,30,HOLIDAY_LIST_76
002,9470,41,HOLIDAY_LIST_77
003,7336,26,HOLIDAY_LIST_78
004,3807,51,HOLIDAY_LIST_79
005,7156,43,HOLIDAY_LIST_80
006,5306,2,HOLIDAY_LIST_81
007,8121,31,HOLIDAY_LIST_82
008,7840,69,HOLIDAY_LIST_83
009,7937,20,HOLIDAY_LIST_84
010,267,11,HOLIDAY_LIST_85
011,5299,3,HOLIDAY_LIST_86
012,1277,81,HOLIDAY_LIST_87
013,9700,98,HOLIDAY_LIST_88
014,6502,6,HOLIDAY_LIST_89
015,3599,98,HOLIDAY_LIST_90
016,8511,2,HOLIDAY_LIST_91
017,8665,50,HOLIDAY_LIST_92
018,6553,57,HOLIDAY_LIST_93
019,4006,15,HOLIDAY_LIST_94
020,9937,78,HOLIDAY_LIST_95
021,15,3,HOLIDAY_LIST_96
022,1927,46,HOLIDAY_LIST_97
023,4567,10,HOLIDAY_LIST_98
024,115,42,HOLIDAY_LIST_99
025,9539,2,HOLIDAY_LIST_100
001,2176,69,HOLIDAY_LIST_101
002,7171,69,HOLIDAY_LIST_102
003,8067,19,HOLIDAY_LIST_103
004,1648,90,HOLIDAY_LIST_104
005,6695,29,HOLIDAY_LIST_105
006,4982,11,HOLIDAY_LIST_106
007,1082,40,HOLIDAY_LIST_107
008,8564,97,HOLIDAY_LIST_108
009,7745,2,HOLIDAY_LIST_109
010,1769,99,HOLIDAY_LIST_110
011,1078,79,HOLIDAY_LIST_111
012,3654,80,HOLIDAY_LIST_112
013,831,12,HOLIDAY_LIST_113
014,8396,41,HOLIDAY_LIST_114
015,576,44,HOLIDAY_LIST_115
016,3598,91,HOLIDAY_LIST_116
017,4380,37,HOLIDAY_LIST_117
018,4428,32,HOLIDAY_LIST_118
019,8206,57,HOLIDAY_LIST_119
020,6934,20,HOLIDAY_LIST_120
021,7151,75,HOLIDAY_LIST_121
022,7009,71,HOLIDAY_LIST_122
023,3424,71,HOLIDAY_LIST_123
024,2966,96,HOLIDAY_LIST_124
025,3229,1,HOLIDAY_LIST_125
001,9244,61,HOLIDAY_LIST_126
002,9848,67,HOLIDAY_LIST_127
003,950,29,HOLIDAY_LIST_128
004,9945,72,HOLIDAY_LIST_129
005,4041,23,HOLIDAY_LIST_130
006,5085,94,HOLIDAY_LIST_131
007,9803,87,HOLIDAY_LIST_132
008,8056,16,HOLIDAY_LIST_133
009,9864,67,HOLIDAY_LIST_134
010,5177,50,HOLIDAY_LIST_135
011,326,84,HOLIDAY_LIST_136
012,5510,69,HOLIDAY_LIST_137
013,5384,88,HOLIDAY_LIST_138
014,250,2,HOLIDAY_LIST_139
015,3718,63,HOLIDAY_LIST_140
016,1539,54,HOLIDAY_LIST_141
017,5900,43,HOLIDAY_LIST_142
018,4766,2,HOLIDAY_LIST_143
019,3495,35,HOLIDAY_LIST_144
020,4910,21,HOLIDAY_LIST_145
021,1970,36,HOLIDAY_LIST_146
022,904,1,HOLIDAY_LIST_147
023,9239,1,HOLIDAY_LIST_148
024,783,71,HOLIDAY_LIST_149
025,8016,88,HOLIDAY_LIST_150
001,9465,41,HOLIDAY_LIST_151
002,8320,51,HOLIDAY_LIST_152
003,5499,15,HOLIDAY_LIST_153
004,1423,7,HOLIDAY_LIST_154
005,8172,75,HOLIDAY_LIST_155
006,2666,97,HOLIDAY_LIST_156
007,1312,55,HOLIDAY_LIST_157
008,5643,84,HOLIDAY_LIST_158
009,4310,54,HOLIDAY_LIST_159
010,6222,6,HOLIDAY_LIST_160
011,5235,37,HOLIDAY_LIST_161
012,9904,30,HOLIDAY_LIST_162
013,4371,65,HOLIDAY_LIST_163
014,3074,14,HOLIDAY_LIST_164
015,8894,49,HOLIDAY_LIST_165
016,624,96,HOLIDAY_LIST_166
017,5639,83,HOLIDAY_LIST_167
018,1796,75,HOLIDAY_LIST_168
019,2397,44,HOLIDAY_LIST_169
020,7176,34,HOLIDAY_LIST_170
021,4988,69,HOLIDAY_LIST_171
022,4478,35,HOLIDAY_LIST_172
023,3881,93,HOLIDAY_LIST_173
024,7423,2,HOLIDAY_LIST_174
025,1749,91,HOLIDAY_LIST_175
001,1664,14,HOLIDAY_LIST_176
002,6754,26,HOLIDAY_LIST_177
003,5072,74,HOLIDAY_LIST_178
004,617,42,HOLIDAY_LIST_179
005,3282,23,HOLIDAY_LIST_180
006,8575,82,HOLIDAY_LIST_181
007,9388,50,HOLIDAY_LIST_182
008,3040,56,HOLIDAY_LIST_183
009,7419,64,HOLIDAY_LIST_184
010,9030,47,HOLIDAY_LIST_185
011,288,9,HOLIDAY_LIST_186
012,4182,78,HOLIDAY_LIST_187
013,1011,57,HOLIDAY_LIST_188
014,5577,5,HOLIDAY_LIST_189
015,9435,99,HOLIDAY_LIST_190
016,9513,43,HOLIDAY_LIST_191
017,2144,57,HOLIDAY_LIST_192
018,750,48,HOLIDAY_LIST_193
019,1785,67,HOLIDAY_LIST_194
020,1596,21,HOLIDAY_LIST_195
021,7006,62,HOLIDAY_LIST_196
022,9471,76,HOLIDAY_LIST_197
023,6562,18,HOLIDAY_LIST_198
024,2456,99,HOLIDAY_LIST_199
025,2301,57,HOLIDAY_LIST_200
001,9173,60,HOLIDAY_LIST_201
002,4512,0,HOLIDAY_LIST_202
003,9559,14,HOLIDAY_LIST_203
004,9959,42,HOLIDAY_LIST_204
005,4989,15,HOLIDAY_LIST_205
006,7482,29,HOLIDAY_LIST_206
007,7201,42,HOLIDAY_LIST_207
008,5516,67,HOLIDAY_LIST_208
009,2000,83,HOLIDAY_LIST_209
010,5601,9,HOLIDAY_LIST_210
011,6070,14,HOLIDAY_LIST_211
012,1107,54,HOLIDAY_LIST_212
013,4884,51,HOLIDAY_LIST_213
014,5757,89,HOLIDAY_LIST_214
015,4235,7,HOLIDAY_LIST_215
016,1516,65,HOLIDAY_LIST_216
017,4206,28,HOLIDAY_LIST_217
018,5612,32,HOLIDAY_LIST_218
019,9525,87,HOLIDAY_LIST_219
020,4861,33,HOLIDAY_LIST_220
021,4317,18,HOLIDAY_LIST_221
022,8853,38,HOLIDAY_LIST_222
023,5815,64,HOLIDAY_LIST_223
024,9721,36,HOLIDAY_LIST_224
025,242,63,HOLIDAY_LIST_225
001,4091,21,HOLIDAY_LIST_226
002,1221,74,HOLIDAY_LIST_227
003,6388,35,HOLIDAY_LIST_228
004,8395,43,HOLIDAY_LIST_229
005,6871,13,HOLIDAY_LIST_230
006,3590,37,HOLIDAY_LIST_231
007,6872,21,HOLIDAY_LIST_232
008,4128,16,HOLIDAY_LIST_233
009,64,67,HOLIDAY_LIST_234
010,2860,55,HOLIDAY_LIST_235
011,140,48,HOLIDAY_LIST_236
012,4200,67,HOLIDAY_LIST_237
013,7,47,HOLIDAY_LIST_238
014,1790,99,HOLIDAY_LIST_239
015,7390,48,HOLIDAY_LIST_240
016,4215,35,HOLIDAY_LIST_241
017,1221,27,HOLIDAY_LIST_242
018,7223,95,HOLIDAY_LIST_243
019,645,21,HOLIDAY_LIST_244
020,7441,89,HOLIDAY_LIST_245
021,6289,58,HOLIDAY_LIST_246
022,7846,44,HOLIDAY_LIST_247
023,3289,72,HOLIDAY_LIST_248
024,2752,78,HOLIDAY_LIST_249
025,3405,95,HOLIDAY_LIST_250
001,1759,6,HOLIDAY_LIST_251
002,6027,64,HOLIDAY_LIST_252
003,5041,80,HOLIDAY_LIST_253
004,557,51,HOLIDAY_LIST_254
005,7248,94,HOLIDAY_LIST_255
006,405,51,HOLIDAY_LIST_256
007,9115,41,HOLIDAY_LIST_257
008,5161,72,HOLIDAY_LIST_258
009,4233,61,HOLIDAY_LIST_259
010,1718,37,HOLIDAY_LIST_260
011,7010,36,HOLIDAY_LIST_261
012,6424,39,HOLIDAY_LIST_262
013,8655,23,HOLIDAY_LIST_263
014,2566,63,HOLIDAY_LIST_264
015,3777,93,HOLIDAY_LIST_265
016,755,45,HOLIDAY_LIST_266
017,9934,98,HOLIDAY_LIST_267
018,6550,40,HOLIDAY_LIST_268
019,2189,69,HOLIDAY_LIST_269
020,1779,62,HOLIDAY_LIST_270
021,8526,68,HOLIDAY_LIST_271
022,6043,25,HOLIDAY_LIST_272
023,6207,15,HOLIDAY_LIST_273
024,7985,26,HOLIDAY_LIST_274
025,4441,24,HOLIDAY_LIST_275
001,6332,83,HOLIDAY_LIST_276
002,4012,65,HOLIDAY_LIST_277
003,3838,27,HOLIDAY_LIST_278
004,2836,72,HOLIDAY_LIST_279
005,1812,10,HOLIDAY_LIST_280
006,249,89,HOLIDAY_LIST_281
007,7161,38,HOLIDAY_LIST_282
008,7764,12,HOLIDAY_LIST_283
009,6474,88,HOLIDAY_LIST_284
010,1723,8,HOLIDAY_LIST_285
011,5504,48,HOLIDAY_LIST_286
012,6354,66,HOLIDAY_LIST_287
013,2233,6,HOLIDAY_LIST_288
014,186,27,HOLIDAY_LIST_289
015,3132,83,HOLIDAY_LIST_290
016,71,78,HOLIDAY_LIST_291
017,8649,11,HOLIDAY_LIST_292
018,9828,1,HOLIDAY_LIST_293
019,3624,54,HOLIDAY_LIST_294
020,9271,97,HOLIDAY_LIST_295
021,3494,78,HOLIDAY_LIST_296
022,2522,61,HOLIDAY_LIST_297
023,9569,83,HOLIDAY_LIST_298
024,6136,99,HOLIDAY_LIST_299
025,9778,67,HOLIDAY_LIST_300
001,860,94,HOLIDAY_LIST_301
002,247,64,HOLIDAY_LIST_302
003,1348,2,HOLIDAY_LIST_303
004,8352,9,HOLIDAY_LIST_304
005,2571,26,HOLIDAY_LIST_305
006,7933,32,HOLIDAY_LIST_306
007,6442,3,HOLIDAY_LIST_307
008,7711,73,HOLIDAY_LIST_308
009,5859,59,HOLIDAY_LIST_309
010,1621,53,HOLIDAY_LIST_310
011,5247,31,HOLIDAY_LIST_311
012,5760,30,HOLIDAY_LIST_312
013,107,55,HOLIDAY_LIST_313
014,7602,41,HOLIDAY_LIST_314
015,7135,22,HOLIDAY_LIST_315
016,8491,61,HOLIDAY_LIST_316
017,6370,19,HOLIDAY_LIST_317
018,9464,68,HOLIDAY_LIST_318
019,3121,5,HOLIDAY_LIST_319
020,1209,72,HOLIDAY_LIST_320
021,8042,54,HOLIDAY_LIST_321
022,2585,55,HOLIDAY_LIST_322
023,9496,0,HOLIDAY_LIST_323
024,9437,77,HOLIDAY_LIST_324
025,8608,87,HOLIDAY_LIST_325
001,6072,86,HOLIDAY_LIST_326
002,5584,64,HOLIDAY_LIST_327
003,1509,69,HOLIDAY_LIST_328
004,4666,85,HOLIDAY_LIST_329
005,9686,0,HOLIDAY_LIST_330
006,3842,75,HOLIDAY_LIST_331
007,261,60,HOLIDAY_LIST_332
008,785,87,HOLIDAY_LIST_333
009,7650,91,HOLIDAY_LIST_334
010,4327,64,HOLIDAY_LIST_335
011,502,83,HOLIDAY_LIST_336
012,645,55,HOLIDAY_LIST_337
013,6634,20,HOLIDAY_LIST_338
014,9134,72,HOLIDAY_LIST_339
015,5462,50,HOLIDAY_LIST_340
016,8767,83,HOLIDAY_LIST_341
017,3227,35,HOLIDAY_LIST_342
018,6959,33,HOLIDAY_LIST_343
019,7272,39,HOLIDAY_LIST_344
020,1769,26,HOLIDAY_LIST_345
021,1901,23,HOLIDAY_LIST_346
022,174,82,HOLIDAY_LIST_347
023,9080,99,HOLIDAY_LIST_348
024,4785,60,HOLIDAY_LIST_349
025,266,5,HOLIDAY_LIST_350
001,6566,6,HOLIDAY_LIST_351
002,6640,67,HOLIDAY_LIST_352
003,8627,96,HOLIDAY_LIST_353
004,3658,44,HOLIDAY_LIST_354
005,2817,19,HOLIDAY_LIST_355
006,2438,16,HOLIDAY_LIST_356
007,6854,58,HOLIDAY_LIST_357
008,5613,70,HOLIDAY_LIST_358
009,462,15,HOLIDAY_LIST_359
010,6950,44,HOLIDAY_LIST_360
011,4923,78,HOLIDAY_LIST_361
012,2131,44,HOLIDAY_LIST_362
013,6020,4,HOLIDAY_LIST_363
014,9731,64,HOLIDAY_LIST_364
015,6429,10,HOLIDAY_LIST_365
016,4228,50,HOLIDAY_LIST_366
017,3198,87,HOLIDAY_LIST_367
