TRN_CODE,TRN_DESC,TRN_SWIFT_CODE,AVL_INFO,CHEQUE_MANDATORY,IC_TXN_COUNT,IC_TOVER_INCLUSION,CONSIDER_FOR_ACTIVITY,MIS_HEAD,MOD_NO,MAKER_DT_STAMP,RECORD_STAT,AUTH_STAT,ONCE_AUTH,MAKER_ID,NEW_VAL_DATE,AVL_DAYS,CHECKER_DT_STAMP,CHECKER_ID,UNIT_COST,AVAILABILITY_HOUR,AVAILABILITY_MINUTE,CHK_BALANCE_IN_BATCH,CHK_BALANCE_IN_ONLINE,ALLOW_DIRECT_SELECTION,IGNORE_DR_INDICATOR,IGNORE_CR_INDICATOR,AML_MONITORING,PRODUCT_CAT,DRCR_BATCH_ADV,DETAILED_FUNCOL,MANUALLY_AVAILABLE,DRCR_GEN_EVENT,BRANCH_RESTRICTION,ALLOW_BRN_RES,MODULE_RESTRICTION,CHECK_FCY_HOLIDAY,CHG_UNCOL_FUND,COMPENSATION_BASIS,COMPENSATION_DAYS,IS_TAX_ENTRY,IGNORE_LM_BVT_PROCESSING,CHK_RESET,BAL_CHK_ONLINE,BAL_CHK_BATCH,DELINQUENCY_PRODUCT,IC_TXN_COUNT_NUMBER,AVAIL_BAL_REQD,IC_PENALTY,IC_BAL_INCLUSION,INTRADAY_RELEASE,IB_IN_LCY,ALT_TRN_CODE,BLK_TODAY_REVR_IN_STMT,DEBIT_TAX_REQD,REFERENTIAL_ENTRY,INCLUDE_LOC_BAL,INCLUDE_OD_LIMIT,UNBLOCK_UMBERELLA_LOC_ONLINE,INCLUDE_TEMP_OD,PARTIAL_DR_TXN_ALLOWED,IC_TXN_COUNT_DECREASE
ATM,Synthetic banking trn_desc row 1,TRN,A,C,I,I,C,MIS_HEAD_,1418,2026-01-01,O,U,Y,MAKER_ID_1,N,30,2026-01-01,CHECKER_ID_1,646800.000,81,93,C,C,A,I,I,A,SAV1,D,D,M,D,0,A,M,C,C,C,0,I,I,C,B,B,SAV1,1,A,I,I,I,I,ATM,B,D,R,I,I,U,I,P,I
DEP,Synthetic banking trn_desc row 2,TRN,A,C,I,I,C,MIS_HEAD_,6919,2026-01-02,O,A,Y,MAKER_ID_2,N,19,2026-01-02,CHECKER_ID_2,275316.000,31,98,C,C,A,I,I,A,CURR,C,D,M,C,0,A,M,C,C,C,21,I,I,C,B,B,CURR,20,A,I,I,I,I,DEP,B,D,R,I,I,U,I,P,I
WDR,Synthetic banking trn_desc row 3,TRN,A,C,I,I,C,MIS_HEAD_,5682,2026-01-03,O,A,Y,MAKER_ID_3,N,17,2026-01-03,CHECKER_ID_3,806129.000,77,6,C,C,A,I,I,A,LOAN,D,D,M,D,0,A,M,C,C,C,7,I,I,C,B,B,LOAN,17,A,I,I,I,I,WDR,B,D,R,I,I,U,I,P,I
TRF,Synthetic banking trn_desc row 4,TRN,A,C,I,I,C,MIS_HEAD_,4424,2026-01-04,O,A,Y,MAKER_ID_4,N,24,2026-01-04,CHECKER_ID_4,987272.000,16,81,C,C,A,I,I,A,TD01,C,D,M,C,0,A,M,C,C,C,7,I,I,C,B,B,TD01,26,A,I,I,I,I,TRF,B,D,R,I,I,U,I,P,I
FEE,Synthetic banking trn_desc row 5,TRN,A,C,I,I,C,MIS_HEAD_,7019,2026-01-05,O,A,Y,MAKER_ID_5,N,27,2026-01-05,CHECKER_ID_5,62212.000,16,27,C,C,A,I,I,A,CARD,D,D,M,D,0,A,M,C,C,C,9,I,I,C,B,B,CARD,29,A,I,I,I,I,FEE,B,D,R,I,I,U,I,P,I
INT,Synthetic banking trn_desc row 6,TRN,A,C,I,I,C,MIS_HEAD_,7788,2026-01-06,O,A,Y,MAKER_ID_6,N,9,2026-01-06,CHECKER_ID_6,828850.000,89,41,C,C,A,I,I,A,CLRG,C,D,M,C,0,A,M,C,C,C,17,I,I,C,B,B,CLRG,31,A,I,I,I,I,INT,B,D,R,I,I,U,I,P,I
REV,Synthetic banking trn_desc row 7,TRN,A,C,I,I,C,MIS_HEAD_,9120,2026-01-07,O,A,Y,MAKER_ID_7,N,15,2026-01-07,CHECKER_ID_7,73365.000,40,99,C,C,A,I,I,A,SAV1,D,D,M,D,0,A,M,C,C,C,22,I,I,C,B,B,SAV1,35,A,I,I,I,I,REV,B,D,R,I,I,U,I,P,I
PAY,Synthetic banking trn_desc row 8,TRN,A,C,I,I,C,MIS_HEAD_,8216,2026-01-08,O,A,Y,MAKER_ID_8,N,21,2026-01-08,CHECKER_ID_8,300467.000,19,30,C,C,A,I,I,A,CURR,C,D,M,C,0,A,M,C,C,C,8,I,I,C,B,B,CURR,3,A,I,I,I,I,PAY,B,D,R,I,I,U,I,P,I
ATM,Synthetic banking trn_desc row 9,TRN,A,C,I,I,C,MIS_HEAD_,277,2026-01-09,O,A,Y,MAKER_ID_9,N,23,2026-01-09,CHECKER_ID_9,404696.000,21,50,C,C,A,I,I,A,LOAN,D,D,M,D,0,A,M,C,C,C,19,I,I,C,B,B,LOAN,19,A,I,I,I,I,ATM,B,D,R,I,I,U,I,P,I
DEP,Synthetic banking trn_desc row 10,TRN,A,C,I,I,C,MIS_HEAD_,4813,2026-01-10,O,A,Y,MAKER_ID_10,N,19,2026-01-10,CHECKER_ID_1,381374.000,98,40,C,C,A,I,I,A,TD01,C,D,M,C,0,A,M,C,C,C,27,I,I,C,B,B,TD01,13,A,I,I,I,I,DEP,B,D,R,I,I,U,I,P,I
WDR,Synthetic banking trn_desc row 11,TRN,A,C,I,I,C,MIS_HEAD_,1943,2026-01-11,O,A,Y,MAKER_ID_11,N,11,2026-01-11,CHECKER_ID_1,31365.000,39,94,C,C,A,I,I,A,CARD,D,D,M,D,0,A,M,C,C,C,13,I,I,C,B,B,CARD,7,A,I,I,I,I,WDR,B,D,R,I,I,U,I,P,I
TRF,Synthetic banking trn_desc row 12,TRN,A,C,I,I,C,MIS_HEAD_,348,2026-01-12,O,A,Y,MAKER_ID_12,N,23,2026-01-12,CHECKER_ID_1,643188.000,81,72,C,C,A,I,I,A,CLRG,C,D,M,C,0,A,M,C,C,C,24,I,I,C,B,B,CLRG,19,A,I,I,I,I,TRF,B,D,R,I,I,U,I,P,I
FEE,Synthetic banking trn_desc row 13,TRN,A,C,I,I,C,MIS_HEAD_,7434,2026-01-13,O,A,Y,MAKER_ID_13,N,20,2026-01-13,CHECKER_ID_1,998352.000,32,81,C,C,A,I,I,A,SAV1,D,D,M,D,0,A,M,C,C,C,9,I,I,C,B,B,SAV1,23,A,I,I,I,I,FEE,B,D,R,I,I,U,I,P,I
INT,Synthetic banking trn_desc row 14,TRN,A,C,I,I,C,MIS_HEAD_,5164,2026-01-14,O,A,Y,MAKER_ID_14,N,29,2026-01-14,CHECKER_ID_1,297414.000,27,20,C,C,A,I,I,A,CURR,C,D,M,C,0,A,M,C,C,C,14,I,I,C,B,B,CURR,12,A,I,I,I,I,INT,B,D,R,I,I,U,I,P,I
REV,Synthetic banking trn_desc row 15,TRN,A,C,I,I,C,MIS_HEAD_,1511,2026-01-15,O,A,Y,MAKER_ID_15,N,21,2026-01-15,CHECKER_ID_1,118869.000,47,51,C,C,A,I,I,A,LOAN,D,D,M,D,0,A,M,C,C,C,14,I,I,C,B,B,LOAN,17,A,I,I,I,I,REV,B,D,R,I,I,U,I,P,I
PAY,Synthetic banking trn_desc row 16,TRN,A,C,I,I,C,MIS_HEAD_,6477,2026-01-16,O,A,Y,MAKER_ID_16,N,19,2026-01-16,CHECKER_ID_1,444438.000,49,80,C,C,A,I,I,A,TD01,C,D,M,C,0,A,M,C,C,C,5,I,I,C,B,B,TD01,13,A,I,I,I,I,PAY,B,D,R,I,I,U,I,P,I
ATM,Synthetic banking trn_desc row 17,TRN,A,C,I,I,C,MIS_HEAD_,6382,2026-01-17,O,A,Y,MAKER_ID_17,N,22,2026-01-17,CHECKER_ID_1,266587.000,30,18,C,C,A,I,I,A,CARD,D,D,M,D,0,A,M,C,C,C,30,I,I,C,B,B,CARD,34,A,I,I,I,I,ATM,B,D,R,I,I,U,I,P,I
DEP,Synthetic banking trn_desc row 18,TRN,A,C,I,I,C,MIS_HEAD_,5900,2026-01-18,O,A,Y,MAKER_ID_18,N,10,2026-01-18,CHECKER_ID_1,678430.000,21,86,C,C,A,I,I,A,CLRG,C,D,M,C,0,A,M,C,C,C,25,I,I,C,B,B,CLRG,8,A,I,I,I,I,DEP,B,D,R,I,I,U,I,P,I
WDR,Synthetic banking trn_desc row 19,TRN,A,C,I,I,C,MIS_HEAD_,8867,2026-01-19,O,A,Y,MAKER_ID_19,N,25,2026-01-19,CHECKER_ID_1,1163.000,2,26,C,C,A,I,I,A,SAV1,D,D,M,D,0,A,M,C,C,C,29,I,I,C,B,B,SAV1,31,A,I,I,I,I,WDR,B,D,R,I,I,U,I,P,I
TRF,Synthetic banking trn_desc row 20,TRN,A,C,I,I,C,MIS_HEAD_,4269,2026-01-20,O,A,Y,MAKER_ID_20,N,10,2026-01-20,CHECKER_ID_2,269571.000,6,59,C,C,A,I,I,A,CURR,C,D,M,C,0,A,M,C,C,C,23,I,I,C,B,B,CURR,12,A,I,I,I,I,TRF,B,D,R,I,I,U,I,P,I
FEE,Synthetic banking trn_desc row 21,TRN,A,C,I,I,C,MIS_HEAD_,100,2026-01-21,O,A,Y,MAKER_ID_21,N,21,2026-01-21,CHECKER_ID_2,191478.000,61,30,C,C,A,I,I,A,LOAN,D,D,M,D,0,A,M,C,C,C,28,I,I,C,B,B,LOAN,35,A,I,I,I,I,FEE,B,D,R,I,I,U,I,P,I
INT,Synthetic banking trn_desc row 22,TRN,A,C,I,I,C,MIS_HEAD_,8178,2026-01-22,O,A,Y,MAKER_ID_22,N,5,2026-01-22,CHECKER_ID_2,538254.000,76,68,C,C,A,I,I,A,TD01,C,D,M,C,0,A,M,C,C,C,13,I,I,C,B,B,TD01,1,A,I,I,I,I,INT,B,D,R,I,I,U,I,P,I
REV,Synthetic banking trn_desc row 23,TRN,A,C,I,I,C,MIS_HEAD_,6658,2026-01-23,O,A,Y,MAKER_ID_23,N,35,2026-01-23,CHECKER_ID_2,170387.000,7,91,C,C,A,I,I,A,CARD,D,D,M,D,0,A,M,C,C,C,25,I,I,C,B,B,CARD,13,A,I,I,I,I,REV,B,D,R,I,I,U,I,P,I
PAY,Synthetic banking trn_desc row 24,TRN,A,C,I,I,C,MIS_HEAD_,7059,2026-01-24,O,U,Y,MAKER_ID_24,N,10,2026-01-24,CHECKER_ID_2,901479.000,7,59,C,C,A,I,I,A,CLRG,C,D,M,C,0,A,M,C,C,C,10,I,I,C,B,B,CLRG,28,A,I,I,I,I,PAY,B,D,R,I,I,U,I,P,I
ATM,Synthetic banking trn_desc row 25,TRN,A,C,I,I,C,MIS_HEAD_,4189,2026-01-25,O,A,Y,MAKER_ID_25,N,6,2026-01-25,CHECKER_ID_2,252036.000,29,34,C,C,A,I,I,A,SAV1,D,D,M,D,0,A,M,C,C,C,25,I,I,C,B,B,SAV1,27,A,I,I,I,I,ATM,B,D,R,I,I,U,I,P,I
DEP,Synthetic banking trn_desc row 26,TRN,A,C,I,I,C,MIS_HEAD_,6434,2026-01-26,O,A,Y,MAKER_ID_26,N,32,2026-01-26,CHECKER_ID_2,931499.000,45,39,C,C,A,I,I,A,CURR,C,D,M,C,0,A,M,C,C,C,20,I,I,C,B,B,CURR,18,A,I,I,I,I,DEP,B,D,R,I,I,U,I,P,I
WDR,Synthetic banking trn_desc row 27,TRN,A,C,I,I,C,MIS_HEAD_,3864,2026-01-27,O,A,Y,MAKER_ID_27,N,22,2026-01-27,CHECKER_ID_2,979564.000,92,45,C,C,A,I,I,A,LOAN,D,D,M,D,0,A,M,C,C,C,30,I,I,C,B,B,LOAN,1,A,I,I,I,I,WDR,B,D,R,I,I,U,I,P,I
TRF,Synthetic banking trn_desc row 28,TRN,A,C,I,I,C,MIS_HEAD_,3419,2026-01-28,O,A,Y,MAKER_ID_28,N,9,2026-01-28,CHECKER_ID_2,274157.000,7,37,C,C,A,I,I,A,TD01,C,D,M,C,0,A,M,C,C,C,21,I,I,C,B,B,TD01,6,A,I,I,I,I,TRF,B,D,R,I,I,U,I,P,I
FEE,Synthetic banking trn_desc row 29,TRN,A,C,I,I,C,MIS_HEAD_,1209,2026-01-29,O,A,Y,MAKER_ID_29,N,9,2026-01-29,CHECKER_ID_2,996921.000,35,47,C,C,A,I,I,A,CARD,D,D,M,D,0,A,M,C,C,C,13,I,I,C,B,B,CARD,12,A,I,I,I,I,FEE,B,D,R,I,I,U,I,P,I
INT,Synthetic banking trn_desc row 30,TRN,A,C,I,I,C,MIS_HEAD_,6404,2026-01-30,O,A,Y,MAKER_ID_30,N,24,2026-01-30,CHECKER_ID_3,983013.000,30,8,C,C,A,I,I,A,CLRG,C,D,M,C,0,A,M,C,C,C,26,I,I,C,B,B,CLRG,24,A,I,I,I,I,INT,B,D,R,I,I,U,I,P,I
REV,Synthetic banking trn_desc row 31,TRN,A,C,I,I,C,MIS_HEAD_,953,2026-01-31,O,A,Y,MAKER_ID_31,N,34,2026-01-31,CHECKER_ID_3,643165.000,4,35,C,C,A,I,I,A,SAV1,D,D,M,D,0,A,M,C,C,C,11,I,I,C,B,B,SAV1,17,A,I,I,I,I,REV,B,D,R,I,I,U,I,P,I
PAY,Synthetic banking trn_desc row 32,TRN,A,C,I,I,C,MIS_HEAD_,7813,2026-02-01,O,A,Y,MAKER_ID_32,N,20,2026-02-01,CHECKER_ID_3,387761.000,45,94,C,C,A,I,I,A,CURR,C,D,M,C,0,A,M,C,C,C,1,I,I,C,B,B,CURR,11,A,I,I,I,I,PAY,B,D,R,I,I,U,I,P,I
ATM,Synthetic banking trn_desc row 33,TRN,A,C,I,I,C,MIS_HEAD_,1049,2026-02-02,O,A,Y,MAKER_ID_33,N,3,2026-02-02,CHECKER_ID_3,301484.000,19,87,C,C,A,I,I,A,LOAN,D,D,M,D,0,A,M,C,C,C,19,I,I,C,B,B,LOAN,3,A,I,I,I,I,ATM,B,D,R,I,I,U,I,P,I
DEP,Synthetic banking trn_desc row 34,TRN,A,C,I,I,C,MIS_HEAD_,9119,2026-02-03,O,A,Y,MAKER_ID_34,N,7,2026-02-03,CHECKER_ID_3,693064.000,86,66,C,C,A,I,I,A,TD01,C,D,M,C,0,A,M,C,C,C,32,I,I,C,B,B,TD01,23,A,I,I,I,I,DEP,B,D,R,I,I,U,I,P,I
WDR,Synthetic banking trn_desc row 35,TRN,A,C,I,I,C,MIS_HEAD_,4235,2026-02-04,O,A,Y,MAKER_ID_35,N,12,2026-02-04,CHECKER_ID_3,490364.000,35,75,C,C,A,I,I,A,CARD,D,D,M,D,0,A,M,C,C,C,3,I,I,C,B,B,CARD,33,A,I,I,I,I,WDR,B,D,R,I,I,U,I,P,I
TRF,Synthetic banking trn_desc row 36,TRN,A,C,I,I,C,MIS_HEAD_,3540,2026-02-05,O,A,Y,MAKER_ID_36,N,19,2026-02-05,CHECKER_ID_3,591148.000,59,79,C,C,A,I,I,A,CLRG,C,D,M,C,0,A,M,C,C,C,35,I,I,C,B,B,CLRG,8,A,I,I,I,I,TRF,B,D,R,I,I,U,I,P,I
FEE,Synthetic banking trn_desc row 37,TRN,A,C,I,I,C,MIS_HEAD_,5198,2026-02-06,O,A,Y,MAKER_ID_37,N,31,2026-02-06,CHECKER_ID_3,807833.000,30,13,C,C,A,I,I,A,SAV1,D,D,M,D,0,A,M,C,C,C,2,I,I,C,B,B,SAV1,30,A,I,I,I,I,FEE,B,D,R,I,I,U,I,P,I
INT,Synthetic banking trn_desc row 38,TRN,A,C,I,I,C,MIS_HEAD_,6182,2026-02-07,O,A,Y,MAKER_ID_38,N,20,2026-02-07,CHECKER_ID_3,321476.000,55,28,C,C,A,I,I,A,CURR,C,D,M,C,0,A,M,C,C,C,5,I,I,C,B,B,CURR,5,A,I,I,I,I,INT,B,D,R,I,I,U,I,P,I
REV,Synthetic banking trn_desc row 39,TRN,A,C,I,I,C,MIS_HEAD_,7610,2026-02-08,O,A,Y,MAKER_ID_39,N,21,2026-02-08,CHECKER_ID_3,619716.000,15,71,C,C,A,I,I,A,LOAN,D,D,M,D,0,A,M,C,C,C,17,I,I,C,B,B,LOAN,9,A,I,I,I,I,REV,B,D,R,I,I,U,I,P,I
PAY,Synthetic banking trn_desc row 40,TRN,A,C,I,I,C,MIS_HEAD_,4549,2026-02-09,O,A,Y,MAKER_ID_40,N,28,2026-02-09,CHECKER_ID_4,203846.000,8,71,C,C,A,I,I,A,TD01,C,D,M,C,0,A,M,C,C,C,19,I,I,C,B,B,TD01,33,A,I,I,I,I,PAY,B,D,R,I,I,U,I,P,I
ATM,Synthetic banking trn_desc row 41,TRN,A,C,I,I,C,MIS_HEAD_,331,2026-02-10,O,A,Y,MAKER_ID_41,N,30,2026-02-10,CHECKER_ID_4,561374.000,36,45,C,C,A,I,I,A,CARD,D,D,M,D,0,A,M,C,C,C,6,I,I,C,B,B,CARD,1,A,I,I,I,I,ATM,B,D,R,I,I,U,I,P,I
DEP,Synthetic banking trn_desc row 42,TRN,A,C,I,I,C,MIS_HEAD_,2269,2026-02-11,O,A,Y,MAKER_ID_42,N,18,2026-02-11,CHECKER_ID_4,598788.000,25,14,C,C,A,I,I,A,CLRG,C,D,M,C,0,A,M,C,C,C,2,I,I,C,B,B,CLRG,25,A,I,I,I,I,DEP,B,D,R,I,I,U,I,P,I
WDR,Synthetic banking trn_desc row 43,TRN,A,C,I,I,C,MIS_HEAD_,6225,2026-02-12,O,A,Y,MAKER_ID_43,N,16,2026-02-12,CHECKER_ID_4,334828.000,97,8,C,C,A,I,I,A,SAV1,D,D,M,D,0,A,M,C,C,C,15,I,I,C,B,B,SAV1,36,A,I,I,I,I,WDR,B,D,R,I,I,U,I,P,I
TRF,Synthetic banking trn_desc row 44,TRN,A,C,I,I,C,MIS_HEAD_,7993,2026-02-13,O,A,Y,MAKER_ID_44,N,35,2026-02-13,CHECKER_ID_4,166602.000,44,76,C,C,A,I,I,A,CURR,C,D,M,C,0,A,M,C,C,C,28,I,I,C,B,B,CURR,15,A,I,I,I,I,TRF,B,D,R,I,I,U,I,P,I
FEE,Synthetic banking trn_desc row 45,TRN,A,C,I,I,C,MIS_HEAD_,9359,2026-02-14,O,A,Y,MAKER_ID_45,N,24,2026-02-14,CHECKER_ID_4,452858.000,25,66,C,C,A,I,I,A,LOAN,D,D,M,D,0,A,M,C,C,C,27,I,I,C,B,B,LOAN,25,A,I,I,I,I,FEE,B,D,R,I,I,U,I,P,I
INT,Synthetic banking trn_desc row 46,TRN,A,C,I,I,C,MIS_HEAD_,3312,2026-02-15,O,A,Y,MAKER_ID_46,N,25,2026-02-15,CHECKER_ID_4,469625.000,43,98,C,C,A,I,I,A,TD01,C,D,M,C,0,A,M,C,C,C,18,I,I,C,B,B,TD01,22,A,I,I,I,I,INT,B,D,R,I,I,U,I,P,I
REV,Synthetic banking trn_desc row 47,TRN,A,C,I,I,C,MIS_HEAD_,922,2026-02-16,O,U,Y,MAKER_ID_47,N,26,2026-02-16,CHECKER_ID_4,853622.000,60,63,C,C,A,I,I,A,CARD,D,D,M,D,0,A,M,C,C,C,19,I,I,C,B,B,CARD,24,A,I,I,I,I,REV,B,D,R,I,I,U,I,P,I
PAY,Synthetic banking trn_desc row 48,TRN,A,C,I,I,C,MIS_HEAD_,6585,2026-02-17,O,A,Y,MAKER_ID_48,N,28,2026-02-17,CHECKER_ID_4,315376.000,78,14,C,C,A,I,I,A,CLRG,C,D,M,C,0,A,M,C,C,C,17,I,I,C,B,B,CLRG,2,A,I,I,I,I,PAY,B,D,R,I,I,U,I,P,I
ATM,Synthetic banking trn_desc row 49,TRN,A,C,I,I,C,MIS_HEAD_,2828,2026-02-18,O,A,Y,MAKER_ID_49,N,3,2026-02-18,CHECKER_ID_4,903652.000,18,54,C,C,A,I,I,A,SAV1,D,D,M,D,0,A,M,C,C,C,21,I,I,C,B,B,SAV1,15,A,I,I,I,I,ATM,B,D,R,I,I,U,I,P,I
DEP,Synthetic banking trn_desc row 50,TRN,A,C,I,I,C,MIS_HEAD_,4870,2026-02-19,O,A,Y,MAKER_ID_50,N,23,2026-02-19,CHECKER_ID_5,609645.000,30,39,C,C,A,I,I,A,CURR,C,D,M,C,0,A,M,C,C,C,21,I,I,C,B,B,CURR,11,A,I,I,I,I,DEP,B,D,R,I,I,U,I,P,I
WDR,Synthetic banking trn_desc row 51,TRN,A,C,I,I,C,MIS_HEAD_,7635,2026-02-20,O,A,Y,MAKER_ID_51,N,4,2026-02-20,CHECKER_ID_5,140750.000,1,15,C,C,A,I,I,A,LOAN,D,D,M,D,0,A,M,C,C,C,6,I,I,C,B,B,LOAN,14,A,I,I,I,I,WDR,B,D,R,I,I,U,I,P,I
TRF,Synthetic banking trn_desc row 52,TRN,A,C,I,I,C,MIS_HEAD_,6917,2026-02-21,O,A,Y,MAKER_ID_52,N,25,2026-02-21,CHECKER_ID_5,770314.000,83,82,C,C,A,I,I,A,TD01,C,D,M,C,0,A,M,C,C,C,23,I,I,C,B,B,TD01,26,A,I,I,I,I,TRF,B,D,R,I,I,U,I,P,I
FEE,Synthetic banking trn_desc row 53,TRN,A,C,I,I,C,MIS_HEAD_,9646,2026-02-22,O,A,Y,MAKER_ID_53,N,29,2026-02-22,CHECKER_ID_5,779307.000,26,5,C,C,A,I,I,A,CARD,D,D,M,D,0,A,M,C,C,C,36,I,I,C,B,B,CARD,31,A,I,I,I,I,FEE,B,D,R,I,I,U,I,P,I
INT,Synthetic banking trn_desc row 54,TRN,A,C,I,I,C,MIS_HEAD_,5631,2026-02-23,O,A,Y,MAKER_ID_54,N,15,2026-02-23,CHECKER_ID_5,770976.000,11,56,C,C,A,I,I,A,CLRG,C,D,M,C,0,A,M,C,C,C,20,I,I,C,B,B,CLRG,5,A,I,I,I,I,INT,B,D,R,I,I,U,I,P,I
REV,Synthetic banking trn_desc row 55,TRN,A,C,I,I,C,MIS_HEAD_,1170,2026-02-24,O,A,Y,MAKER_ID_55,N,22,2026-02-24,CHECKER_ID_5,706666.000,83,5,C,C,A,I,I,A,SAV1,D,D,M,D,0,A,M,C,C,C,36,I,I,C,B,B,SAV1,35,A,I,I,I,I,REV,B,D,R,I,I,U,I,P,I
PAY,Synthetic banking trn_desc row 56,TRN,A,C,I,I,C,MIS_HEAD_,8609,2026-02-25,O,A,Y,MAKER_ID_56,N,0,2026-02-25,CHECKER_ID_5,248242.000,4,14,C,C,A,I,I,A,CURR,C,D,M,C,0,A,M,C,C,C,32,I,I,C,B,B,CURR,4,A,I,I,I,I,PAY,B,D,R,I,I,U,I,P,I
ATM,Synthetic banking trn_desc row 57,TRN,A,C,I,I,C,MIS_HEAD_,8284,2026-02-26,O,A,Y,MAKER_ID_57,N,5,2026-02-26,CHECKER_ID_5,532324.000,39,19,C,C,A,I,I,A,LOAN,D,D,M,D,0,A,M,C,C,C,35,I,I,C,B,B,LOAN,29,A,I,I,I,I,ATM,B,D,R,I,I,U,I,P,I
DEP,Synthetic banking trn_desc row 58,TRN,A,C,I,I,C,MIS_HEAD_,8996,2026-02-27,O,A,Y,MAKER_ID_58,N,15,2026-02-27,CHECKER_ID_5,173361.000,53,84,C,C,A,I,I,A,TD01,C,D,M,C,0,A,M,C,C,C,18,I,I,C,B,B,TD01,10,A,I,I,I,I,DEP,B,D,R,I,I,U,I,P,I
WDR,Synthetic banking trn_desc row 59,TRN,A,C,I,I,C,MIS_HEAD_,309,2026-02-28,O,A,Y,MAKER_ID_59,N,9,2026-02-28,CHECKER_ID_5,885697.000,41,14,C,C,A,I,I,A,CARD,D,D,M,D,0,A,M,C,C,C,3,I,I,C,B,B,CARD,29,A,I,I,I,I,WDR,B,D,R,I,I,U,I,P,I
TRF,Synthetic banking trn_desc row 60,TRN,A,C,I,I,C,MIS_HEAD_,3450,2026-03-01,O,A,Y,MAKER_ID_60,N,26,2026-03-01,CHECKER_ID_6,417672.000,40,49,C,C,A,I,I,A,CLRG,C,D,M,C,0,A,M,C,C,C,36,I,I,C,B,B,CLRG,30,A,I,I,I,I,TRF,B,D,R,I,I,U,I,P,I
FEE,Synthetic banking trn_desc row 61,TRN,A,C,I,I,C,MIS_HEAD_,4133,2026-03-02,O,A,Y,MAKER_ID_61,N,6,2026-03-02,CHECKER_ID_6,271789.000,62,7,C,C,A,I,I,A,SAV1,D,D,M,D,0,A,M,C,C,C,15,I,I,C,B,B,SAV1,20,A,I,I,I,I,FEE,B,D,R,I,I,U,I,P,I
INT,Synthetic banking trn_desc row 62,TRN,A,C,I,I,C,MIS_HEAD_,2444,2026-03-03,O,A,Y,MAKER_ID_62,N,20,2026-03-03,CHECKER_ID_6,54380.000,93,51,C,C,A,I,I,A,CURR,C,D,M,C,0,A,M,C,C,C,21,I,I,C,B,B,CURR,28,A,I,I,I,I,INT,B,D,R,I,I,U,I,P,I
REV,Synthetic banking trn_desc row 63,TRN,A,C,I,I,C,MIS_HEAD_,2865,2026-03-04,O,A,Y,MAKER_ID_63,N,32,2026-03-04,CHECKER_ID_6,305079.000,15,86,C,C,A,I,I,A,LOAN,D,D,M,D,0,A,M,C,C,C,20,I,I,C,B,B,LOAN,10,A,I,I,I,I,REV,B,D,R,I,I,U,I,P,I
PAY,Synthetic banking trn_desc row 64,TRN,A,C,I,I,C,MIS_HEAD_,7409,2026-03-05,O,A,Y,MAKER_ID_64,N,26,2026-03-05,CHECKER_ID_6,763076.000,15,13,C,C,A,I,I,A,TD01,C,D,M,C,0,A,M,C,C,C,30,I,I,C,B,B,TD01,36,A,I,I,I,I,PAY,B,D,R,I,I,U,I,P,I
ATM,Synthetic banking trn_desc row 65,TRN,A,C,I,I,C,MIS_HEAD_,6820,2026-03-06,O,A,Y,MAKER_ID_65,N,11,2026-03-06,CHECKER_ID_6,364969.000,20,19,C,C,A,I,I,A,CARD,D,D,M,D,0,A,M,C,C,C,30,I,I,C,B,B,CARD,18,A,I,I,I,I,ATM,B,D,R,I,I,U,I,P,I
DEP,Synthetic banking trn_desc row 66,TRN,A,C,I,I,C,MIS_HEAD_,3777,2026-03-07,O,A,Y,MAKER_ID_66,N,13,2026-03-07,CHECKER_ID_6,65525.000,14,43,C,C,A,I,I,A,CLRG,C,D,M,C,0,A,M,C,C,C,9,I,I,C,B,B,CLRG,17,A,I,I,I,I,DEP,B,D,R,I,I,U,I,P,I
WDR,Synthetic banking trn_desc row 67,TRN,A,C,I,I,C,MIS_HEAD_,7637,2026-03-08,O,A,Y,MAKER_ID_67,N,10,2026-03-08,CHECKER_ID_6,170417.000,11,94,C,C,A,I,I,A,SAV1,D,D,M,D,0,A,M,C,C,C,35,I,I,C,B,B,SAV1,2,A,I,I,I,I,WDR,B,D,R,I,I,U,I,P,I
TRF,Synthetic banking trn_desc row 68,TRN,A,C,I,I,C,MIS_HEAD_,7852,2026-03-09,O,A,Y,MAKER_ID_68,N,29,2026-03-09,CHECKER_ID_6,836258.000,86,76,C,C,A,I,I,A,CURR,C,D,M,C,0,A,M,C,C,C,21,I,I,C,B,B,CURR,9,A,I,I,I,I,TRF,B,D,R,I,I,U,I,P,I
FEE,Synthetic banking trn_desc row 69,TRN,A,C,I,I,C,MIS_HEAD_,3106,2026-03-10,O,A,Y,MAKER_ID_69,N,11,2026-03-10,CHECKER_ID_6,93144.000,5,14,C,C,A,I,I,A,LOAN,D,D,M,D,0,A,M,C,C,C,32,I,I,C,B,B,LOAN,9,A,I,I,I,I,FEE,B,D,R,I,I,U,I,P,I
INT,Synthetic banking trn_desc row 70,TRN,A,C,I,I,C,MIS_HEAD_,2940,2026-03-11,O,U,Y,MAKER_ID_70,N,1,2026-03-11,CHECKER_ID_7,71198.000,63,53,C,C,A,I,I,A,TD01,C,D,M,C,0,A,M,C,C,C,36,I,I,C,B,B,TD01,6,A,I,I,I,I,INT,B,D,R,I,I,U,I,P,I
REV,Synthetic banking trn_desc row 71,TRN,A,C,I,I,C,MIS_HEAD_,6896,2026-03-12,O,A,Y,MAKER_ID_71,N,9,2026-03-12,CHECKER_ID_7,205403.000,87,0,C,C,A,I,I,A,CARD,D,D,M,D,0,A,M,C,C,C,23,I,I,C,B,B,CARD,18,A,I,I,I,I,REV,B,D,R,I,I,U,I,P,I
PAY,Synthetic banking trn_desc row 72,TRN,A,C,I,I,C,MIS_HEAD_,4770,2026-03-13,O,A,Y,MAKER_ID_72,N,26,2026-03-13,CHECKER_ID_7,662951.000,18,32,C,C,A,I,I,A,CLRG,C,D,M,C,0,A,M,C,C,C,20,I,I,C,B,B,CLRG,29,A,I,I,I,I,PAY,B,D,R,I,I,U,I,P,I
ATM,Synthetic banking trn_desc row 73,TRN,A,C,I,I,C,MIS_HEAD_,4181,2026-03-14,O,A,Y,MAKER_ID_73,N,35,2026-03-14,CHECKER_ID_7,434553.000,59,80,C,C,A,I,I,A,SAV1,D,D,M,D,0,A,M,C,C,C,16,I,I,C,B,B,SAV1,1,A,I,I,I,I,ATM,B,D,R,I,I,U,I,P,I
DEP,Synthetic banking trn_desc row 74,TRN,A,C,I,I,C,MIS_HEAD_,4573,2026-03-15,O,A,Y,MAKER_ID_74,N,20,2026-03-15,CHECKER_ID_7,547756.000,87,43,C,C,A,I,I,A,CURR,C,D,M,C,0,A,M,C,C,C,12,I,I,C,B,B,CURR,16,A,I,I,I,I,DEP,B,D,R,I,I,U,I,P,I
WDR,Synthetic banking trn_desc row 75,TRN,A,C,I,I,C,MIS_HEAD_,7922,2026-03-16,O,A,Y,MAKER_ID_75,N,19,2026-03-16,CHECKER_ID_7,325274.000,64,93,C,C,A,I,I,A,LOAN,D,D,M,D,0,A,M,C,C,C,26,I,I,C,B,B,LOAN,29,A,I,I,I,I,WDR,B,D,R,I,I,U,I,P,I
TRF,Synthetic banking trn_desc row 76,TRN,A,C,I,I,C,MIS_HEAD_,2337,2026-03-17,O,A,Y,MAKER_ID_76,N,7,2026-03-17,CHECKER_ID_7,285716.000,82,25,C,C,A,I,I,A,TD01,C,D,M,C,0,A,M,C,C,C,33,I,I,C,B,B,TD01,29,A,I,I,I,I,TRF,B,D,R,I,I,U,I,P,I
FEE,Synthetic banking trn_desc row 77,TRN,A,C,I,I,C,MIS_HEAD_,8497,2026-03-18,O,A,Y,MAKER_ID_77,N,21,2026-03-18,CHECKER_ID_7,214632.000,62,81,C,C,A,I,I,A,CARD,D,D,M,D,0,A,M,C,C,C,34,I,I,C,B,B,CARD,29,A,I,I,I,I,FEE,B,D,R,I,I,U,I,P,I
INT,Synthetic banking trn_desc row 78,TRN,A,C,I,I,C,MIS_HEAD_,105,2026-03-19,O,A,Y,MAKER_ID_78,N,18,2026-03-19,CHECKER_ID_7,861797.000,22,83,C,C,A,I,I,A,CLRG,C,D,M,C,0,A,M,C,C,C,0,I,I,C,B,B,CLRG,8,A,I,I,I,I,INT,B,D,R,I,I,U,I,P,I
REV,Synthetic banking trn_desc row 79,TRN,A,C,I,I,C,MIS_HEAD_,3815,2026-03-20,O,A,Y,MAKER_ID_79,N,22,2026-03-20,CHECKER_ID_7,197345.000,96,66,C,C,A,I,I,A,SAV1,D,D,M,D,0,A,M,C,C,C,22,I,I,C,B,B,SAV1,10,A,I,I,I,I,REV,B,D,R,I,I,U,I,P,I
PAY,Synthetic banking trn_desc row 80,TRN,A,C,I,I,C,MIS_HEAD_,4445,2026-03-21,O,A,Y,MAKER_ID_80,N,20,2026-03-21,CHECKER_ID_8,418537.000,88,84,C,C,A,I,I,A,CURR,C,D,M,C,0,A,M,C,C,C,12,I,I,C,B,B,CURR,7,A,I,I,I,I,PAY,B,D,R,I,I,U,I,P,I
ATM,Synthetic banking trn_desc row 81,TRN,A,C,I,I,C,MIS_HEAD_,4228,2026-03-22,O,A,Y,MAKER_ID_81,N,36,2026-03-22,CHECKER_ID_8,368363.000,32,2,C,C,A,I,I,A,LOAN,D,D,M,D,0,A,M,C,C,C,31,I,I,C,B,B,LOAN,29,A,I,I,I,I,ATM,B,D,R,I,I,U,I,P,I
DEP,Synthetic banking trn_desc row 82,TRN,A,C,I,I,C,MIS_HEAD_,375,2026-03-23,O,A,Y,MAKER_ID_82,N,7,2026-03-23,CHECKER_ID_8,857162.000,34,57,C,C,A,I,I,A,TD01,C,D,M,C,0,A,M,C,C,C,32,I,I,C,B,B,TD01,1,A,I,I,I,I,DEP,B,D,R,I,I,U,I,P,I
WDR,Synthetic banking trn_desc row 83,TRN,A,C,I,I,C,MIS_HEAD_,9714,2026-03-24,O,A,Y,MAKER_ID_83,N,10,2026-03-24,CHECKER_ID_8,187674.000,40,29,C,C,A,I,I,A,CARD,D,D,M,D,0,A,M,C,C,C,27,I,I,C,B,B,CARD,30,A,I,I,I,I,WDR,B,D,R,I,I,U,I,P,I
TRF,Synthetic banking trn_desc row 84,TRN,A,C,I,I,C,MIS_HEAD_,5519,2026-03-25,O,A,Y,MAKER_ID_84,N,31,2026-03-25,CHECKER_ID_8,112895.000,91,60,C,C,A,I,I,A,CLRG,C,D,M,C,0,A,M,C,C,C,5,I,I,C,B,B,CLRG,26,A,I,I,I,I,TRF,B,D,R,I,I,U,I,P,I
FEE,Synthetic banking trn_desc row 85,TRN,A,C,I,I,C,MIS_HEAD_,157,2026-03-26,O,A,Y,MAKER_ID_85,N,3,2026-03-26,CHECKER_ID_8,586834.000,68,74,C,C,A,I,I,A,SAV1,D,D,M,D,0,A,M,C,C,C,5,I,I,C,B,B,SAV1,26,A,I,I,I,I,FEE,B,D,R,I,I,U,I,P,I
INT,Synthetic banking trn_desc row 86,TRN,A,C,I,I,C,MIS_HEAD_,5328,2026-03-27,O,A,Y,MAKER_ID_86,N,3,2026-03-27,CHECKER_ID_8,875190.000,10,51,C,C,A,I,I,A,CURR,C,D,M,C,0,A,M,C,C,C,16,I,I,C,B,B,CURR,14,A,I,I,I,I,INT,B,D,R,I,I,U,I,P,I
REV,Synthetic banking trn_desc row 87,TRN,A,C,I,I,C,MIS_HEAD_,2230,2026-03-28,O,A,Y,MAKER_ID_87,N,34,2026-03-28,CHECKER_ID_8,669204.000,52,21,C,C,A,I,I,A,LOAN,D,D,M,D,0,A,M,C,C,C,31,I,I,C,B,B,LOAN,36,A,I,I,I,I,REV,B,D,R,I,I,U,I,P,I
PAY,Synthetic banking trn_desc row 88,TRN,A,C,I,I,C,MIS_HEAD_,9921,2026-03-29,O,A,Y,MAKER_ID_88,N,27,2026-03-29,CHECKER_ID_8,960053.000,18,68,C,C,A,I,I,A,TD01,C,D,M,C,0,A,M,C,C,C,20,I,I,C,B,B,TD01,4,A,I,I,I,I,PAY,B,D,R,I,I,U,I,P,I
ATM,Synthetic banking trn_desc row 89,TRN,A,C,I,I,C,MIS_HEAD_,2531,2026-03-30,O,A,Y,MAKER_ID_89,N,1,2026-03-30,CHECKER_ID_8,524267.000,2,1,C,C,A,I,I,A,CARD,D,D,M,D,0,A,M,C,C,C,15,I,I,C,B,B,CARD,34,A,I,I,I,I,ATM,B,D,R,I,I,U,I,P,I
DEP,Synthetic banking trn_desc row 90,TRN,A,C,I,I,C,MIS_HEAD_,4705,2026-03-31,O,A,Y,MAKER_ID_90,N,20,2026-03-31,CHECKER_ID_9,586891.000,19,85,C,C,A,I,I,A,CLRG,C,D,M,C,0,A,M,C,C,C,1,I,I,C,B,B,CLRG,2,A,I,I,I,I,DEP,B,D,R,I,I,U,I,P,I
WDR,Synthetic banking trn_desc row 91,TRN,A,C,I,I,C,MIS_HEAD_,1827,2026-04-01,O,A,Y,MAKER_ID_91,N,27,2026-04-01,CHECKER_ID_9,467693.000,44,50,C,C,A,I,I,A,SAV1,D,D,M,D,0,A,M,C,C,C,36,I,I,C,B,B,SAV1,29,A,I,I,I,I,WDR,B,D,R,I,I,U,I,P,I
TRF,Synthetic banking trn_desc row 92,TRN,A,C,I,I,C,MIS_HEAD_,1683,2026-04-02,O,A,Y,MAKER_ID_92,N,31,2026-04-02,CHECKER_ID_9,180567.000,95,73,C,C,A,I,I,A,CURR,C,D,M,C,0,A,M,C,C,C,20,I,I,C,B,B,CURR,3,A,I,I,I,I,TRF,B,D,R,I,I,U,I,P,I
FEE,Synthetic banking trn_desc row 93,TRN,A,C,I,I,C,MIS_HEAD_,6442,2026-04-03,O,U,Y,MAKER_ID_93,N,28,2026-04-03,CHECKER_ID_9,113222.000,34,12,C,C,A,I,I,A,LOAN,D,D,M,D,0,A,M,C,C,C,20,I,I,C,B,B,LOAN,16,A,I,I,I,I,FEE,B,D,R,I,I,U,I,P,I
INT,Synthetic banking trn_desc row 94,TRN,A,C,I,I,C,MIS_HEAD_,4963,2026-04-04,O,A,Y,MAKER_ID_94,N,34,2026-04-04,CHECKER_ID_9,300550.000,27,87,C,C,A,I,I,A,TD01,C,D,M,C,0,A,M,C,C,C,19,I,I,C,B,B,TD01,16,A,I,I,I,I,INT,B,D,R,I,I,U,I,P,I
REV,Synthetic banking trn_desc row 95,TRN,A,C,I,I,C,MIS_HEAD_,3343,2026-04-05,O,A,Y,MAKER_ID_95,N,13,2026-04-05,CHECKER_ID_9,300744.000,62,73,C,C,A,I,I,A,CARD,D,D,M,D,0,A,M,C,C,C,20,I,I,C,B,B,CARD,36,A,I,I,I,I,REV,B,D,R,I,I,U,I,P,I
PAY,Synthetic banking trn_desc row 96,TRN,A,C,I,I,C,MIS_HEAD_,879,2026-04-06,O,A,Y,MAKER_ID_96,N,19,2026-04-06,CHECKER_ID_9,662668.000,19,95,C,C,A,I,I,A,CLRG,C,D,M,C,0,A,M,C,C,C,28,I,I,C,B,B,CLRG,17,A,I,I,I,I,PAY,B,D,R,I,I,U,I,P,I
ATM,Synthetic banking trn_desc row 97,TRN,A,C,I,I,C,MIS_HEAD_,5265,2026-04-07,O,A,Y,MAKER_ID_97,N,0,2026-04-07,CHECKER_ID_9,965144.000,75,51,C,C,A,I,I,A,SAV1,D,D,M,D,0,A,M,C,C,C,29,I,I,C,B,B,SAV1,29,A,I,I,I,I,ATM,B,D,R,I,I,U,I,P,I
DEP,Synthetic banking trn_desc row 98,TRN,A,C,I,I,C,MIS_HEAD_,9850,2026-04-08,O,A,Y,MAKER_ID_98,N,8,2026-04-08,CHECKER_ID_9,754492.000,20,90,C,C,A,I,I,A,CURR,C,D,M,C,0,A,M,C,C,C,2,I,I,C,B,B,CURR,0,A,I,I,I,I,DEP,B,D,R,I,I,U,I,P,I
WDR,Synthetic banking trn_desc row 99,TRN,A,C,I,I,C,MIS_HEAD_,2396,2026-04-09,O,A,Y,MAKER_ID_99,N,5,2026-04-09,CHECKER_ID_9,206293.000,86,35,C,C,A,I,I,A,LOAN,D,D,M,D,0,A,M,C,C,C,6,I,I,C,B,B,LOAN,13,A,I,I,I,I,WDR,B,D,R,I,I,U,I,P,I
TRF,Synthetic banking trn_desc row 100,TRN,A,C,I,I,C,MIS_HEAD_,2765,2026-04-10,O,A,Y,MAKER_ID_100,N,0,2026-04-10,CHECKER_ID_1,662516.000,15,88,C,C,A,I,I,A,TD01,C,D,M,C,0,A,M,C,C,C,28,I,I,C,B,B,TD01,24,A,I,I,I,I,TRF,B,D,R,I,I,U,I,P,I
FEE,Synthetic banking trn_desc row 101,TRN,A,C,I,I,C,MIS_HEAD_,396,2026-04-11,O,A,Y,MAKER_ID_101,N,9,2026-04-11,CHECKER_ID_1,569411.000,44,14,C,C,A,I,I,A,CARD,D,D,M,D,0,A,M,C,C,C,0,I,I,C,B,B,CARD,12,A,I,I,I,I,FEE,B,D,R,I,I,U,I,P,I
INT,Synthetic banking trn_desc row 102,TRN,A,C,I,I,C,MIS_HEAD_,5979,2026-04-12,O,A,Y,MAKER_ID_102,N,18,2026-04-12,CHECKER_ID_1,580405.000,48,9,C,C,A,I,I,A,CLRG,C,D,M,C,0,A,M,C,C,C,6,I,I,C,B,B,CLRG,8,A,I,I,I,I,INT,B,D,R,I,I,U,I,P,I
REV,Synthetic banking trn_desc row 103,TRN,A,C,I,I,C,MIS_HEAD_,1823,2026-04-13,O,A,Y,MAKER_ID_103,N,26,2026-04-13,CHECKER_ID_1,967637.000,23,20,C,C,A,I,I,A,SAV1,D,D,M,D,0,A,M,C,C,C,22,I,I,C,B,B,SAV1,20,A,I,I,I,I,REV,B,D,R,I,I,U,I,P,I
PAY,Synthetic banking trn_desc row 104,TRN,A,C,I,I,C,MIS_HEAD_,2999,2026-04-14,O,A,Y,MAKER_ID_104,N,21,2026-04-14,CHECKER_ID_1,526339.000,63,19,C,C,A,I,I,A,CURR,C,D,M,C,0,A,M,C,C,C,23,I,I,C,B,B,CURR,6,A,I,I,I,I,PAY,B,D,R,I,I,U,I,P,I
ATM,Synthetic banking trn_desc row 105,TRN,A,C,I,I,C,MIS_HEAD_,113,2026-04-15,O,A,Y,MAKER_ID_105,N,13,2026-04-15,CHECKER_ID_1,564089.000,44,67,C,C,A,I,I,A,LOAN,D,D,M,D,0,A,M,C,C,C,36,I,I,C,B,B,LOAN,4,A,I,I,I,I,ATM,B,D,R,I,I,U,I,P,I
DEP,Synthetic banking trn_desc row 106,TRN,A,C,I,I,C,MIS_HEAD_,4085,2026-04-16,O,A,Y,MAKER_ID_106,N,36,2026-04-16,CHECKER_ID_1,452581.000,87,25,C,C,A,I,I,A,TD01,C,D,M,C,0,A,M,C,C,C,3,I,I,C,B,B,TD01,33,A,I,I,I,I,DEP,B,D,R,I,I,U,I,P,I
WDR,Synthetic banking trn_desc row 107,TRN,A,C,I,I,C,MIS_HEAD_,4734,2026-04-17,O,A,Y,MAKER_ID_107,N,0,2026-04-17,CHECKER_ID_1,33497.000,28,43,C,C,A,I,I,A,CARD,D,D,M,D,0,A,M,C,C,C,30,I,I,C,B,B,CARD,31,A,I,I,I,I,WDR,B,D,R,I,I,U,I,P,I
TRF,Synthetic banking trn_desc row 108,TRN,A,C,I,I,C,MIS_HEAD_,8126,2026-04-18,O,A,Y,MAKER_ID_108,N,29,2026-04-18,CHECKER_ID_1,46261.000,27,71,C,C,A,I,I,A,CLRG,C,D,M,C,0,A,M,C,C,C,9,I,I,C,B,B,CLRG,9,A,I,I,I,I,TRF,B,D,R,I,I,U,I,P,I
FEE,Synthetic banking trn_desc row 109,TRN,A,C,I,I,C,MIS_HEAD_,7151,2026-04-19,O,A,Y,MAKER_ID_109,N,23,2026-04-19,CHECKER_ID_1,161761.000,28,58,C,C,A,I,I,A,SAV1,D,D,M,D,0,A,M,C,C,C,17,I,I,C,B,B,SAV1,18,A,I,I,I,I,FEE,B,D,R,I,I,U,I,P,I
INT,Synthetic banking trn_desc row 110,TRN,A,C,I,I,C,MIS_HEAD_,710,2026-04-20,O,A,Y,MAKER_ID_110,N,29,2026-04-20,CHECKER_ID_1,297462.000,35,78,C,C,A,I,I,A,CURR,C,D,M,C,0,A,M,C,C,C,29,I,I,C,B,B,CURR,5,A,I,I,I,I,INT,B,D,R,I,I,U,I,P,I
REV,Synthetic banking trn_desc row 111,TRN,A,C,I,I,C,MIS_HEAD_,1360,2026-04-21,O,A,Y,MAKER_ID_111,N,25,2026-04-21,CHECKER_ID_1,990961.000,83,96,C,C,A,I,I,A,LOAN,D,D,M,D,0,A,M,C,C,C,19,I,I,C,B,B,LOAN,4,A,I,I,I,I,REV,B,D,R,I,I,U,I,P,I
PAY,Synthetic banking trn_desc row 112,TRN,A,C,I,I,C,MIS_HEAD_,4524,2026-04-22,O,A,Y,MAKER_ID_112,N,14,2026-04-22,CHECKER_ID_1,170571.000,90,48,C,C,A,I,I,A,TD01,C,D,M,C,0,A,M,C,C,C,11,I,I,C,B,B,TD01,27,A,I,I,I,I,PAY,B,D,R,I,I,U,I,P,I
ATM,Synthetic banking trn_desc row 113,TRN,A,C,I,I,C,MIS_HEAD_,1327,2026-04-23,O,A,Y,MAKER_ID_113,N,27,2026-04-23,CHECKER_ID_1,326332.000,33,47,C,C,A,I,I,A,CARD,D,D,M,D,0,A,M,C,C,C,24,I,I,C,B,B,CARD,12,A,I,I,I,I,ATM,B,D,R,I,I,U,I,P,I
DEP,Synthetic banking trn_desc row 114,TRN,A,C,I,I,C,MIS_HEAD_,201,2026-04-24,O,A,Y,MAKER_ID_114,N,35,2026-04-24,CHECKER_ID_1,817909.000,5,84,C,C,A,I,I,A,CLRG,C,D,M,C,0,A,M,C,C,C,20,I,I,C,B,B,CLRG,33,A,I,I,I,I,DEP,B,D,R,I,I,U,I,P,I
WDR,Synthetic banking trn_desc row 115,TRN,A,C,I,I,C,MIS_HEAD_,7560,2026-04-25,O,A,Y,MAKER_ID_115,N,33,2026-04-25,CHECKER_ID_1,67629.000,37,10,C,C,A,I,I,A,SAV1,D,D,M,D,0,A,M,C,C,C,31,I,I,C,B,B,SAV1,32,A,I,I,I,I,WDR,B,D,R,I,I,U,I,P,I
TRF,Synthetic banking trn_desc row 116,TRN,A,C,I,I,C,MIS_HEAD_,2049,2026-04-26,O,U,Y,MAKER_ID_116,N,12,2026-04-26,CHECKER_ID_1,531406.000,63,39,C,C,A,I,I,A,CURR,C,D,M,C,0,A,M,C,C,C,20,I,I,C,B,B,CURR,19,A,I,I,I,I,TRF,B,D,R,I,I,U,I,P,I
FEE,Synthetic banking trn_desc row 117,TRN,A,C,I,I,C,MIS_HEAD_,2671,2026-04-27,O,A,Y,MAKER_ID_117,N,23,2026-04-27,CHECKER_ID_1,394045.000,4,64,C,C,A,I,I,A,LOAN,D,D,M,D,0,A,M,C,C,C,7,I,I,C,B,B,LOAN,25,A,I,I,I,I,FEE,B,D,R,I,I,U,I,P,I
INT,Synthetic banking trn_desc row 118,TRN,A,C,I,I,C,MIS_HEAD_,8617,2026-04-28,O,A,Y,MAKER_ID_118,N,0,2026-04-28,CHECKER_ID_1,561104.000,69,32,C,C,A,I,I,A,TD01,C,D,M,C,0,A,M,C,C,C,33,I,I,C,B,B,TD01,0,A,I,I,I,I,INT,B,D,R,I,I,U,I,P,I
REV,Synthetic banking trn_desc row 119,TRN,A,C,I,I,C,MIS_HEAD_,6896,2026-04-29,O,A,Y,MAKER_ID_119,N,34,2026-04-29,CHECKER_ID_1,988582.000,76,13,C,C,A,I,I,A,CARD,D,D,M,D,0,A,M,C,C,C,6,I,I,C,B,B,CARD,16,A,I,I,I,I,REV,B,D,R,I,I,U,I,P,I
PAY,Synthetic banking trn_desc row 120,TRN,A,C,I,I,C,MIS_HEAD_,3417,2026-04-30,O,A,Y,MAKER_ID_120,N,5,2026-04-30,CHECKER_ID_1,103846.000,21,21,C,C,A,I,I,A,CLRG,C,D,M,C,0,A,M,C,C,C,17,I,I,C,B,B,CLRG,29,A,I,I,I,I,PAY,B,D,R,I,I,U,I,P,I
ATM,Synthetic banking trn_desc row 121,TRN,A,C,I,I,C,MIS_HEAD_,7042,2026-05-01,O,A,Y,MAKER_ID_121,N,19,2026-05-01,CHECKER_ID_1,523516.000,95,20,C,C,A,I,I,A,SAV1,D,D,M,D,0,A,M,C,C,C,3,I,I,C,B,B,SAV1,26,A,I,I,I,I,ATM,B,D,R,I,I,U,I,P,I
DEP,Synthetic banking trn_desc row 122,TRN,A,C,I,I,C,MIS_HEAD_,5189,2026-05-02,O,A,Y,MAKER_ID_122,N,12,2026-05-02,CHECKER_ID_1,727873.000,89,32,C,C,A,I,I,A,CURR,C,D,M,C,0,A,M,C,C,C,11,I,I,C,B,B,CURR,6,A,I,I,I,I,DEP,B,D,R,I,I,U,I,P,I
WDR,Synthetic banking trn_desc row 123,TRN,A,C,I,I,C,MIS_HEAD_,7894,2026-05-03,O,A,Y,MAKER_ID_123,N,7,2026-05-03,CHECKER_ID_1,904998.000,31,40,C,C,A,I,I,A,LOAN,D,D,M,D,0,A,M,C,C,C,1,I,I,C,B,B,LOAN,25,A,I,I,I,I,WDR,B,D,R,I,I,U,I,P,I
TRF,Synthetic banking trn_desc row 124,TRN,A,C,I,I,C,MIS_HEAD_,5487,2026-05-04,O,A,Y,MAKER_ID_124,N,26,2026-05-04,CHECKER_ID_1,151783.000,85,24,C,C,A,I,I,A,TD01,C,D,M,C,0,A,M,C,C,C,29,I,I,C,B,B,TD01,26,A,I,I,I,I,TRF,B,D,R,I,I,U,I,P,I
FEE,Synthetic banking trn_desc row 125,TRN,A,C,I,I,C,MIS_HEAD_,4574,2026-05-05,O,A,Y,MAKER_ID_125,N,22,2026-05-05,CHECKER_ID_1,205334.000,92,74,C,C,A,I,I,A,CARD,D,D,M,D,0,A,M,C,C,C,16,I,I,C,B,B,CARD,28,A,I,I,I,I,FEE,B,D,R,I,I,U,I,P,I
INT,Synthetic banking trn_desc row 126,TRN,A,C,I,I,C,MIS_HEAD_,4129,2026-05-06,O,A,Y,MAKER_ID_126,N,20,2026-05-06,CHECKER_ID_1,284987.000,90,67,C,C,A,I,I,A,CLRG,C,D,M,C,0,A,M,C,C,C,13,I,I,C,B,B,CLRG,2,A,I,I,I,I,INT,B,D,R,I,I,U,I,P,I
REV,Synthetic banking trn_desc row 127,TRN,A,C,I,I,C,MIS_HEAD_,7795,2026-05-07,O,A,Y,MAKER_ID_127,N,23,2026-05-07,CHECKER_ID_1,796376.000,84,4,C,C,A,I,I,A,SAV1,D,D,M,D,0,A,M,C,C,C,13,I,I,C,B,B,SAV1,11,A,I,I,I,I,REV,B,D,R,I,I,U,I,P,I
PAY,Synthetic banking trn_desc row 128,TRN,A,C,I,I,C,MIS_HEAD_,695,2026-05-08,O,A,Y,MAKER_ID_128,N,15,2026-05-08,CHECKER_ID_1,287481.000,43,33,C,C,A,I,I,A,CURR,C,D,M,C,0,A,M,C,C,C,26,I,I,C,B,B,CURR,33,A,I,I,I,I,PAY,B,D,R,I,I,U,I,P,I
ATM,Synthetic banking trn_desc row 129,TRN,A,C,I,I,C,MIS_HEAD_,4857,2026-05-09,O,A,Y,MAKER_ID_129,N,30,2026-05-09,CHECKER_ID_1,129401.000,83,9,C,C,A,I,I,A,LOAN,D,D,M,D,0,A,M,C,C,C,14,I,I,C,B,B,LOAN,19,A,I,I,I,I,ATM,B,D,R,I,I,U,I,P,I
DEP,Synthetic banking trn_desc row 130,TRN,A,C,I,I,C,MIS_HEAD_,1338,2026-05-10,O,A,Y,MAKER_ID_130,N,32,2026-05-10,CHECKER_ID_1,494015.000,54,51,C,C,A,I,I,A,TD01,C,D,M,C,0,A,M,C,C,C,3,I,I,C,B,B,TD01,17,A,I,I,I,I,DEP,B,D,R,I,I,U,I,P,I
WDR,Synthetic banking trn_desc row 131,TRN,A,C,I,I,C,MIS_HEAD_,2655,2026-05-11,O,A,Y,MAKER_ID_131,N,31,2026-05-11,CHECKER_ID_1,756674.000,89,10,C,C,A,I,I,A,CARD,D,D,M,D,0,A,M,C,C,C,0,I,I,C,B,B,CARD,30,A,I,I,I,I,WDR,B,D,R,I,I,U,I,P,I
TRF,Synthetic banking trn_desc row 132,TRN,A,C,I,I,C,MIS_HEAD_,7626,2026-05-12,O,A,Y,MAKER_ID_132,N,29,2026-05-12,CHECKER_ID_1,66073.000,41,72,C,C,A,I,I,A,CLRG,C,D,M,C,0,A,M,C,C,C,6,I,I,C,B,B,CLRG,21,A,I,I,I,I,TRF,B,D,R,I,I,U,I,P,I
FEE,Synthetic banking trn_desc row 133,TRN,A,C,I,I,C,MIS_HEAD_,9330,2026-05-13,O,A,Y,MAKER_ID_133,N,32,2026-05-13,CHECKER_ID_1,378739.000,12,91,C,C,A,I,I,A,SAV1,D,D,M,D,0,A,M,C,C,C,19,I,I,C,B,B,SAV1,1,A,I,I,I,I,FEE,B,D,R,I,I,U,I,P,I
INT,Synthetic banking trn_desc row 134,TRN,A,C,I,I,C,MIS_HEAD_,7435,2026-05-14,O,A,Y,MAKER_ID_134,N,6,2026-05-14,CHECKER_ID_1,124771.000,33,31,C,C,A,I,I,A,CURR,C,D,M,C,0,A,M,C,C,C,26,I,I,C,B,B,CURR,20,A,I,I,I,I,INT,B,D,R,I,I,U,I,P,I
REV,Synthetic banking trn_desc row 135,TRN,A,C,I,I,C,MIS_HEAD_,7999,2026-05-15,O,A,Y,MAKER_ID_135,N,10,2026-05-15,CHECKER_ID_1,988210.000,80,70,C,C,A,I,I,A,LOAN,D,D,M,D,0,A,M,C,C,C,20,I,I,C,B,B,LOAN,14,A,I,I,I,I,REV,B,D,R,I,I,U,I,P,I
PAY,Synthetic banking trn_desc row 136,TRN,A,C,I,I,C,MIS_HEAD_,8769,2026-05-16,O,A,Y,MAKER_ID_136,N,31,2026-05-16,CHECKER_ID_1,236144.000,90,17,C,C,A,I,I,A,TD01,C,D,M,C,0,A,M,C,C,C,6,I,I,C,B,B,TD01,9,A,I,I,I,I,PAY,B,D,R,I,I,U,I,P,I
ATM,Synthetic banking trn_desc row 137,TRN,A,C,I,I,C,MIS_HEAD_,8066,2026-05-17,O,A,Y,MAKER_ID_137,N,29,2026-05-17,CHECKER_ID_1,667569.000,25,87,C,C,A,I,I,A,CARD,D,D,M,D,0,A,M,C,C,C,17,I,I,C,B,B,CARD,4,A,I,I,I,I,ATM,B,D,R,I,I,U,I,P,I
DEP,Synthetic banking trn_desc row 138,TRN,A,C,I,I,C,MIS_HEAD_,1361,2026-05-18,O,A,Y,MAKER_ID_138,N,32,2026-05-18,CHECKER_ID_1,870967.000,99,38,C,C,A,I,I,A,CLRG,C,D,M,C,0,A,M,C,C,C,4,I,I,C,B,B,CLRG,7,A,I,I,I,I,DEP,B,D,R,I,I,U,I,P,I
WDR,Synthetic banking trn_desc row 139,TRN,A,C,I,I,C,MIS_HEAD_,9261,2026-05-19,O,U,Y,MAKER_ID_139,N,34,2026-05-19,CHECKER_ID_1,235970.000,25,37,C,C,A,I,I,A,SAV1,D,D,M,D,0,A,M,C,C,C,4,I,I,C,B,B,SAV1,34,A,I,I,I,I,WDR,B,D,R,I,I,U,I,P,I
TRF,Synthetic banking trn_desc row 140,TRN,A,C,I,I,C,MIS_HEAD_,4604,2026-05-20,O,A,Y,MAKER_ID_140,N,36,2026-05-20,CHECKER_ID_1,890104.000,38,94,C,C,A,I,I,A,CURR,C,D,M,C,0,A,M,C,C,C,18,I,I,C,B,B,CURR,24,A,I,I,I,I,TRF,B,D,R,I,I,U,I,P,I
FEE,Synthetic banking trn_desc row 141,TRN,A,C,I,I,C,MIS_HEAD_,9319,2026-05-21,O,A,Y,MAKER_ID_141,N,24,2026-05-21,CHECKER_ID_1,369313.000,50,80,C,C,A,I,I,A,LOAN,D,D,M,D,0,A,M,C,C,C,12,I,I,C,B,B,LOAN,32,A,I,I,I,I,FEE,B,D,R,I,I,U,I,P,I
INT,Synthetic banking trn_desc row 142,TRN,A,C,I,I,C,MIS_HEAD_,5862,2026-05-22,O,A,Y,MAKER_ID_142,N,0,2026-05-22,CHECKER_ID_1,996580.000,92,49,C,C,A,I,I,A,TD01,C,D,M,C,0,A,M,C,C,C,3,I,I,C,B,B,TD01,8,A,I,I,I,I,INT,B,D,R,I,I,U,I,P,I
REV,Synthetic banking trn_desc row 143,TRN,A,C,I,I,C,MIS_HEAD_,7901,2026-05-23,O,A,Y,MAKER_ID_143,N,21,2026-05-23,CHECKER_ID_1,994845.000,65,69,C,C,A,I,I,A,CARD,D,D,M,D,0,A,M,C,C,C,36,I,I,C,B,B,CARD,17,A,I,I,I,I,REV,B,D,R,I,I,U,I,P,I
PAY,Synthetic banking trn_desc row 144,TRN,A,C,I,I,C,MIS_HEAD_,4960,2026-05-24,O,A,Y,MAKER_ID_144,N,24,2026-05-24,CHECKER_ID_1,904199.000,27,4,C,C,A,I,I,A,CLRG,C,D,M,C,0,A,M,C,C,C,3,I,I,C,B,B,CLRG,32,A,I,I,I,I,PAY,B,D,R,I,I,U,I,P,I
ATM,Synthetic banking trn_desc row 145,TRN,A,C,I,I,C,MIS_HEAD_,3225,2026-05-25,O,A,Y,MAKER_ID_145,N,7,2026-05-25,CHECKER_ID_1,635506.000,99,95,C,C,A,I,I,A,SAV1,D,D,M,D,0,A,M,C,C,C,19,I,I,C,B,B,SAV1,32,A,I,I,I,I,ATM,B,D,R,I,I,U,I,P,I
DEP,Synthetic banking trn_desc row 146,TRN,A,C,I,I,C,MIS_HEAD_,8345,2026-05-26,O,A,Y,MAKER_ID_146,N,36,2026-05-26,CHECKER_ID_1,97531.000,97,90,C,C,A,I,I,A,CURR,C,D,M,C,0,A,M,C,C,C,4,I,I,C,B,B,CURR,8,A,I,I,I,I,DEP,B,D,R,I,I,U,I,P,I
WDR,Synthetic banking trn_desc row 147,TRN,A,C,I,I,C,MIS_HEAD_,265,2026-05-27,O,A,Y,MAKER_ID_147,N,0,2026-05-27,CHECKER_ID_1,394708.000,18,42,C,C,A,I,I,A,LOAN,D,D,M,D,0,A,M,C,C,C,18,I,I,C,B,B,LOAN,7,A,I,I,I,I,WDR,B,D,R,I,I,U,I,P,I
TRF,Synthetic banking trn_desc row 148,TRN,A,C,I,I,C,MIS_HEAD_,962,2026-05-28,O,A,Y,MAKER_ID_148,N,22,2026-05-28,CHECKER_ID_1,86496.000,82,29,C,C,A,I,I,A,TD01,C,D,M,C,0,A,M,C,C,C,33,I,I,C,B,B,TD01,14,A,I,I,I,I,TRF,B,D,R,I,I,U,I,P,I
FEE,Synthetic banking trn_desc row 149,TRN,A,C,I,I,C,MIS_HEAD_,9098,2026-05-29,O,A,Y,MAKER_ID_149,N,18,2026-05-29,CHECKER_ID_1,339834.000,97,70,C,C,A,I,I,A,CARD,D,D,M,D,0,A,M,C,C,C,11,I,I,C,B,B,CARD,36,A,I,I,I,I,FEE,B,D,R,I,I,U,I,P,I
INT,Synthetic banking trn_desc row 150,TRN,A,C,I,I,C,MIS_HEAD_,3526,2026-05-30,O,A,Y,MAKER_ID_150,N,12,2026-05-30,CHECKER_ID_1,467785.000,65,18,C,C,A,I,I,A,CLRG,C,D,M,C,0,A,M,C,C,C,8,I,I,C,B,B,CLRG,11,A,I,I,I,I,INT,B,D,R,I,I,U,I,P,I
REV,Synthetic banking trn_desc row 151,TRN,A,C,I,I,C,MIS_HEAD_,5087,2026-05-31,O,A,Y,MAKER_ID_151,N,9,2026-05-31,CHECKER_ID_1,339692.000,8,75,C,C,A,I,I,A,SAV1,D,D,M,D,0,A,M,C,C,C,33,I,I,C,B,B,SAV1,3,A,I,I,I,I,REV,B,D,R,I,I,U,I,P,I
PAY,Synthetic banking trn_desc row 152,TRN,A,C,I,I,C,MIS_HEAD_,3127,2026-06-01,O,A,Y,MAKER_ID_152,N,32,2026-06-01,CHECKER_ID_1,580478.000,79,67,C,C,A,I,I,A,CURR,C,D,M,C,0,A,M,C,C,C,4,I,I,C,B,B,CURR,31,A,I,I,I,I,PAY,B,D,R,I,I,U,I,P,I
ATM,Synthetic banking trn_desc row 153,TRN,A,C,I,I,C,MIS_HEAD_,7315,2026-06-02,O,A,Y,MAKER_ID_153,N,19,2026-06-02,CHECKER_ID_1,239488.000,53,83,C,C,A,I,I,A,LOAN,D,D,M,D,0,A,M,C,C,C,33,I,I,C,B,B,LOAN,23,A,I,I,I,I,ATM,B,D,R,I,I,U,I,P,I
DEP,Synthetic banking trn_desc row 154,TRN,A,C,I,I,C,MIS_HEAD_,116,2026-06-03,O,A,Y,MAKER_ID_154,N,1,2026-06-03,CHECKER_ID_1,712676.000,85,2,C,C,A,I,I,A,TD01,C,D,M,C,0,A,M,C,C,C,3,I,I,C,B,B,TD01,6,A,I,I,I,I,DEP,B,D,R,I,I,U,I,P,I
WDR,Synthetic banking trn_desc row 155,TRN,A,C,I,I,C,MIS_HEAD_,7592,2026-06-04,O,A,Y,MAKER_ID_155,N,25,2026-06-04,CHECKER_ID_1,433195.000,78,41,C,C,A,I,I,A,CARD,D,D,M,D,0,A,M,C,C,C,32,I,I,C,B,B,CARD,25,A,I,I,I,I,WDR,B,D,R,I,I,U,I,P,I
TRF,Synthetic banking trn_desc row 156,TRN,A,C,I,I,C,MIS_HEAD_,2473,2026-06-05,O,A,Y,MAKER_ID_156,N,22,2026-06-05,CHECKER_ID_1,861925.000,63,63,C,C,A,I,I,A,CLRG,C,D,M,C,0,A,M,C,C,C,28,I,I,C,B,B,CLRG,12,A,I,I,I,I,TRF,B,D,R,I,I,U,I,P,I
FEE,Synthetic banking trn_desc row 157,TRN,A,C,I,I,C,MIS_HEAD_,872,2026-06-06,O,A,Y,MAKER_ID_157,N,20,2026-06-06,CHECKER_ID_1,284507.000,6,77,C,C,A,I,I,A,SAV1,D,D,M,D,0,A,M,C,C,C,16,I,I,C,B,B,SAV1,21,A,I,I,I,I,FEE,B,D,R,I,I,U,I,P,I
INT,Synthetic banking trn_desc row 158,TRN,A,C,I,I,C,MIS_HEAD_,8225,2026-06-07,O,A,Y,MAKER_ID_158,N,16,2026-06-07,CHECKER_ID_1,56002.000,37,9,C,C,A,I,I,A,CURR,C,D,M,C,0,A,M,C,C,C,34,I,I,C,B,B,CURR,18,A,I,I,I,I,INT,B,D,R,I,I,U,I,P,I
REV,Synthetic banking trn_desc row 159,TRN,A,C,I,I,C,MIS_HEAD_,1201,2026-06-08,O,A,Y,MAKER_ID_159,N,29,2026-06-08,CHECKER_ID_1,606608.000,68,40,C,C,A,I,I,A,LOAN,D,D,M,D,0,A,M,C,C,C,33,I,I,C,B,B,LOAN,32,A,I,I,I,I,REV,B,D,R,I,I,U,I,P,I
PAY,Synthetic banking trn_desc row 160,TRN,A,C,I,I,C,MIS_HEAD_,2113,2026-06-09,O,A,Y,MAKER_ID_160,N,31,2026-06-09,CHECKER_ID_1,740325.000,52,38,C,C,A,I,I,A,TD01,C,D,M,C,0,A,M,C,C,C,31,I,I,C,B,B,TD01,19,A,I,I,I,I,PAY,B,D,R,I,I,U,I,P,I
ATM,Synthetic banking trn_desc row 161,TRN,A,C,I,I,C,MIS_HEAD_,1433,2026-06-10,O,A,Y,MAKER_ID_161,N,34,2026-06-10,CHECKER_ID_1,805462.000,44,70,C,C,A,I,I,A,CARD,D,D,M,D,0,A,M,C,C,C,9,I,I,C,B,B,CARD,17,A,I,I,I,I,ATM,B,D,R,I,I,U,I,P,I
DEP,Synthetic banking trn_desc row 162,TRN,A,C,I,I,C,MIS_HEAD_,6045,2026-06-11,O,U,Y,MAKER_ID_162,N,22,2026-06-11,CHECKER_ID_1,410055.000,57,56,C,C,A,I,I,A,CLRG,C,D,M,C,0,A,M,C,C,C,0,I,I,C,B,B,CLRG,5,A,I,I,I,I,DEP,B,D,R,I,I,U,I,P,I
WDR,Synthetic banking trn_desc row 163,TRN,A,C,I,I,C,MIS_HEAD_,9433,2026-06-12,O,A,Y,MAKER_ID_163,N,7,2026-06-12,CHECKER_ID_1,740194.000,31,43,C,C,A,I,I,A,SAV1,D,D,M,D,0,A,M,C,C,C,27,I,I,C,B,B,SAV1,14,A,I,I,I,I,WDR,B,D,R,I,I,U,I,P,I
TRF,Synthetic banking trn_desc row 164,TRN,A,C,I,I,C,MIS_HEAD_,6524,2026-06-13,O,A,Y,MAKER_ID_164,N,23,2026-06-13,CHECKER_ID_1,776990.000,17,22,C,C,A,I,I,A,CURR,C,D,M,C,0,A,M,C,C,C,23,I,I,C,B,B,CURR,7,A,I,I,I,I,TRF,B,D,R,I,I,U,I,P,I
FEE,Synthetic banking trn_desc row 165,TRN,A,C,I,I,C,MIS_HEAD_,5244,2026-06-14,O,A,Y,MAKER_ID_165,N,28,2026-06-14,CHECKER_ID_1,92734.000,51,24,C,C,A,I,I,A,LOAN,D,D,M,D,0,A,M,C,C,C,1,I,I,C,B,B,LOAN,18,A,I,I,I,I,FEE,B,D,R,I,I,U,I,P,I
INT,Synthetic banking trn_desc row 166,TRN,A,C,I,I,C,MIS_HEAD_,2460,2026-06-15,O,A,Y,MAKER_ID_166,N,9,2026-06-15,CHECKER_ID_1,557509.000,66,88,C,C,A,I,I,A,TD01,C,D,M,C,0,A,M,C,C,C,36,I,I,C,B,B,TD01,4,A,I,I,I,I,INT,B,D,R,I,I,U,I,P,I
REV,Synthetic banking trn_desc row 167,TRN,A,C,I,I,C,MIS_HEAD_,52,2026-06-16,O,A,Y,MAKER_ID_167,N,20,2026-06-16,CHECKER_ID_1,903279.000,18,55,C,C,A,I,I,A,CARD,D,D,M,D,0,A,M,C,C,C,33,I,I,C,B,B,CARD,31,A,I,I,I,I,REV,B,D,R,I,I,U,I,P,I
PAY,Synthetic banking trn_desc row 168,TRN,A,C,I,I,C,MIS_HEAD_,7820,2026-06-17,O,A,Y,MAKER_ID_168,N,33,2026-06-17,CHECKER_ID_1,211065.000,27,29,C,C,A,I,I,A,CLRG,C,D,M,C,0,A,M,C,C,C,3,I,I,C,B,B,CLRG,12,A,I,I,I,I,PAY,B,D,R,I,I,U,I,P,I
ATM,Synthetic banking trn_desc row 169,TRN,A,C,I,I,C,MIS_HEAD_,3144,2026-06-18,O,A,Y,MAKER_ID_169,N,28,2026-06-18,CHECKER_ID_1,964519.000,27,56,C,C,A,I,I,A,SAV1,D,D,M,D,0,A,M,C,C,C,35,I,I,C,B,B,SAV1,35,A,I,I,I,I,ATM,B,D,R,I,I,U,I,P,I
DEP,Synthetic banking trn_desc row 170,TRN,A,C,I,I,C,MIS_HEAD_,7295,2026-06-19,O,A,Y,MAKER_ID_170,N,4,2026-06-19,CHECKER_ID_1,816287.000,1,46,C,C,A,I,I,A,CURR,C,D,M,C,0,A,M,C,C,C,0,I,I,C,B,B,CURR,10,A,I,I,I,I,DEP,B,D,R,I,I,U,I,P,I
WDR,Synthetic banking trn_desc row 171,TRN,A,C,I,I,C,MIS_HEAD_,1346,2026-06-20,O,A,Y,MAKER_ID_171,N,36,2026-06-20,CHECKER_ID_1,190518.000,72,63,C,C,A,I,I,A,LOAN,D,D,M,D,0,A,M,C,C,C,29,I,I,C,B,B,LOAN,7,A,I,I,I,I,WDR,B,D,R,I,I,U,I,P,I
TRF,Synthetic banking trn_desc row 172,TRN,A,C,I,I,C,MIS_HEAD_,7735,2026-06-21,O,A,Y,MAKER_ID_172,N,22,2026-06-21,CHECKER_ID_1,745575.000,36,55,C,C,A,I,I,A,TD01,C,D,M,C,0,A,M,C,C,C,12,I,I,C,B,B,TD01,20,A,I,I,I,I,TRF,B,D,R,I,I,U,I,P,I
FEE,Synthetic banking trn_desc row 173,TRN,A,C,I,I,C,MIS_HEAD_,9447,2026-06-22,O,A,Y,MAKER_ID_173,N,22,2026-06-22,CHECKER_ID_1,405787.000,93,29,C,C,A,I,I,A,CARD,D,D,M,D,0,A,M,C,C,C,33,I,I,C,B,B,CARD,9,A,I,I,I,I,FEE,B,D,R,I,I,U,I,P,I
INT,Synthetic banking trn_desc row 174,TRN,A,C,I,I,C,MIS_HEAD_,8548,2026-06-23,O,A,Y,MAKER_ID_174,N,35,2026-06-23,CHECKER_ID_1,897906.000,29,47,C,C,A,I,I,A,CLRG,C,D,M,C,0,A,M,C,C,C,11,I,I,C,B,B,CLRG,14,A,I,I,I,I,INT,B,D,R,I,I,U,I,P,I
REV,Synthetic banking trn_desc row 175,TRN,A,C,I,I,C,MIS_HEAD_,4306,2026-06-24,O,A,Y,MAKER_ID_175,N,23,2026-06-24,CHECKER_ID_1,337264.000,54,65,C,C,A,I,I,A,SAV1,D,D,M,D,0,A,M,C,C,C,13,I,I,C,B,B,SAV1,21,A,I,I,I,I,REV,B,D,R,I,I,U,I,P,I
PAY,Synthetic banking trn_desc row 176,TRN,A,C,I,I,C,MIS_HEAD_,5132,2026-06-25,O,A,Y,MAKER_ID_176,N,20,2026-06-25,CHECKER_ID_1,731918.000,48,98,C,C,A,I,I,A,CURR,C,D,M,C,0,A,M,C,C,C,24,I,I,C,B,B,CURR,26,A,I,I,I,I,PAY,B,D,R,I,I,U,I,P,I
ATM,Synthetic banking trn_desc row 177,TRN,A,C,I,I,C,MIS_HEAD_,3027,2026-06-26,O,A,Y,MAKER_ID_177,N,19,2026-06-26,CHECKER_ID_1,800706.000,45,19,C,C,A,I,I,A,LOAN,D,D,M,D,0,A,M,C,C,C,1,I,I,C,B,B,LOAN,28,A,I,I,I,I,ATM,B,D,R,I,I,U,I,P,I
DEP,Synthetic banking trn_desc row 178,TRN,A,C,I,I,C,MIS_HEAD_,3145,2026-06-27,O,A,Y,MAKER_ID_178,N,22,2026-06-27,CHECKER_ID_1,327413.000,40,59,C,C,A,I,I,A,TD01,C,D,M,C,0,A,M,C,C,C,2,I,I,C,B,B,TD01,23,A,I,I,I,I,DEP,B,D,R,I,I,U,I,P,I
WDR,Synthetic banking trn_desc row 179,TRN,A,C,I,I,C,MIS_HEAD_,1028,2026-06-28,O,A,Y,MAKER_ID_179,N,2,2026-06-28,CHECKER_ID_1,79621.000,86,60,C,C,A,I,I,A,CARD,D,D,M,D,0,A,M,C,C,C,22,I,I,C,B,B,CARD,2,A,I,I,I,I,WDR,B,D,R,I,I,U,I,P,I
TRF,Synthetic banking trn_desc row 180,TRN,A,C,I,I,C,MIS_HEAD_,1161,2026-06-29,O,A,Y,MAKER_ID_180,N,13,2026-06-29,CHECKER_ID_1,590817.000,10,17,C,C,A,I,I,A,CLRG,C,D,M,C,0,A,M,C,C,C,4,I,I,C,B,B,CLRG,6,A,I,I,I,I,TRF,B,D,R,I,I,U,I,P,I
FEE,Synthetic banking trn_desc row 181,TRN,A,C,I,I,C,MIS_HEAD_,3688,2026-06-30,O,A,Y,MAKER_ID_181,N,30,2026-06-30,CHECKER_ID_1,569813.000,32,47,C,C,A,I,I,A,SAV1,D,D,M,D,0,A,M,C,C,C,36,I,I,C,B,B,SAV1,7,A,I,I,I,I,FEE,B,D,R,I,I,U,I,P,I
INT,Synthetic banking trn_desc row 182,TRN,A,C,I,I,C,MIS_HEAD_,1919,2026-07-01,O,A,Y,MAKER_ID_182,N,2,2026-07-01,CHECKER_ID_1,601524.000,88,85,C,C,A,I,I,A,CURR,C,D,M,C,0,A,M,C,C,C,14,I,I,C,B,B,CURR,14,A,I,I,I,I,INT,B,D,R,I,I,U,I,P,I
REV,Synthetic banking trn_desc row 183,TRN,A,C,I,I,C,MIS_HEAD_,2785,2026-07-02,O,A,Y,MAKER_ID_183,N,9,2026-07-02,CHECKER_ID_1,526145.000,87,60,C,C,A,I,I,A,LOAN,D,D,M,D,0,A,M,C,C,C,12,I,I,C,B,B,LOAN,20,A,I,I,I,I,REV,B,D,R,I,I,U,I,P,I
PAY,Synthetic banking trn_desc row 184,TRN,A,C,I,I,C,MIS_HEAD_,9923,2026-07-03,O,A,Y,MAKER_ID_184,N,13,2026-07-03,CHECKER_ID_1,260349.000,12,45,C,C,A,I,I,A,TD01,C,D,M,C,0,A,M,C,C,C,3,I,I,C,B,B,TD01,7,A,I,I,I,I,PAY,B,D,R,I,I,U,I,P,I
ATM,Synthetic banking trn_desc row 185,TRN,A,C,I,I,C,MIS_HEAD_,9631,2026-07-04,O,U,Y,MAKER_ID_185,N,31,2026-07-04,CHECKER_ID_1,126364.000,1,20,C,C,A,I,I,A,CARD,D,D,M,D,0,A,M,C,C,C,11,I,I,C,B,B,CARD,25,A,I,I,I,I,ATM,B,D,R,I,I,U,I,P,I
DEP,Synthetic banking trn_desc row 186,TRN,A,C,I,I,C,MIS_HEAD_,720,2026-07-05,O,A,Y,MAKER_ID_186,N,22,2026-07-05,CHECKER_ID_1,791727.000,50,50,C,C,A,I,I,A,CLRG,C,D,M,C,0,A,M,C,C,C,30,I,I,C,B,B,CLRG,30,A,I,I,I,I,DEP,B,D,R,I,I,U,I,P,I
WDR,Synthetic banking trn_desc row 187,TRN,A,C,I,I,C,MIS_HEAD_,1793,2026-07-06,O,A,Y,MAKER_ID_187,N,20,2026-07-06,CHECKER_ID_1,928331.000,38,38,C,C,A,I,I,A,SAV1,D,D,M,D,0,A,M,C,C,C,19,I,I,C,B,B,SAV1,22,A,I,I,I,I,WDR,B,D,R,I,I,U,I,P,I
TRF,Synthetic banking trn_desc row 188,TRN,A,C,I,I,C,MIS_HEAD_,1590,2026-07-07,O,A,Y,MAKER_ID_188,N,35,2026-07-07,CHECKER_ID_1,101165.000,33,37,C,C,A,I,I,A,CURR,C,D,M,C,0,A,M,C,C,C,4,I,I,C,B,B,CURR,10,A,I,I,I,I,TRF,B,D,R,I,I,U,I,P,I
FEE,Synthetic banking trn_desc row 189,TRN,A,C,I,I,C,MIS_HEAD_,3527,2026-07-08,O,A,Y,MAKER_ID_189,N,14,2026-07-08,CHECKER_ID_1,943203.000,88,74,C,C,A,I,I,A,LOAN,D,D,M,D,0,A,M,C,C,C,27,I,I,C,B,B,LOAN,23,A,I,I,I,I,FEE,B,D,R,I,I,U,I,P,I
INT,Synthetic banking trn_desc row 190,TRN,A,C,I,I,C,MIS_HEAD_,7213,2026-07-09,O,A,Y,MAKER_ID_190,N,22,2026-07-09,CHECKER_ID_1,936026.000,48,96,C,C,A,I,I,A,TD01,C,D,M,C,0,A,M,C,C,C,16,I,I,C,B,B,TD01,3,A,I,I,I,I,INT,B,D,R,I,I,U,I,P,I
REV,Synthetic banking trn_desc row 191,TRN,A,C,I,I,C,MIS_HEAD_,4966,2026-07-10,O,A,Y,MAKER_ID_191,N,9,2026-07-10,CHECKER_ID_1,837418.000,41,59,C,C,A,I,I,A,CARD,D,D,M,D,0,A,M,C,C,C,1,I,I,C,B,B,CARD,16,A,I,I,I,I,REV,B,D,R,I,I,U,I,P,I
PAY,Synthetic banking trn_desc row 192,TRN,A,C,I,I,C,MIS_HEAD_,2782,2026-07-11,O,A,Y,MAKER_ID_192,N,35,2026-07-11,CHECKER_ID_1,569535.000,40,94,C,C,A,I,I,A,CLRG,C,D,M,C,0,A,M,C,C,C,5,I,I,C,B,B,CLRG,24,A,I,I,I,I,PAY,B,D,R,I,I,U,I,P,I
ATM,Synthetic banking trn_desc row 193,TRN,A,C,I,I,C,MIS_HEAD_,4852,2026-07-12,O,A,Y,MAKER_ID_193,N,6,2026-07-12,CHECKER_ID_1,461668.000,13,35,C,C,A,I,I,A,SAV1,D,D,M,D,0,A,M,C,C,C,36,I,I,C,B,B,SAV1,28,A,I,I,I,I,ATM,B,D,R,I,I,U,I,P,I
DEP,Synthetic banking trn_desc row 194,TRN,A,C,I,I,C,MIS_HEAD_,8194,2026-07-13,O,A,Y,MAKER_ID_194,N,2,2026-07-13,CHECKER_ID_1,998935.000,62,88,C,C,A,I,I,A,CURR,C,D,M,C,0,A,M,C,C,C,1,I,I,C,B,B,CURR,15,A,I,I,I,I,DEP,B,D,R,I,I,U,I,P,I
WDR,Synthetic banking trn_desc row 195,TRN,A,C,I,I,C,MIS_HEAD_,6944,2026-07-14,O,A,Y,MAKER_ID_195,N,17,2026-07-14,CHECKER_ID_1,254378.000,81,22,C,C,A,I,I,A,LOAN,D,D,M,D,0,A,M,C,C,C,9,I,I,C,B,B,LOAN,11,A,I,I,I,I,WDR,B,D,R,I,I,U,I,P,I
TRF,Synthetic banking trn_desc row 196,TRN,A,C,I,I,C,MIS_HEAD_,8403,2026-07-15,O,A,Y,MAKER_ID_196,N,28,2026-07-15,CHECKER_ID_1,877852.000,6,54,C,C,A,I,I,A,TD01,C,D,M,C,0,A,M,C,C,C,20,I,I,C,B,B,TD01,13,A,I,I,I,I,TRF,B,D,R,I,I,U,I,P,I
FEE,Synthetic banking trn_desc row 197,TRN,A,C,I,I,C,MIS_HEAD_,2781,2026-07-16,O,A,Y,MAKER_ID_197,N,14,2026-07-16,CHECKER_ID_1,945582.000,80,53,C,C,A,I,I,A,CARD,D,D,M,D,0,A,M,C,C,C,17,I,I,C,B,B,CARD,16,A,I,I,I,I,FEE,B,D,R,I,I,U,I,P,I
INT,Synthetic banking trn_desc row 198,TRN,A,C,I,I,C,MIS_HEAD_,3640,2026-07-17,O,A,Y,MAKER_ID_198,N,36,2026-07-17,CHECKER_ID_1,745196.000,18,8,C,C,A,I,I,A,CLRG,C,D,M,C,0,A,M,C,C,C,13,I,I,C,B,B,CLRG,23,A,I,I,I,I,INT,B,D,R,I,I,U,I,P,I
REV,Synthetic banking trn_desc row 199,TRN,A,C,I,I,C,MIS_HEAD_,7447,2026-07-18,O,A,Y,MAKER_ID_199,N,35,2026-07-18,CHECKER_ID_1,790043.000,4,11,C,C,A,I,I,A,SAV1,D,D,M,D,0,A,M,C,C,C,3,I,I,C,B,B,SAV1,30,A,I,I,I,I,REV,B,D,R,I,I,U,I,P,I
PAY,Synthetic banking trn_desc row 200,TRN,A,C,I,I,C,MIS_HEAD_,9287,2026-07-19,O,A,Y,MAKER_ID_200,N,16,2026-07-19,CHECKER_ID_2,401782.000,21,32,C,C,A,I,I,A,CURR,C,D,M,C,0,A,M,C,C,C,12,I,I,C,B,B,CURR,8,A,I,I,I,I,PAY,B,D,R,I,I,U,I,P,I
ATM,Synthetic banking trn_desc row 201,TRN,A,C,I,I,C,MIS_HEAD_,8239,2026-07-20,O,A,Y,MAKER_ID_201,N,18,2026-07-20,CHECKER_ID_2,354209.000,11,99,C,C,A,I,I,A,LOAN,D,D,M,D,0,A,M,C,C,C,12,I,I,C,B,B,LOAN,17,A,I,I,I,I,ATM,B,D,R,I,I,U,I,P,I
DEP,Synthetic banking trn_desc row 202,TRN,A,C,I,I,C,MIS_HEAD_,5055,2026-07-21,O,A,Y,MAKER_ID_202,N,34,2026-07-21,CHECKER_ID_2,684507.000,90,75,C,C,A,I,I,A,TD01,C,D,M,C,0,A,M,C,C,C,18,I,I,C,B,B,TD01,22,A,I,I,I,I,DEP,B,D,R,I,I,U,I,P,I
WDR,Synthetic banking trn_desc row 203,TRN,A,C,I,I,C,MIS_HEAD_,2606,2026-07-22,O,A,Y,MAKER_ID_203,N,21,2026-07-22,CHECKER_ID_2,448773.000,24,60,C,C,A,I,I,A,CARD,D,D,M,D,0,A,M,C,C,C,16,I,I,C,B,B,CARD,10,A,I,I,I,I,WDR,B,D,R,I,I,U,I,P,I
TRF,Synthetic banking trn_desc row 204,TRN,A,C,I,I,C,MIS_HEAD_,4606,2026-07-23,O,A,Y,MAKER_ID_204,N,33,2026-07-23,CHECKER_ID_2,884831.000,63,41,C,C,A,I,I,A,CLRG,C,D,M,C,0,A,M,C,C,C,7,I,I,C,B,B,CLRG,23,A,I,I,I,I,TRF,B,D,R,I,I,U,I,P,I
FEE,Synthetic banking trn_desc row 205,TRN,A,C,I,I,C,MIS_HEAD_,2927,2026-07-24,O,A,Y,MAKER_ID_205,N,24,2026-07-24,CHECKER_ID_2,938778.000,49,46,C,C,A,I,I,A,SAV1,D,D,M,D,0,A,M,C,C,C,21,I,I,C,B,B,SAV1,34,A,I,I,I,I,FEE,B,D,R,I,I,U,I,P,I
INT,Synthetic banking trn_desc row 206,TRN,A,C,I,I,C,MIS_HEAD_,5432,2026-07-25,O,A,Y,MAKER_ID_206,N,25,2026-07-25,CHECKER_ID_2,36417.000,71,82,C,C,A,I,I,A,CURR,C,D,M,C,0,A,M,C,C,C,18,I,I,C,B,B,CURR,30,A,I,I,I,I,INT,B,D,R,I,I,U,I,P,I
REV,Synthetic banking trn_desc row 207,TRN,A,C,I,I,C,MIS_HEAD_,9860,2026-07-26,O,A,Y,MAKER_ID_207,N,14,2026-07-26,CHECKER_ID_2,72906.000,11,35,C,C,A,I,I,A,LOAN,D,D,M,D,0,A,M,C,C,C,32,I,I,C,B,B,LOAN,30,A,I,I,I,I,REV,B,D,R,I,I,U,I,P,I
PAY,Synthetic banking trn_desc row 208,TRN,A,C,I,I,C,MIS_HEAD_,3715,2026-07-27,O,U,Y,MAKER_ID_208,N,21,2026-07-27,CHECKER_ID_2,594.000,20,47,C,C,A,I,I,A,TD01,C,D,M,C,0,A,M,C,C,C,0,I,I,C,B,B,TD01,28,A,I,I,I,I,PAY,B,D,R,I,I,U,I,P,I
ATM,Synthetic banking trn_desc row 209,TRN,A,C,I,I,C,MIS_HEAD_,4252,2026-07-28,O,A,Y,MAKER_ID_209,N,16,2026-07-28,CHECKER_ID_2,70225.000,60,10,C,C,A,I,I,A,CARD,D,D,M,D,0,A,M,C,C,C,12,I,I,C,B,B,CARD,16,A,I,I,I,I,ATM,B,D,R,I,I,U,I,P,I
DEP,Synthetic banking trn_desc row 210,TRN,A,C,I,I,C,MIS_HEAD_,3770,2026-07-29,O,A,Y,MAKER_ID_210,N,0,2026-07-29,CHECKER_ID_2,695260.000,91,88,C,C,A,I,I,A,CLRG,C,D,M,C,0,A,M,C,C,C,22,I,I,C,B,B,CLRG,8,A,I,I,I,I,DEP,B,D,R,I,I,U,I,P,I
WDR,Synthetic banking trn_desc row 211,TRN,A,C,I,I,C,MIS_HEAD_,3991,2026-07-30,O,A,Y,MAKER_ID_211,N,19,2026-07-30,CHECKER_ID_2,661624.000,38,95,C,C,A,I,I,A,SAV1,D,D,M,D,0,A,M,C,C,C,13,I,I,C,B,B,SAV1,1,A,I,I,I,I,WDR,B,D,R,I,I,U,I,P,I
TRF,Synthetic banking trn_desc row 212,TRN,A,C,I,I,C,MIS_HEAD_,9804,2026-07-31,O,A,Y,MAKER_ID_212,N,23,2026-07-31,CHECKER_ID_2,629849.000,45,64,C,C,A,I,I,A,CURR,C,D,M,C,0,A,M,C,C,C,15,I,I,C,B,B,CURR,16,A,I,I,I,I,TRF,B,D,R,I,I,U,I,P,I
FEE,Synthetic banking trn_desc row 213,TRN,A,C,I,I,C,MIS_HEAD_,804,2026-08-01,O,A,Y,MAKER_ID_213,N,18,2026-08-01,CHECKER_ID_2,212260.000,23,73,C,C,A,I,I,A,LOAN,D,D,M,D,0,A,M,C,C,C,7,I,I,C,B,B,LOAN,19,A,I,I,I,I,FEE,B,D,R,I,I,U,I,P,I
INT,Synthetic banking trn_desc row 214,TRN,A,C,I,I,C,MIS_HEAD_,3171,2026-08-02,O,A,Y,MAKER_ID_214,N,14,2026-08-02,CHECKER_ID_2,422366.000,44,80,C,C,A,I,I,A,TD01,C,D,M,C,0,A,M,C,C,C,15,I,I,C,B,B,TD01,5,A,I,I,I,I,INT,B,D,R,I,I,U,I,P,I
REV,Synthetic banking trn_desc row 215,TRN,A,C,I,I,C,MIS_HEAD_,9027,2026-08-03,O,A,Y,MAKER_ID_215,N,5,2026-08-03,CHECKER_ID_2,587129.000,20,71,C,C,A,I,I,A,CARD,D,D,M,D,0,A,M,C,C,C,26,I,I,C,B,B,CARD,31,A,I,I,I,I,REV,B,D,R,I,I,U,I,P,I
PAY,Synthetic banking trn_desc row 216,TRN,A,C,I,I,C,MIS_HEAD_,1096,2026-08-04,O,A,Y,MAKER_ID_216,N,8,2026-08-04,CHECKER_ID_2,476720.000,91,16,C,C,A,I,I,A,CLRG,C,D,M,C,0,A,M,C,C,C,15,I,I,C,B,B,CLRG,21,A,I,I,I,I,PAY,B,D,R,I,I,U,I,P,I
ATM,Synthetic banking trn_desc row 217,TRN,A,C,I,I,C,MIS_HEAD_,2859,2026-08-05,O,A,Y,MAKER_ID_217,N,21,2026-08-05,CHECKER_ID_2,510095.000,78,75,C,C,A,I,I,A,SAV1,D,D,M,D,0,A,M,C,C,C,10,I,I,C,B,B,SAV1,23,A,I,I,I,I,ATM,B,D,R,I,I,U,I,P,I
DEP,Synthetic banking trn_desc row 218,TRN,A,C,I,I,C,MIS_HEAD_,8377,2026-08-06,O,A,Y,MAKER_ID_218,N,20,2026-08-06,CHECKER_ID_2,671289.000,7,21,C,C,A,I,I,A,CURR,C,D,M,C,0,A,M,C,C,C,16,I,I,C,B,B,CURR,33,A,I,I,I,I,DEP,B,D,R,I,I,U,I,P,I
WDR,Synthetic banking trn_desc row 219,TRN,A,C,I,I,C,MIS_HEAD_,1026,2026-08-07,O,A,Y,MAKER_ID_219,N,14,2026-08-07,CHECKER_ID_2,626425.000,70,55,C,C,A,I,I,A,LOAN,D,D,M,D,0,A,M,C,C,C,35,I,I,C,B,B,LOAN,18,A,I,I,I,I,WDR,B,D,R,I,I,U,I,P,I
TRF,Synthetic banking trn_desc row 220,TRN,A,C,I,I,C,MIS_HEAD_,5731,2026-08-08,O,A,Y,MAKER_ID_220,N,31,2026-08-08,CHECKER_ID_2,529965.000,83,75,C,C,A,I,I,A,TD01,C,D,M,C,0,A,M,C,C,C,2,I,I,C,B,B,TD01,6,A,I,I,I,I,TRF,B,D,R,I,I,U,I,P,I
FEE,Synthetic banking trn_desc row 221,TRN,A,C,I,I,C,MIS_HEAD_,8229,2026-08-09,O,A,Y,MAKER_ID_221,N,21,2026-08-09,CHECKER_ID_2,925952.000,60,32,C,C,A,I,I,A,CARD,D,D,M,D,0,A,M,C,C,C,13,I,I,C,B,B,CARD,34,A,I,I,I,I,FEE,B,D,R,I,I,U,I,P,I
INT,Synthetic banking trn_desc row 222,TRN,A,C,I,I,C,MIS_HEAD_,4406,2026-08-10,O,A,Y,MAKER_ID_222,N,24,2026-08-10,CHECKER_ID_2,637803.000,84,31,C,C,A,I,I,A,CLRG,C,D,M,C,0,A,M,C,C,C,27,I,I,C,B,B,CLRG,35,A,I,I,I,I,INT,B,D,R,I,I,U,I,P,I
REV,Synthetic banking trn_desc row 223,TRN,A,C,I,I,C,MIS_HEAD_,8518,2026-08-11,O,A,Y,MAKER_ID_223,N,3,2026-08-11,CHECKER_ID_2,497356.000,48,26,C,C,A,I,I,A,SAV1,D,D,M,D,0,A,M,C,C,C,28,I,I,C,B,B,SAV1,30,A,I,I,I,I,REV,B,D,R,I,I,U,I,P,I
PAY,Synthetic banking trn_desc row 224,TRN,A,C,I,I,C,MIS_HEAD_,7761,2026-08-12,O,A,Y,MAKER_ID_224,N,26,2026-08-12,CHECKER_ID_2,974423.000,10,83,C,C,A,I,I,A,CURR,C,D,M,C,0,A,M,C,C,C,25,I,I,C,B,B,CURR,14,A,I,I,I,I,PAY,B,D,R,I,I,U,I,P,I
ATM,Synthetic banking trn_desc row 225,TRN,A,C,I,I,C,MIS_HEAD_,6588,2026-08-13,O,A,Y,MAKER_ID_225,N,23,2026-08-13,CHECKER_ID_2,835293.000,68,26,C,C,A,I,I,A,LOAN,D,D,M,D,0,A,M,C,C,C,22,I,I,C,B,B,LOAN,3,A,I,I,I,I,ATM,B,D,R,I,I,U,I,P,I
DEP,Synthetic banking trn_desc row 226,TRN,A,C,I,I,C,MIS_HEAD_,2143,2026-08-14,O,A,Y,MAKER_ID_226,N,21,2026-08-14,CHECKER_ID_2,687760.000,68,35,C,C,A,I,I,A,TD01,C,D,M,C,0,A,M,C,C,C,33,I,I,C,B,B,TD01,32,A,I,I,I,I,DEP,B,D,R,I,I,U,I,P,I
WDR,Synthetic banking trn_desc row 227,TRN,A,C,I,I,C,MIS_HEAD_,1115,2026-08-15,O,A,Y,MAKER_ID_227,N,36,2026-08-15,CHECKER_ID_2,731603.000,90,51,C,C,A,I,I,A,CARD,D,D,M,D,0,A,M,C,C,C,8,I,I,C,B,B,CARD,14,A,I,I,I,I,WDR,B,D,R,I,I,U,I,P,I
TRF,Synthetic banking trn_desc row 228,TRN,A,C,I,I,C,MIS_HEAD_,5131,2026-08-16,O,A,Y,MAKER_ID_228,N,3,2026-08-16,CHECKER_ID_2,917867.000,30,52,C,C,A,I,I,A,CLRG,C,D,M,C,0,A,M,C,C,C,7,I,I,C,B,B,CLRG,15,A,I,I,I,I,TRF,B,D,R,I,I,U,I,P,I
FEE,Synthetic banking trn_desc row 229,TRN,A,C,I,I,C,MIS_HEAD_,4201,2026-08-17,O,A,Y,MAKER_ID_229,N,30,2026-08-17,CHECKER_ID_2,38278.000,11,53,C,C,A,I,I,A,SAV1,D,D,M,D,0,A,M,C,C,C,27,I,I,C,B,B,SAV1,17,A,I,I,I,I,FEE,B,D,R,I,I,U,I,P,I
INT,Synthetic banking trn_desc row 230,TRN,A,C,I,I,C,MIS_HEAD_,4074,2026-08-18,O,A,Y,MAKER_ID_230,N,19,2026-08-18,CHECKER_ID_2,738675.000,31,99,C,C,A,I,I,A,CURR,C,D,M,C,0,A,M,C,C,C,21,I,I,C,B,B,CURR,7,A,I,I,I,I,INT,B,D,R,I,I,U,I,P,I
REV,Synthetic banking trn_desc row 231,TRN,A,C,I,I,C,MIS_HEAD_,9446,2026-08-19,O,U,Y,MAKER_ID_231,N,28,2026-08-19,CHECKER_ID_2,794333.000,33,40,C,C,A,I,I,A,LOAN,D,D,M,D,0,A,M,C,C,C,34,I,I,C,B,B,LOAN,30,A,I,I,I,I,REV,B,D,R,I,I,U,I,P,I
PAY,Synthetic banking trn_desc row 232,TRN,A,C,I,I,C,MIS_HEAD_,403,2026-08-20,O,A,Y,MAKER_ID_232,N,24,2026-08-20,CHECKER_ID_2,897864.000,94,42,C,C,A,I,I,A,TD01,C,D,M,C,0,A,M,C,C,C,1,I,I,C,B,B,TD01,21,A,I,I,I,I,PAY,B,D,R,I,I,U,I,P,I
ATM,Synthetic banking trn_desc row 233,TRN,A,C,I,I,C,MIS_HEAD_,7694,2026-08-21,O,A,Y,MAKER_ID_233,N,9,2026-08-21,CHECKER_ID_2,287981.000,82,49,C,C,A,I,I,A,CARD,D,D,M,D,0,A,M,C,C,C,16,I,I,C,B,B,CARD,5,A,I,I,I,I,ATM,B,D,R,I,I,U,I,P,I
DEP,Synthetic banking trn_desc row 234,TRN,A,C,I,I,C,MIS_HEAD_,2478,2026-08-22,O,A,Y,MAKER_ID_234,N,35,2026-08-22,CHECKER_ID_2,724204.000,54,59,C,C,A,I,I,A,CLRG,C,D,M,C,0,A,M,C,C,C,33,I,I,C,B,B,CLRG,1,A,I,I,I,I,DEP,B,D,R,I,I,U,I,P,I
WDR,Synthetic banking trn_desc row 235,TRN,A,C,I,I,C,MIS_HEAD_,6685,2026-08-23,O,A,Y,MAKER_ID_235,N,15,2026-08-23,CHECKER_ID_2,936808.000,16,46,C,C,A,I,I,A,SAV1,D,D,M,D,0,A,M,C,C,C,23,I,I,C,B,B,SAV1,29,A,I,I,I,I,WDR,B,D,R,I,I,U,I,P,I
TRF,Synthetic banking trn_desc row 236,TRN,A,C,I,I,C,MIS_HEAD_,583,2026-08-24,O,A,Y,MAKER_ID_236,N,30,2026-08-24,CHECKER_ID_2,759133.000,45,87,C,C,A,I,I,A,CURR,C,D,M,C,0,A,M,C,C,C,11,I,I,C,B,B,CURR,15,A,I,I,I,I,TRF,B,D,R,I,I,U,I,P,I
FEE,Synthetic banking trn_desc row 237,TRN,A,C,I,I,C,MIS_HEAD_,2207,2026-08-25,O,A,Y,MAKER_ID_237,N,28,2026-08-25,CHECKER_ID_2,315280.000,43,71,C,C,A,I,I,A,LOAN,D,D,M,D,0,A,M,C,C,C,34,I,I,C,B,B,LOAN,30,A,I,I,I,I,FEE,B,D,R,I,I,U,I,P,I
INT,Synthetic banking trn_desc row 238,TRN,A,C,I,I,C,MIS_HEAD_,1873,2026-08-26,O,A,Y,MAKER_ID_238,N,12,2026-08-26,CHECKER_ID_2,592865.000,22,24,C,C,A,I,I,A,TD01,C,D,M,C,0,A,M,C,C,C,36,I,I,C,B,B,TD01,17,A,I,I,I,I,INT,B,D,R,I,I,U,I,P,I
REV,Synthetic banking trn_desc row 239,TRN,A,C,I,I,C,MIS_HEAD_,9800,2026-08-27,O,A,Y,MAKER_ID_239,N,12,2026-08-27,CHECKER_ID_2,364468.000,71,26,C,C,A,I,I,A,CARD,D,D,M,D,0,A,M,C,C,C,10,I,I,C,B,B,CARD,32,A,I,I,I,I,REV,B,D,R,I,I,U,I,P,I
PAY,Synthetic banking trn_desc row 240,TRN,A,C,I,I,C,MIS_HEAD_,6889,2026-08-28,O,A,Y,MAKER_ID_240,N,22,2026-08-28,CHECKER_ID_2,562600.000,34,8,C,C,A,I,I,A,CLRG,C,D,M,C,0,A,M,C,C,C,8,I,I,C,B,B,CLRG,9,A,I,I,I,I,PAY,B,D,R,I,I,U,I,P,I
ATM,Synthetic banking trn_desc row 241,TRN,A,C,I,I,C,MIS_HEAD_,2673,2026-08-29,O,A,Y,MAKER_ID_241,N,21,2026-08-29,CHECKER_ID_2,568196.000,62,1,C,C,A,I,I,A,SAV1,D,D,M,D,0,A,M,C,C,C,21,I,I,C,B,B,SAV1,35,A,I,I,I,I,ATM,B,D,R,I,I,U,I,P,I
DEP,Synthetic banking trn_desc row 242,TRN,A,C,I,I,C,MIS_HEAD_,4096,2026-08-30,O,A,Y,MAKER_ID_242,N,35,2026-08-30,CHECKER_ID_2,393957.000,67,6,C,C,A,I,I,A,CURR,C,D,M,C,0,A,M,C,C,C,36,I,I,C,B,B,CURR,29,A,I,I,I,I,DEP,B,D,R,I,I,U,I,P,I
WDR,Synthetic banking trn_desc row 243,TRN,A,C,I,I,C,MIS_HEAD_,478,2026-08-31,O,A,Y,MAKER_ID_243,N,33,2026-08-31,CHECKER_ID_2,231870.000,96,2,C,C,A,I,I,A,LOAN,D,D,M,D,0,A,M,C,C,C,1,I,I,C,B,B,LOAN,14,A,I,I,I,I,WDR,B,D,R,I,I,U,I,P,I
TRF,Synthetic banking trn_desc row 244,TRN,A,C,I,I,C,MIS_HEAD_,2927,2026-09-01,O,A,Y,MAKER_ID_244,N,27,2026-09-01,CHECKER_ID_2,774968.000,90,39,C,C,A,I,I,A,TD01,C,D,M,C,0,A,M,C,C,C,35,I,I,C,B,B,TD01,31,A,I,I,I,I,TRF,B,D,R,I,I,U,I,P,I
FEE,Synthetic banking trn_desc row 245,TRN,A,C,I,I,C,MIS_HEAD_,9785,2026-09-02,O,A,Y,MAKER_ID_245,N,2,2026-09-02,CHECKER_ID_2,848913.000,6,50,C,C,A,I,I,A,CARD,D,D,M,D,0,A,M,C,C,C,16,I,I,C,B,B,CARD,33,A,I,I,I,I,FEE,B,D,R,I,I,U,I,P,I
INT,Synthetic banking trn_desc row 246,TRN,A,C,I,I,C,MIS_HEAD_,4126,2026-09-03,O,A,Y,MAKER_ID_246,N,10,2026-09-03,CHECKER_ID_2,379874.000,66,47,C,C,A,I,I,A,CLRG,C,D,M,C,0,A,M,C,C,C,34,I,I,C,B,B,CLRG,13,A,I,I,I,I,INT,B,D,R,I,I,U,I,P,I
REV,Synthetic banking trn_desc row 247,TRN,A,C,I,I,C,MIS_HEAD_,7298,2026-09-04,O,A,Y,MAKER_ID_247,N,15,2026-09-04,CHECKER_ID_2,549830.000,80,82,C,C,A,I,I,A,SAV1,D,D,M,D,0,A,M,C,C,C,26,I,I,C,B,B,SAV1,4,A,I,I,I,I,REV,B,D,R,I,I,U,I,P,I
PAY,Synthetic banking trn_desc row 248,TRN,A,C,I,I,C,MIS_HEAD_,9834,2026-09-05,O,A,Y,MAKER_ID_248,N,31,2026-09-05,CHECKER_ID_2,445977.000,48,71,C,C,A,I,I,A,CURR,C,D,M,C,0,A,M,C,C,C,2,I,I,C,B,B,CURR,13,A,I,I,I,I,PAY,B,D,R,I,I,U,I,P,I
ATM,Synthetic banking trn_desc row 249,TRN,A,C,I,I,C,MIS_HEAD_,6473,2026-09-06,O,A,Y,MAKER_ID_249,N,34,2026-09-06,CHECKER_ID_2,145692.000,14,32,C,C,A,I,I,A,LOAN,D,D,M,D,0,A,M,C,C,C,36,I,I,C,B,B,LOAN,4,A,I,I,I,I,ATM,B,D,R,I,I,U,I,P,I
DEP,Synthetic banking trn_desc row 250,TRN,A,C,I,I,C,MIS_HEAD_,990,2026-09-07,O,A,Y,MAKER_ID_250,N,27,2026-09-07,CHECKER_ID_2,310395.000,18,37,C,C,A,I,I,A,TD01,C,D,M,C,0,A,M,C,C,C,19,I,I,C,B,B,TD01,2,A,I,I,I,I,DEP,B,D,R,I,I,U,I,P,I
WDR,Synthetic banking trn_desc row 251,TRN,A,C,I,I,C,MIS_HEAD_,7554,2026-09-08,O,A,Y,MAKER_ID_251,N,9,2026-09-08,CHECKER_ID_2,518557.000,21,56,C,C,A,I,I,A,CARD,D,D,M,D,0,A,M,C,C,C,10,I,I,C,B,B,CARD,23,A,I,I,I,I,WDR,B,D,R,I,I,U,I,P,I
TRF,Synthetic banking trn_desc row 252,TRN,A,C,I,I,C,MIS_HEAD_,4650,2026-09-09,O,A,Y,MAKER_ID_252,N,14,2026-09-09,CHECKER_ID_2,844768.000,98,97,C,C,A,I,I,A,CLRG,C,D,M,C,0,A,M,C,C,C,23,I,I,C,B,B,CLRG,13,A,I,I,I,I,TRF,B,D,R,I,I,U,I,P,I
FEE,Synthetic banking trn_desc row 253,TRN,A,C,I,I,C,MIS_HEAD_,5089,2026-09-10,O,A,Y,MAKER_ID_253,N,10,2026-09-10,CHECKER_ID_2,837483.000,47,28,C,C,A,I,I,A,SAV1,D,D,M,D,0,A,M,C,C,C,27,I,I,C,B,B,SAV1,16,A,I,I,I,I,FEE,B,D,R,I,I,U,I,P,I
INT,Synthetic banking trn_desc row 254,TRN,A,C,I,I,C,MIS_HEAD_,7097,2026-09-11,O,U,Y,MAKER_ID_254,N,2,2026-09-11,CHECKER_ID_2,622662.000,56,83,C,C,A,I,I,A,CURR,C,D,M,C,0,A,M,C,C,C,23,I,I,C,B,B,CURR,12,A,I,I,I,I,INT,B,D,R,I,I,U,I,P,I
REV,Synthetic banking trn_desc row 255,TRN,A,C,I,I,C,MIS_HEAD_,4991,2026-09-12,O,A,Y,MAKER_ID_255,N,23,2026-09-12,CHECKER_ID_2,929397.000,65,83,C,C,A,I,I,A,LOAN,D,D,M,D,0,A,M,C,C,C,18,I,I,C,B,B,LOAN,4,A,I,I,I,I,REV,B,D,R,I,I,U,I,P,I
PAY,Synthetic banking trn_desc row 256,TRN,A,C,I,I,C,MIS_HEAD_,287,2026-09-13,O,A,Y,MAKER_ID_256,N,36,2026-09-13,CHECKER_ID_2,282641.000,28,85,C,C,A,I,I,A,TD01,C,D,M,C,0,A,M,C,C,C,27,I,I,C,B,B,TD01,9,A,I,I,I,I,PAY,B,D,R,I,I,U,I,P,I
ATM,Synthetic banking trn_desc row 257,TRN,A,C,I,I,C,MIS_HEAD_,6229,2026-09-14,O,A,Y,MAKER_ID_257,N,32,2026-09-14,CHECKER_ID_2,423291.000,68,65,C,C,A,I,I,A,CARD,D,D,M,D,0,A,M,C,C,C,15,I,I,C,B,B,CARD,22,A,I,I,I,I,ATM,B,D,R,I,I,U,I,P,I
DEP,Synthetic banking trn_desc row 258,TRN,A,C,I,I,C,MIS_HEAD_,3326,2026-09-15,O,A,Y,MAKER_ID_258,N,15,2026-09-15,CHECKER_ID_2,522182.000,83,30,C,C,A,I,I,A,CLRG,C,D,M,C,0,A,M,C,C,C,18,I,I,C,B,B,CLRG,35,A,I,I,I,I,DEP,B,D,R,I,I,U,I,P,I
WDR,Synthetic banking trn_desc row 259,TRN,A,C,I,I,C,MIS_HEAD_,3369,2026-09-16,O,A,Y,MAKER_ID_259,N,18,2026-09-16,CHECKER_ID_2,184751.000,41,89,C,C,A,I,I,A,SAV1,D,D,M,D,0,A,M,C,C,C,26,I,I,C,B,B,SAV1,31,A,I,I,I,I,WDR,B,D,R,I,I,U,I,P,I
TRF,Synthetic banking trn_desc row 260,TRN,A,C,I,I,C,MIS_HEAD_,5184,2026-09-17,O,A,Y,MAKER_ID_260,N,3,2026-09-17,CHECKER_ID_2,528550.000,1,6,C,C,A,I,I,A,CURR,C,D,M,C,0,A,M,C,C,C,17,I,I,C,B,B,CURR,33,A,I,I,I,I,TRF,B,D,R,I,I,U,I,P,I
FEE,Synthetic banking trn_desc row 261,TRN,A,C,I,I,C,MIS_HEAD_,9473,2026-09-18,O,A,Y,MAKER_ID_261,N,25,2026-09-18,CHECKER_ID_2,611608.000,12,29,C,C,A,I,I,A,LOAN,D,D,M,D,0,A,M,C,C,C,3,I,I,C,B,B,LOAN,0,A,I,I,I,I,FEE,B,D,R,I,I,U,I,P,I
INT,Synthetic banking trn_desc row 262,TRN,A,C,I,I,C,MIS_HEAD_,7,2026-09-19,O,A,Y,MAKER_ID_262,N,14,2026-09-19,CHECKER_ID_2,46457.000,67,7,C,C,A,I,I,A,TD01,C,D,M,C,0,A,M,C,C,C,32,I,I,C,B,B,TD01,16,A,I,I,I,I,INT,B,D,R,I,I,U,I,P,I
REV,Synthetic banking trn_desc row 263,TRN,A,C,I,I,C,MIS_HEAD_,6723,2026-09-20,O,A,Y,MAKER_ID_263,N,20,2026-09-20,CHECKER_ID_2,97128.000,12,45,C,C,A,I,I,A,CARD,D,D,M,D,0,A,M,C,C,C,12,I,I,C,B,B,CARD,1,A,I,I,I,I,REV,B,D,R,I,I,U,I,P,I
PAY,Synthetic banking trn_desc row 264,TRN,A,C,I,I,C,MIS_HEAD_,3134,2026-09-21,O,A,Y,MAKER_ID_264,N,8,2026-09-21,CHECKER_ID_2,147575.000,37,18,C,C,A,I,I,A,CLRG,C,D,M,C,0,A,M,C,C,C,21,I,I,C,B,B,CLRG,23,A,I,I,I,I,PAY,B,D,R,I,I,U,I,P,I
ATM,Synthetic banking trn_desc row 265,TRN,A,C,I,I,C,MIS_HEAD_,7068,2026-09-22,O,A,Y,MAKER_ID_265,N,34,2026-09-22,CHECKER_ID_2,933537.000,56,1,C,C,A,I,I,A,SAV1,D,D,M,D,0,A,M,C,C,C,4,I,I,C,B,B,SAV1,30,A,I,I,I,I,ATM,B,D,R,I,I,U,I,P,I
DEP,Synthetic banking trn_desc row 266,TRN,A,C,I,I,C,MIS_HEAD_,7356,2026-09-23,O,A,Y,MAKER_ID_266,N,26,2026-09-23,CHECKER_ID_2,996260.000,15,82,C,C,A,I,I,A,CURR,C,D,M,C,0,A,M,C,C,C,10,I,I,C,B,B,CURR,17,A,I,I,I,I,DEP,B,D,R,I,I,U,I,P,I
WDR,Synthetic banking trn_desc row 267,TRN,A,C,I,I,C,MIS_HEAD_,9963,2026-09-24,O,A,Y,MAKER_ID_267,N,34,2026-09-24,CHECKER_ID_2,236490.000,39,14,C,C,A,I,I,A,LOAN,D,D,M,D,0,A,M,C,C,C,12,I,I,C,B,B,LOAN,23,A,I,I,I,I,WDR,B,D,R,I,I,U,I,P,I
TRF,Synthetic banking trn_desc row 268,TRN,A,C,I,I,C,MIS_HEAD_,5817,2026-09-25,O,A,Y,MAKER_ID_268,N,18,2026-09-25,CHECKER_ID_2,600200.000,23,13,C,C,A,I,I,A,TD01,C,D,M,C,0,A,M,C,C,C,19,I,I,C,B,B,TD01,13,A,I,I,I,I,TRF,B,D,R,I,I,U,I,P,I
FEE,Synthetic banking trn_desc row 269,TRN,A,C,I,I,C,MIS_HEAD_,302,2026-09-26,O,A,Y,MAKER_ID_269,N,18,2026-09-26,CHECKER_ID_2,140057.000,64,4,C,C,A,I,I,A,CARD,D,D,M,D,0,A,M,C,C,C,30,I,I,C,B,B,CARD,11,A,I,I,I,I,FEE,B,D,R,I,I,U,I,P,I
INT,Synthetic banking trn_desc row 270,TRN,A,C,I,I,C,MIS_HEAD_,3156,2026-09-27,O,A,Y,MAKER_ID_270,N,23,2026-09-27,CHECKER_ID_2,346043.000,80,38,C,C,A,I,I,A,CLRG,C,D,M,C,0,A,M,C,C,C,14,I,I,C,B,B,CLRG,36,A,I,I,I,I,INT,B,D,R,I,I,U,I,P,I
REV,Synthetic banking trn_desc row 271,TRN,A,C,I,I,C,MIS_HEAD_,3497,2026-09-28,O,A,Y,MAKER_ID_271,N,19,2026-09-28,CHECKER_ID_2,189630.000,13,48,C,C,A,I,I,A,SAV1,D,D,M,D,0,A,M,C,C,C,22,I,I,C,B,B,SAV1,13,A,I,I,I,I,REV,B,D,R,I,I,U,I,P,I
PAY,Synthetic banking trn_desc row 272,TRN,A,C,I,I,C,MIS_HEAD_,6016,2026-09-29,O,A,Y,MAKER_ID_272,N,34,2026-09-29,CHECKER_ID_2,101114.000,90,21,C,C,A,I,I,A,CURR,C,D,M,C,0,A,M,C,C,C,10,I,I,C,B,B,CURR,14,A,I,I,I,I,PAY,B,D,R,I,I,U,I,P,I
ATM,Synthetic banking trn_desc row 273,TRN,A,C,I,I,C,MIS_HEAD_,1582,2026-09-30,O,A,Y,MAKER_ID_273,N,35,2026-09-30,CHECKER_ID_2,68683.000,82,23,C,C,A,I,I,A,LOAN,D,D,M,D,0,A,M,C,C,C,7,I,I,C,B,B,LOAN,26,A,I,I,I,I,ATM,B,D,R,I,I,U,I,P,I
DEP,Synthetic banking trn_desc row 274,TRN,A,C,I,I,C,MIS_HEAD_,6450,2026-10-01,O,A,Y,MAKER_ID_274,N,3,2026-10-01,CHECKER_ID_2,662251.000,66,84,C,C,A,I,I,A,TD01,C,D,M,C,0,A,M,C,C,C,12,I,I,C,B,B,TD01,28,A,I,I,I,I,DEP,B,D,R,I,I,U,I,P,I
WDR,Synthetic banking trn_desc row 275,TRN,A,C,I,I,C,MIS_HEAD_,2104,2026-10-02,O,A,Y,MAKER_ID_275,N,33,2026-10-02,CHECKER_ID_2,826780.000,45,46,C,C,A,I,I,A,CARD,D,D,M,D,0,A,M,C,C,C,12,I,I,C,B,B,CARD,34,A,I,I,I,I,WDR,B,D,R,I,I,U,I,P,I
TRF,Synthetic banking trn_desc row 276,TRN,A,C,I,I,C,MIS_HEAD_,1411,2026-10-03,O,A,Y,MAKER_ID_276,N,29,2026-10-03,CHECKER_ID_2,294973.000,30,14,C,C,A,I,I,A,CLRG,C,D,M,C,0,A,M,C,C,C,5,I,I,C,B,B,CLRG,0,A,I,I,I,I,TRF,B,D,R,I,I,U,I,P,I
FEE,Synthetic banking trn_desc row 277,TRN,A,C,I,I,C,MIS_HEAD_,7884,2026-10-04,O,U,Y,MAKER_ID_277,N,14,2026-10-04,CHECKER_ID_2,954786.000,68,45,C,C,A,I,I,A,SAV1,D,D,M,D,0,A,M,C,C,C,29,I,I,C,B,B,SAV1,13,A,I,I,I,I,FEE,B,D,R,I,I,U,I,P,I
INT,Synthetic banking trn_desc row 278,TRN,A,C,I,I,C,MIS_HEAD_,829,2026-10-05,O,A,Y,MAKER_ID_278,N,16,2026-10-05,CHECKER_ID_2,194663.000,33,15,C,C,A,I,I,A,CURR,C,D,M,C,0,A,M,C,C,C,1,I,I,C,B,B,CURR,36,A,I,I,I,I,INT,B,D,R,I,I,U,I,P,I
REV,Synthetic banking trn_desc row 279,TRN,A,C,I,I,C,MIS_HEAD_,2811,2026-10-06,O,A,Y,MAKER_ID_279,N,36,2026-10-06,CHECKER_ID_2,215412.000,47,82,C,C,A,I,I,A,LOAN,D,D,M,D,0,A,M,C,C,C,20,I,I,C,B,B,LOAN,13,A,I,I,I,I,REV,B,D,R,I,I,U,I,P,I
PAY,Synthetic banking trn_desc row 280,TRN,A,C,I,I,C,MIS_HEAD_,8475,2026-10-07,O,A,Y,MAKER_ID_280,N,2,2026-10-07,CHECKER_ID_2,307101.000,64,67,C,C,A,I,I,A,TD01,C,D,M,C,0,A,M,C,C,C,10,I,I,C,B,B,TD01,25,A,I,I,I,I,PAY,B,D,R,I,I,U,I,P,I
ATM,Synthetic banking trn_desc row 281,TRN,A,C,I,I,C,MIS_HEAD_,5724,2026-10-08,O,A,Y,MAKER_ID_281,N,23,2026-10-08,CHECKER_ID_2,952780.000,39,76,C,C,A,I,I,A,CARD,D,D,M,D,0,A,M,C,C,C,6,I,I,C,B,B,CARD,2,A,I,I,I,I,ATM,B,D,R,I,I,U,I,P,I
DEP,Synthetic banking trn_desc row 282,TRN,A,C,I,I,C,MIS_HEAD_,5933,2026-10-09,O,A,Y,MAKER_ID_282,N,36,2026-10-09,CHECKER_ID_2,641813.000,84,16,C,C,A,I,I,A,CLRG,C,D,M,C,0,A,M,C,C,C,5,I,I,C,B,B,CLRG,6,A,I,I,I,I,DEP,B,D,R,I,I,U,I,P,I
WDR,Synthetic banking trn_desc row 283,TRN,A,C,I,I,C,MIS_HEAD_,3320,2026-10-10,O,A,Y,MAKER_ID_283,N,28,2026-10-10,CHECKER_ID_2,477404.000,56,25,C,C,A,I,I,A,SAV1,D,D,M,D,0,A,M,C,C,C,28,I,I,C,B,B,SAV1,4,A,I,I,I,I,WDR,B,D,R,I,I,U,I,P,I
TRF,Synthetic banking trn_desc row 284,TRN,A,C,I,I,C,MIS_HEAD_,4661,2026-10-11,O,A,Y,MAKER_ID_284,N,7,2026-10-11,CHECKER_ID_2,93904.000,88,12,C,C,A,I,I,A,CURR,C,D,M,C,0,A,M,C,C,C,19,I,I,C,B,B,CURR,9,A,I,I,I,I,TRF,B,D,R,I,I,U,I,P,I
FEE,Synthetic banking trn_desc row 285,TRN,A,C,I,I,C,MIS_HEAD_,2129,2026-10-12,O,A,Y,MAKER_ID_285,N,4,2026-10-12,CHECKER_ID_2,315877.000,24,30,C,C,A,I,I,A,LOAN,D,D,M,D,0,A,M,C,C,C,29,I,I,C,B,B,LOAN,3,A,I,I,I,I,FEE,B,D,R,I,I,U,I,P,I
INT,Synthetic banking trn_desc row 286,TRN,A,C,I,I,C,MIS_HEAD_,4740,2026-10-13,O,A,Y,MAKER_ID_286,N,12,2026-10-13,CHECKER_ID_2,625491.000,0,56,C,C,A,I,I,A,TD01,C,D,M,C,0,A,M,C,C,C,35,I,I,C,B,B,TD01,19,A,I,I,I,I,INT,B,D,R,I,I,U,I,P,I
REV,Synthetic banking trn_desc row 287,TRN,A,C,I,I,C,MIS_HEAD_,3579,2026-10-14,O,A,Y,MAKER_ID_287,N,36,2026-10-14,CHECKER_ID_2,423749.000,63,3,C,C,A,I,I,A,CARD,D,D,M,D,0,A,M,C,C,C,26,I,I,C,B,B,CARD,1,A,I,I,I,I,REV,B,D,R,I,I,U,I,P,I
PAY,Synthetic banking trn_desc row 288,TRN,A,C,I,I,C,MIS_HEAD_,5122,2026-10-15,O,A,Y,MAKER_ID_288,N,22,2026-10-15,CHECKER_ID_2,883923.000,1,43,C,C,A,I,I,A,CLRG,C,D,M,C,0,A,M,C,C,C,0,I,I,C,B,B,CLRG,36,A,I,I,I,I,PAY,B,D,R,I,I,U,I,P,I
ATM,Synthetic banking trn_desc row 289,TRN,A,C,I,I,C,MIS_HEAD_,4158,2026-10-16,O,A,Y,MAKER_ID_289,N,23,2026-10-16,CHECKER_ID_2,435706.000,71,8,C,C,A,I,I,A,SAV1,D,D,M,D,0,A,M,C,C,C,20,I,I,C,B,B,SAV1,1,A,I,I,I,I,ATM,B,D,R,I,I,U,I,P,I
DEP,Synthetic banking trn_desc row 290,TRN,A,C,I,I,C,MIS_HEAD_,4329,2026-10-17,O,A,Y,MAKER_ID_290,N,0,2026-10-17,CHECKER_ID_2,728119.000,10,91,C,C,A,I,I,A,CURR,C,D,M,C,0,A,M,C,C,C,0,I,I,C,B,B,CURR,2,A,I,I,I,I,DEP,B,D,R,I,I,U,I,P,I
WDR,Synthetic banking trn_desc row 291,TRN,A,C,I,I,C,MIS_HEAD_,1718,2026-10-18,O,A,Y,MAKER_ID_291,N,13,2026-10-18,CHECKER_ID_2,164275.000,29,75,C,C,A,I,I,A,LOAN,D,D,M,D,0,A,M,C,C,C,18,I,I,C,B,B,LOAN,3,A,I,I,I,I,WDR,B,D,R,I,I,U,I,P,I
TRF,Synthetic banking trn_desc row 292,TRN,A,C,I,I,C,MIS_HEAD_,4573,2026-10-19,O,A,Y,MAKER_ID_292,N,29,2026-10-19,CHECKER_ID_2,337775.000,73,71,C,C,A,I,I,A,TD01,C,D,M,C,0,A,M,C,C,C,34,I,I,C,B,B,TD01,11,A,I,I,I,I,TRF,B,D,R,I,I,U,I,P,I
FEE,Synthetic banking trn_desc row 293,TRN,A,C,I,I,C,MIS_HEAD_,1259,2026-10-20,O,A,Y,MAKER_ID_293,N,2,2026-10-20,CHECKER_ID_2,764743.000,45,49,C,C,A,I,I,A,CARD,D,D,M,D,0,A,M,C,C,C,33,I,I,C,B,B,CARD,12,A,I,I,I,I,FEE,B,D,R,I,I,U,I,P,I
INT,Synthetic banking trn_desc row 294,TRN,A,C,I,I,C,MIS_HEAD_,1960,2026-10-21,O,A,Y,MAKER_ID_294,N,12,2026-10-21,CHECKER_ID_2,355473.000,12,87,C,C,A,I,I,A,CLRG,C,D,M,C,0,A,M,C,C,C,5,I,I,C,B,B,CLRG,8,A,I,I,I,I,INT,B,D,R,I,I,U,I,P,I
REV,Synthetic banking trn_desc row 295,TRN,A,C,I,I,C,MIS_HEAD_,1989,2026-10-22,O,A,Y,MAKER_ID_295,N,16,2026-10-22,CHECKER_ID_2,449342.000,74,17,C,C,A,I,I,A,SAV1,D,D,M,D,0,A,M,C,C,C,24,I,I,C,B,B,SAV1,26,A,I,I,I,I,REV,B,D,R,I,I,U,I,P,I
PAY,Synthetic banking trn_desc row 296,TRN,A,C,I,I,C,MIS_HEAD_,6764,2026-10-23,O,A,Y,MAKER_ID_296,N,10,2026-10-23,CHECKER_ID_2,279435.000,90,50,C,C,A,I,I,A,CURR,C,D,M,C,0,A,M,C,C,C,11,I,I,C,B,B,CURR,0,A,I,I,I,I,PAY,B,D,R,I,I,U,I,P,I
ATM,Synthetic banking trn_desc row 297,TRN,A,C,I,I,C,MIS_HEAD_,6127,2026-10-24,O,A,Y,MAKER_ID_297,N,2,2026-10-24,CHECKER_ID_2,829075.000,8,80,C,C,A,I,I,A,LOAN,D,D,M,D,0,A,M,C,C,C,27,I,I,C,B,B,LOAN,24,A,I,I,I,I,ATM,B,D,R,I,I,U,I,P,I
DEP,Synthetic banking trn_desc row 298,TRN,A,C,I,I,C,MIS_HEAD_,4914,2026-10-25,O,A,Y,MAKER_ID_298,N,27,2026-10-25,CHECKER_ID_2,353825.000,14,71,C,C,A,I,I,A,TD01,C,D,M,C,0,A,M,C,C,C,12,I,I,C,B,B,TD01,13,A,I,I,I,I,DEP,B,D,R,I,I,U,I,P,I
WDR,Synthetic banking trn_desc row 299,TRN,A,C,I,I,C,MIS_HEAD_,9015,2026-10-26,O,A,Y,MAKER_ID_299,N,2,2026-10-26,CHECKER_ID_2,267538.000,62,59,C,C,A,I,I,A,CARD,D,D,M,D,0,A,M,C,C,C,26,I,I,C,B,B,CARD,28,A,I,I,I,I,WDR,B,D,R,I,I,U,I,P,I
TRF,Synthetic banking trn_desc row 300,TRN,A,C,I,I,C,MIS_HEAD_,9534,2026-10-27,O,U,Y,MAKER_ID_300,N,8,2026-10-27,CHECKER_ID_3,12173.000,18,24,C,C,A,I,I,A,CLRG,C,D,M,C,0,A,M,C,C,C,9,I,I,C,B,B,CLRG,33,A,I,I,I,I,TRF,B,D,R,I,I,U,I,P,I
FEE,Synthetic banking trn_desc row 301,TRN,A,C,I,I,C,MIS_HEAD_,4294,2026-10-28,O,A,Y,MAKER_ID_301,N,32,2026-10-28,CHECKER_ID_3,564149.000,23,89,C,C,A,I,I,A,SAV1,D,D,M,D,0,A,M,C,C,C,30,I,I,C,B,B,SAV1,32,A,I,I,I,I,FEE,B,D,R,I,I,U,I,P,I
INT,Synthetic banking trn_desc row 302,TRN,A,C,I,I,C,MIS_HEAD_,1770,2026-10-29,O,A,Y,MAKER_ID_302,N,4,2026-10-29,CHECKER_ID_3,373964.000,57,10,C,C,A,I,I,A,CURR,C,D,M,C,0,A,M,C,C,C,11,I,I,C,B,B,CURR,12,A,I,I,I,I,INT,B,D,R,I,I,U,I,P,I
REV,Synthetic banking trn_desc row 303,TRN,A,C,I,I,C,MIS_HEAD_,8165,2026-10-30,O,A,Y,MAKER_ID_303,N,6,2026-10-30,CHECKER_ID_3,749389.000,98,33,C,C,A,I,I,A,LOAN,D,D,M,D,0,A,M,C,C,C,13,I,I,C,B,B,LOAN,31,A,I,I,I,I,REV,B,D,R,I,I,U,I,P,I
PAY,Synthetic banking trn_desc row 304,TRN,A,C,I,I,C,MIS_HEAD_,8172,2026-10-31,O,A,Y,MAKER_ID_304,N,8,2026-10-31,CHECKER_ID_3,455773.000,85,76,C,C,A,I,I,A,TD01,C,D,M,C,0,A,M,C,C,C,1,I,I,C,B,B,TD01,19,A,I,I,I,I,PAY,B,D,R,I,I,U,I,P,I
ATM,Synthetic banking trn_desc row 305,TRN,A,C,I,I,C,MIS_HEAD_,3468,2026-11-01,O,A,Y,MAKER_ID_305,N,4,2026-11-01,CHECKER_ID_3,169776.000,92,89,C,C,A,I,I,A,CARD,D,D,M,D,0,A,M,C,C,C,17,I,I,C,B,B,CARD,18,A,I,I,I,I,ATM,B,D,R,I,I,U,I,P,I
DEP,Synthetic banking trn_desc row 306,TRN,A,C,I,I,C,MIS_HEAD_,920,2026-11-02,O,A,Y,MAKER_ID_306,N,21,2026-11-02,CHECKER_ID_3,676348.000,36,59,C,C,A,I,I,A,CLRG,C,D,M,C,0,A,M,C,C,C,29,I,I,C,B,B,CLRG,9,A,I,I,I,I,DEP,B,D,R,I,I,U,I,P,I
WDR,Synthetic banking trn_desc row 307,TRN,A,C,I,I,C,MIS_HEAD_,5194,2026-11-03,O,A,Y,MAKER_ID_307,N,28,2026-11-03,CHECKER_ID_3,110219.000,38,10,C,C,A,I,I,A,SAV1,D,D,M,D,0,A,M,C,C,C,31,I,I,C,B,B,SAV1,24,A,I,I,I,I,WDR,B,D,R,I,I,U,I,P,I
TRF,Synthetic banking trn_desc row 308,TRN,A,C,I,I,C,MIS_HEAD_,4472,2026-11-04,O,A,Y,MAKER_ID_308,N,36,2026-11-04,CHECKER_ID_3,771176.000,86,60,C,C,A,I,I,A,CURR,C,D,M,C,0,A,M,C,C,C,22,I,I,C,B,B,CURR,33,A,I,I,I,I,TRF,B,D,R,I,I,U,I,P,I
FEE,Synthetic banking trn_desc row 309,TRN,A,C,I,I,C,MIS_HEAD_,9854,2026-11-05,O,A,Y,MAKER_ID_309,N,17,2026-11-05,CHECKER_ID_3,295799.000,64,72,C,C,A,I,I,A,LOAN,D,D,M,D,0,A,M,C,C,C,4,I,I,C,B,B,LOAN,23,A,I,I,I,I,FEE,B,D,R,I,I,U,I,P,I
INT,Synthetic banking trn_desc row 310,TRN,A,C,I,I,C,MIS_HEAD_,7223,2026-11-06,O,A,Y,MAKER_ID_310,N,22,2026-11-06,CHECKER_ID_3,815403.000,21,3,C,C,A,I,I,A,TD01,C,D,M,C,0,A,M,C,C,C,30,I,I,C,B,B,TD01,29,A,I,I,I,I,INT,B,D,R,I,I,U,I,P,I
REV,Synthetic banking trn_desc row 311,TRN,A,C,I,I,C,MIS_HEAD_,8946,2026-11-07,O,A,Y,MAKER_ID_311,N,19,2026-11-07,CHECKER_ID_3,38361.000,35,89,C,C,A,I,I,A,CARD,D,D,M,D,0,A,M,C,C,C,11,I,I,C,B,B,CARD,22,A,I,I,I,I,REV,B,D,R,I,I,U,I,P,I
PAY,Synthetic banking trn_desc row 312,TRN,A,C,I,I,C,MIS_HEAD_,8924,2026-11-08,O,A,Y,MAKER_ID_312,N,36,2026-11-08,CHECKER_ID_3,321542.000,0,60,C,C,A,I,I,A,CLRG,C,D,M,C,0,A,M,C,C,C,27,I,I,C,B,B,CLRG,36,A,I,I,I,I,PAY,B,D,R,I,I,U,I,P,I
ATM,Synthetic banking trn_desc row 313,TRN,A,C,I,I,C,MIS_HEAD_,6300,2026-11-09,O,A,Y,MAKER_ID_313,N,21,2026-11-09,CHECKER_ID_3,26562.000,97,11,C,C,A,I,I,A,SAV1,D,D,M,D,0,A,M,C,C,C,16,I,I,C,B,B,SAV1,30,A,I,I,I,I,ATM,B,D,R,I,I,U,I,P,I
DEP,Synthetic banking trn_desc row 314,TRN,A,C,I,I,C,MIS_HEAD_,8773,2026-11-10,O,A,Y,MAKER_ID_314,N,25,2026-11-10,CHECKER_ID_3,185862.000,95,19,C,C,A,I,I,A,CURR,C,D,M,C,0,A,M,C,C,C,23,I,I,C,B,B,CURR,17,A,I,I,I,I,DEP,B,D,R,I,I,U,I,P,I
WDR,Synthetic banking trn_desc row 315,TRN,A,C,I,I,C,MIS_HEAD_,1830,2026-11-11,O,A,Y,MAKER_ID_315,N,14,2026-11-11,CHECKER_ID_3,836250.000,66,80,C,C,A,I,I,A,LOAN,D,D,M,D,0,A,M,C,C,C,11,I,I,C,B,B,LOAN,22,A,I,I,I,I,WDR,B,D,R,I,I,U,I,P,I
TRF,Synthetic banking trn_desc row 316,TRN,A,C,I,I,C,MIS_HEAD_,5587,2026-11-12,O,A,Y,MAKER_ID_316,N,29,2026-11-12,CHECKER_ID_3,614764.000,23,6,C,C,A,I,I,A,TD01,C,D,M,C,0,A,M,C,C,C,2,I,I,C,B,B,TD01,34,A,I,I,I,I,TRF,B,D,R,I,I,U,I,P,I
FEE,Synthetic banking trn_desc row 317,TRN,A,C,I,I,C,MIS_HEAD_,4631,2026-11-13,O,A,Y,MAKER_ID_317,N,32,2026-11-13,CHECKER_ID_3,665848.000,34,14,C,C,A,I,I,A,CARD,D,D,M,D,0,A,M,C,C,C,4,I,I,C,B,B,CARD,3,A,I,I,I,I,FEE,B,D,R,I,I,U,I,P,I
INT,Synthetic banking trn_desc row 318,TRN,A,C,I,I,C,MIS_HEAD_,6683,2026-11-14,O,A,Y,MAKER_ID_318,N,34,2026-11-14,CHECKER_ID_3,969571.000,97,45,C,C,A,I,I,A,CLRG,C,D,M,C,0,A,M,C,C,C,3,I,I,C,B,B,CLRG,28,A,I,I,I,I,INT,B,D,R,I,I,U,I,P,I
REV,Synthetic banking trn_desc row 319,TRN,A,C,I,I,C,MIS_HEAD_,5083,2026-11-15,O,A,Y,MAKER_ID_319,N,29,2026-11-15,CHECKER_ID_3,90140.000,83,36,C,C,A,I,I,A,SAV1,D,D,M,D,0,A,M,C,C,C,36,I,I,C,B,B,SAV1,35,A,I,I,I,I,REV,B,D,R,I,I,U,I,P,I
PAY,Synthetic banking trn_desc row 320,TRN,A,C,I,I,C,MIS_HEAD_,9418,2026-11-16,O,A,Y,MAKER_ID_320,N,2,2026-11-16,CHECKER_ID_3,555945.000,14,93,C,C,A,I,I,A,CURR,C,D,M,C,0,A,M,C,C,C,5,I,I,C,B,B,CURR,32,A,I,I,I,I,PAY,B,D,R,I,I,U,I,P,I
ATM,Synthetic banking trn_desc row 321,TRN,A,C,I,I,C,MIS_HEAD_,1238,2026-11-17,O,A,Y,MAKER_ID_321,N,8,2026-11-17,CHECKER_ID_3,495791.000,81,68,C,C,A,I,I,A,LOAN,D,D,M,D,0,A,M,C,C,C,35,I,I,C,B,B,LOAN,2,A,I,I,I,I,ATM,B,D,R,I,I,U,I,P,I
DEP,Synthetic banking trn_desc row 322,TRN,A,C,I,I,C,MIS_HEAD_,2594,2026-11-18,O,A,Y,MAKER_ID_322,N,36,2026-11-18,CHECKER_ID_3,188601.000,68,66,C,C,A,I,I,A,TD01,C,D,M,C,0,A,M,C,C,C,10,I,I,C,B,B,TD01,21,A,I,I,I,I,DEP,B,D,R,I,I,U,I,P,I
WDR,Synthetic banking trn_desc row 323,TRN,A,C,I,I,C,MIS_HEAD_,7830,2026-11-19,O,U,Y,MAKER_ID_323,N,16,2026-11-19,CHECKER_ID_3,181353.000,90,68,C,C,A,I,I,A,CARD,D,D,M,D,0,A,M,C,C,C,20,I,I,C,B,B,CARD,28,A,I,I,I,I,WDR,B,D,R,I,I,U,I,P,I
TRF,Synthetic banking trn_desc row 324,TRN,A,C,I,I,C,MIS_HEAD_,9082,2026-11-20,O,A,Y,MAKER_ID_324,N,7,2026-11-20,CHECKER_ID_3,427128.000,68,79,C,C,A,I,I,A,CLRG,C,D,M,C,0,A,M,C,C,C,17,I,I,C,B,B,CLRG,3,A,I,I,I,I,TRF,B,D,R,I,I,U,I,P,I
FEE,Synthetic banking trn_desc row 325,TRN,A,C,I,I,C,MIS_HEAD_,2249,2026-11-21,O,A,Y,MAKER_ID_325,N,9,2026-11-21,CHECKER_ID_3,914296.000,97,10,C,C,A,I,I,A,SAV1,D,D,M,D,0,A,M,C,C,C,31,I,I,C,B,B,SAV1,1,A,I,I,I,I,FEE,B,D,R,I,I,U,I,P,I
INT,Synthetic banking trn_desc row 326,TRN,A,C,I,I,C,MIS_HEAD_,8131,2026-11-22,O,A,Y,MAKER_ID_326,N,12,2026-11-22,CHECKER_ID_3,242260.000,83,83,C,C,A,I,I,A,CURR,C,D,M,C,0,A,M,C,C,C,6,I,I,C,B,B,CURR,29,A,I,I,I,I,INT,B,D,R,I,I,U,I,P,I
REV,Synthetic banking trn_desc row 327,TRN,A,C,I,I,C,MIS_HEAD_,3273,2026-11-23,O,A,Y,MAKER_ID_327,N,5,2026-11-23,CHECKER_ID_3,905278.000,92,80,C,C,A,I,I,A,LOAN,D,D,M,D,0,A,M,C,C,C,17,I,I,C,B,B,LOAN,21,A,I,I,I,I,REV,B,D,R,I,I,U,I,P,I
PAY,Synthetic banking trn_desc row 328,TRN,A,C,I,I,C,MIS_HEAD_,1880,2026-11-24,O,A,Y,MAKER_ID_328,N,35,2026-11-24,CHECKER_ID_3,444705.000,72,36,C,C,A,I,I,A,TD01,C,D,M,C,0,A,M,C,C,C,15,I,I,C,B,B,TD01,32,A,I,I,I,I,PAY,B,D,R,I,I,U,I,P,I
ATM,Synthetic banking trn_desc row 329,TRN,A,C,I,I,C,MIS_HEAD_,1310,2026-11-25,O,A,Y,MAKER_ID_329,N,27,2026-11-25,CHECKER_ID_3,894591.000,60,48,C,C,A,I,I,A,CARD,D,D,M,D,0,A,M,C,C,C,28,I,I,C,B,B,CARD,22,A,I,I,I,I,ATM,B,D,R,I,I,U,I,P,I
DEP,Synthetic banking trn_desc row 330,TRN,A,C,I,I,C,MIS_HEAD_,4201,2026-11-26,O,A,Y,MAKER_ID_330,N,35,2026-11-26,CHECKER_ID_3,564016.000,55,49,C,C,A,I,I,A,CLRG,C,D,M,C,0,A,M,C,C,C,9,I,I,C,B,B,CLRG,17,A,I,I,I,I,DEP,B,D,R,I,I,U,I,P,I
WDR,Synthetic banking trn_desc row 331,TRN,A,C,I,I,C,MIS_HEAD_,3814,2026-11-27,O,A,Y,MAKER_ID_331,N,21,2026-11-27,CHECKER_ID_3,819358.000,85,99,C,C,A,I,I,A,SAV1,D,D,M,D,0,A,M,C,C,C,26,I,I,C,B,B,SAV1,22,A,I,I,I,I,WDR,B,D,R,I,I,U,I,P,I
TRF,Synthetic banking trn_desc row 332,TRN,A,C,I,I,C,MIS_HEAD_,7011,2026-11-28,O,A,Y,MAKER_ID_332,N,13,2026-11-28,CHECKER_ID_3,429220.000,51,56,C,C,A,I,I,A,CURR,C,D,M,C,0,A,M,C,C,C,16,I,I,C,B,B,CURR,27,A,I,I,I,I,TRF,B,D,R,I,I,U,I,P,I
FEE,Synthetic banking trn_desc row 333,TRN,A,C,I,I,C,MIS_HEAD_,7191,2026-11-29,O,A,Y,MAKER_ID_333,N,30,2026-11-29,CHECKER_ID_3,761177.000,46,98,C,C,A,I,I,A,LOAN,D,D,M,D,0,A,M,C,C,C,25,I,I,C,B,B,LOAN,24,A,I,I,I,I,FEE,B,D,R,I,I,U,I,P,I
INT,Synthetic banking trn_desc row 334,TRN,A,C,I,I,C,MIS_HEAD_,5600,2026-11-30,O,A,Y,MAKER_ID_334,N,34,2026-11-30,CHECKER_ID_3,225808.000,36,89,C,C,A,I,I,A,TD01,C,D,M,C,0,A,M,C,C,C,31,I,I,C,B,B,TD01,0,A,I,I,I,I,INT,B,D,R,I,I,U,I,P,I
REV,Synthetic banking trn_desc row 335,TRN,A,C,I,I,C,MIS_HEAD_,8934,2026-12-01,O,A,Y,MAKER_ID_335,N,0,2026-12-01,CHECKER_ID_3,453123.000,32,66,C,C,A,I,I,A,CARD,D,D,M,D,0,A,M,C,C,C,5,I,I,C,B,B,CARD,13,A,I,I,I,I,REV,B,D,R,I,I,U,I,P,I
PAY,Synthetic banking trn_desc row 336,TRN,A,C,I,I,C,MIS_HEAD_,9847,2026-12-02,O,A,Y,MAKER_ID_336,N,1,2026-12-02,CHECKER_ID_3,117076.000,65,39,C,C,A,I,I,A,CLRG,C,D,M,C,0,A,M,C,C,C,34,I,I,C,B,B,CLRG,6,A,I,I,I,I,PAY,B,D,R,I,I,U,I,P,I
ATM,Synthetic banking trn_desc row 337,TRN,A,C,I,I,C,MIS_HEAD_,4482,2026-12-03,O,A,Y,MAKER_ID_337,N,21,2026-12-03,CHECKER_ID_3,235361.000,45,15,C,C,A,I,I,A,SAV1,D,D,M,D,0,A,M,C,C,C,16,I,I,C,B,B,SAV1,29,A,I,I,I,I,ATM,B,D,R,I,I,U,I,P,I
DEP,Synthetic banking trn_desc row 338,TRN,A,C,I,I,C,MIS_HEAD_,6532,2026-12-04,O,A,Y,MAKER_ID_338,N,29,2026-12-04,CHECKER_ID_3,768135.000,85,2,C,C,A,I,I,A,CURR,C,D,M,C,0,A,M,C,C,C,24,I,I,C,B,B,CURR,14,A,I,I,I,I,DEP,B,D,R,I,I,U,I,P,I
WDR,Synthetic banking trn_desc row 339,TRN,A,C,I,I,C,MIS_HEAD_,3639,2026-12-05,O,A,Y,MAKER_ID_339,N,31,2026-12-05,CHECKER_ID_3,734978.000,22,98,C,C,A,I,I,A,LOAN,D,D,M,D,0,A,M,C,C,C,26,I,I,C,B,B,LOAN,18,A,I,I,I,I,WDR,B,D,R,I,I,U,I,P,I
TRF,Synthetic banking trn_desc row 340,TRN,A,C,I,I,C,MIS_HEAD_,2543,2026-12-06,O,A,Y,MAKER_ID_340,N,13,2026-12-06,CHECKER_ID_3,38571.000,64,8,C,C,A,I,I,A,TD01,C,D,M,C,0,A,M,C,C,C,36,I,I,C,B,B,TD01,9,A,I,I,I,I,TRF,B,D,R,I,I,U,I,P,I
FEE,Synthetic banking trn_desc row 341,TRN,A,C,I,I,C,MIS_HEAD_,1446,2026-12-07,O,A,Y,MAKER_ID_341,N,35,2026-12-07,CHECKER_ID_3,305620.000,41,52,C,C,A,I,I,A,CARD,D,D,M,D,0,A,M,C,C,C,25,I,I,C,B,B,CARD,29,A,I,I,I,I,FEE,B,D,R,I,I,U,I,P,I
INT,Synthetic banking trn_desc row 342,TRN,A,C,I,I,C,MIS_HEAD_,6158,2026-12-08,O,A,Y,MAKER_ID_342,N,25,2026-12-08,CHECKER_ID_3,982799.000,27,7,C,C,A,I,I,A,CLRG,C,D,M,C,0,A,M,C,C,C,15,I,I,C,B,B,CLRG,35,A,I,I,I,I,INT,B,D,R,I,I,U,I,P,I
REV,Synthetic banking trn_desc row 343,TRN,A,C,I,I,C,MIS_HEAD_,8384,2026-12-09,O,A,Y,MAKER_ID_343,N,34,2026-12-09,CHECKER_ID_3,735602.000,47,57,C,C,A,I,I,A,SAV1,D,D,M,D,0,A,M,C,C,C,10,I,I,C,B,B,SAV1,20,A,I,I,I,I,REV,B,D,R,I,I,U,I,P,I
PAY,Synthetic banking trn_desc row 344,TRN,A,C,I,I,C,MIS_HEAD_,3709,2026-12-10,O,A,Y,MAKER_ID_344,N,32,2026-12-10,CHECKER_ID_3,47084.000,33,35,C,C,A,I,I,A,CURR,C,D,M,C,0,A,M,C,C,C,29,I,I,C,B,B,CURR,32,A,I,I,I,I,PAY,B,D,R,I,I,U,I,P,I
ATM,Synthetic banking trn_desc row 345,TRN,A,C,I,I,C,MIS_HEAD_,1307,2026-12-11,O,A,Y,MAKER_ID_345,N,24,2026-12-11,CHECKER_ID_3,508731.000,40,82,C,C,A,I,I,A,LOAN,D,D,M,D,0,A,M,C,C,C,14,I,I,C,B,B,LOAN,32,A,I,I,I,I,ATM,B,D,R,I,I,U,I,P,I
DEP,Synthetic banking trn_desc row 346,TRN,A,C,I,I,C,MIS_HEAD_,5041,2026-12-12,O,U,Y,MAKER_ID_346,N,13,2026-12-12,CHECKER_ID_3,580936.000,0,22,C,C,A,I,I,A,TD01,C,D,M,C,0,A,M,C,C,C,8,I,I,C,B,B,TD01,0,A,I,I,I,I,DEP,B,D,R,I,I,U,I,P,I
WDR,Synthetic banking trn_desc row 347,TRN,A,C,I,I,C,MIS_HEAD_,8772,2026-12-13,O,A,Y,MAKER_ID_347,N,9,2026-12-13,CHECKER_ID_3,744461.000,94,49,C,C,A,I,I,A,CARD,D,D,M,D,0,A,M,C,C,C,31,I,I,C,B,B,CARD,7,A,I,I,I,I,WDR,B,D,R,I,I,U,I,P,I
TRF,Synthetic banking trn_desc row 348,TRN,A,C,I,I,C,MIS_HEAD_,3128,2026-12-14,O,A,Y,MAKER_ID_348,N,15,2026-12-14,CHECKER_ID_3,444043.000,8,31,C,C,A,I,I,A,CLRG,C,D,M,C,0,A,M,C,C,C,4,I,I,C,B,B,CLRG,11,A,I,I,I,I,TRF,B,D,R,I,I,U,I,P,I
FEE,Synthetic banking trn_desc row 349,TRN,A,C,I,I,C,MIS_HEAD_,9500,2026-12-15,O,A,Y,MAKER_ID_349,N,14,2026-12-15,CHECKER_ID_3,451528.000,44,76,C,C,A,I,I,A,SAV1,D,D,M,D,0,A,M,C,C,C,25,I,I,C,B,B,SAV1,34,A,I,I,I,I,FEE,B,D,R,I,I,U,I,P,I
INT,Synthetic banking trn_desc row 350,TRN,A,C,I,I,C,MIS_HEAD_,1797,2026-12-16,O,A,Y,MAKER_ID_350,N,30,2026-12-16,CHECKER_ID_3,31874.000,91,71,C,C,A,I,I,A,CURR,C,D,M,C,0,A,M,C,C,C,4,I,I,C,B,B,CURR,5,A,I,I,I,I,INT,B,D,R,I,I,U,I,P,I
REV,Synthetic banking trn_desc row 351,TRN,A,C,I,I,C,MIS_HEAD_,2247,2026-12-17,O,A,Y,MAKER_ID_351,N,4,2026-12-17,CHECKER_ID_3,569541.000,59,60,C,C,A,I,I,A,LOAN,D,D,M,D,0,A,M,C,C,C,5,I,I,C,B,B,LOAN,13,A,I,I,I,I,REV,B,D,R,I,I,U,I,P,I
PAY,Synthetic banking trn_desc row 352,TRN,A,C,I,I,C,MIS_HEAD_,5839,2026-12-18,O,A,Y,MAKER_ID_352,N,24,2026-12-18,CHECKER_ID_3,433543.000,20,64,C,C,A,I,I,A,TD01,C,D,M,C,0,A,M,C,C,C,3,I,I,C,B,B,TD01,19,A,I,I,I,I,PAY,B,D,R,I,I,U,I,P,I
ATM,Synthetic banking trn_desc row 353,TRN,A,C,I,I,C,MIS_HEAD_,5164,2026-12-19,O,A,Y,MAKER_ID_353,N,27,2026-12-19,CHECKER_ID_3,17148.000,78,28,C,C,A,I,I,A,CARD,D,D,M,D,0,A,M,C,C,C,5,I,I,C,B,B,CARD,17,A,I,I,I,I,ATM,B,D,R,I,I,U,I,P,I
DEP,Synthetic banking trn_desc row 354,TRN,A,C,I,I,C,MIS_HEAD_,2310,2026-12-20,O,A,Y,MAKER_ID_354,N,23,2026-12-20,CHECKER_ID_3,943787.000,66,45,C,C,A,I,I,A,CLRG,C,D,M,C,0,A,M,C,C,C,31,I,I,C,B,B,CLRG,10,A,I,I,I,I,DEP,B,D,R,I,I,U,I,P,I
WDR,Synthetic banking trn_desc row 355,TRN,A,C,I,I,C,MIS_HEAD_,925,2026-12-21,O,A,Y,MAKER_ID_355,N,17,2026-12-21,CHECKER_ID_3,396269.000,46,50,C,C,A,I,I,A,SAV1,D,D,M,D,0,A,M,C,C,C,22,I,I,C,B,B,SAV1,7,A,I,I,I,I,WDR,B,D,R,I,I,U,I,P,I
TRF,Synthetic banking trn_desc row 356,TRN,A,C,I,I,C,MIS_HEAD_,4315,2026-12-22,O,A,Y,MAKER_ID_356,N,16,2026-12-22,CHECKER_ID_3,307043.000,95,17,C,C,A,I,I,A,CURR,C,D,M,C,0,A,M,C,C,C,21,I,I,C,B,B,CURR,14,A,I,I,I,I,TRF,B,D,R,I,I,U,I,P,I
FEE,Synthetic banking trn_desc row 357,TRN,A,C,I,I,C,MIS_HEAD_,6893,2026-12-23,O,A,Y,MAKER_ID_357,N,18,2026-12-23,CHECKER_ID_3,688317.000,18,91,C,C,A,I,I,A,LOAN,D,D,M,D,0,A,M,C,C,C,36,I,I,C,B,B,LOAN,25,A,I,I,I,I,FEE,B,D,R,I,I,U,I,P,I
INT,Synthetic banking trn_desc row 358,TRN,A,C,I,I,C,MIS_HEAD_,2037,2026-12-24,O,A,Y,MAKER_ID_358,N,8,2026-12-24,CHECKER_ID_3,468152.000,2,93,C,C,A,I,I,A,TD01,C,D,M,C,0,A,M,C,C,C,35,I,I,C,B,B,TD01,29,A,I,I,I,I,INT,B,D,R,I,I,U,I,P,I
REV,Synthetic banking trn_desc row 359,TRN,A,C,I,I,C,MIS_HEAD_,6046,2026-12-25,O,A,Y,MAKER_ID_359,N,33,2026-12-25,CHECKER_ID_3,933985.000,81,18,C,C,A,I,I,A,CARD,D,D,M,D,0,A,M,C,C,C,26,I,I,C,B,B,CARD,34,A,I,I,I,I,REV,B,D,R,I,I,U,I,P,I
PAY,Synthetic banking trn_desc row 360,TRN,A,C,I,I,C,MIS_HEAD_,8233,2026-12-26,O,A,Y,MAKER_ID_360,N,13,2026-12-26,CHECKER_ID_3,304789.000,58,22,C,C,A,I,I,A,CLRG,C,D,M,C,0,A,M,C,C,C,17,I,I,C,B,B,CLRG,0,A,I,I,I,I,PAY,B,D,R,I,I,U,I,P,I
ATM,Synthetic banking trn_desc row 361,TRN,A,C,I,I,C,MIS_HEAD_,2064,2026-12-27,O,A,Y,MAKER_ID_361,N,5,2026-12-27,CHECKER_ID_3,661142.000,0,89,C,C,A,I,I,A,SAV1,D,D,M,D,0,A,M,C,C,C,0,I,I,C,B,B,SAV1,33,A,I,I,I,I,ATM,B,D,R,I,I,U,I,P,I
DEP,Synthetic banking trn_desc row 362,TRN,A,C,I,I,C,MIS_HEAD_,9658,2026-12-28,O,A,Y,MAKER_ID_362,N,4,2026-12-28,CHECKER_ID_3,708610.000,99,53,C,C,A,I,I,A,CURR,C,D,M,C,0,A,M,C,C,C,6,I,I,C,B,B,CURR,16,A,I,I,I,I,DEP,B,D,R,I,I,U,I,P,I
WDR,Synthetic banking trn_desc row 363,TRN,A,C,I,I,C,MIS_HEAD_,5674,2026-12-29,O,A,Y,MAKER_ID_363,N,29,2026-12-29,CHECKER_ID_3,115726.000,27,44,C,C,A,I,I,A,LOAN,D,D,M,D,0,A,M,C,C,C,35,I,I,C,B,B,LOAN,21,A,I,I,I,I,WDR,B,D,R,I,I,U,I,P,I
TRF,Synthetic banking trn_desc row 364,TRN,A,C,I,I,C,MIS_HEAD_,7480,2026-12-30,O,A,Y,MAKER_ID_364,N,28,2026-12-30,CHECKER_ID_3,364560.000,62,65,C,C,A,I,I,A,TD01,C,D,M,C,0,A,M,C,C,C,13,I,I,C,B,B,TD01,33,A,I,I,I,I,TRF,B,D,R,I,I,U,I,P,I
FEE,Synthetic banking trn_desc row 365,TRN,A,C,I,I,C,MIS_HEAD_,331,2026-12-31,O,A,Y,MAKER_ID_365,N,8,2026-12-31,CHECKER_ID_3,818383.000,94,31,C,C,A,I,I,A,CARD,D,D,M,D,0,A,M,C,C,C,28,I,I,C,B,B,CARD,18,A,I,I,I,I,FEE,B,D,R,I,I,U,I,P,I
INT,Synthetic banking trn_desc row 366,TRN,A,C,I,I,C,MIS_HEAD_,5022,2026-01-01,O,A,Y,MAKER_ID_366,N,28,2026-01-01,CHECKER_ID_3,459257.000,64,94,C,C,A,I,I,A,CLRG,C,D,M,C,0,A,M,C,C,C,30,I,I,C,B,B,CLRG,9,A,I,I,I,I,INT,B,D,R,I,I,U,I,P,I
REV,Synthetic banking trn_desc row 367,TRN,A,C,I,I,C,MIS_HEAD_,2432,2026-01-02,O,A,Y,MAKER_ID_367,N,4,2026-01-02,CHECKER_ID_3,45461.000,56,5,C,C,A,I,I,A,SAV1,D,D,M,D,0,A,M,C,C,C,9,I,I,C,B,B,SAV1,10,A,I,I,I,I,REV,B,D,R,I,I,U,I,P,I
