CCY,YEAR,MAKER_ID,ONCE_AUTH,AUTH_STAT,MOD_NO,RECORD_STAT,MAKER_DT_STAMP,WEEKLY_HOLIDAYS,CHECKER_DT_STAMP,CHECKER_ID
USD,2812,MAKER_ID_1,Y,U,8701,O,2026-01-01,WEEKLY_,2026-01-01,CHECKER_ID_1
PEN,390,MAKER_ID_2,Y,A,427,O,2026-01-02,WEEKLY_,2026-01-02,CHECKER_ID_2
EUR,7325,MAKER_ID_3,Y,A,7985,O,2026-01-03,WEEKLY_,2026-01-03,CHECKER_ID_3
BRL,3064,MAKER_ID_4,Y,A,3912,O,2026-01-04,WEEKLY_,2026-01-04,CHECKER_ID_4
USD,2707,MAKER_ID_5,Y,A,9287,O,2026-01-05,WEEKLY_,2026-01-05,CHECKER_ID_5
PEN,4135,MAKER_ID_6,Y,A,3862,O,2026-01-06,WEEKLY_,2026-01-06,CHECKER_ID_6
EUR,3474,MAKER_ID_7,Y,A,8631,O,2026-01-07,WEEKLY_,2026-01-07,CHECKER_ID_7
BRL,6425,MAKER_ID_8,Y,A,2246,O,2026-01-08,WEEKLY_,2026-01-08,CHECKER_ID_8
USD,1141,MAKER_ID_9,Y,A,5320,O,2026-01-09,WEEKLY_,2026-01-09,CHECKER_ID_9
PEN,5771,MAKER_ID_10,Y,A,9944,O,2026-01-10,WEEKLY_,2026-01-10,CHECKER_ID_1
EUR,7192,MAKER_ID_11,Y,A,4102,O,2026-01-11,WEEKLY_,2026-01-11,CHECKER_ID_1
BRL,1559,MAKER_ID_12,Y,A,653,O,2026-01-12,WEEKLY_,2026-01-12,CHECKER_ID_1
USD,9224,MAKER_ID_13,Y,A,6753,O,2026-01-13,WEEKLY_,2026-01-13,CHECKER_ID_1
PEN,2454,MAKER_ID_14,Y,A,6633,O,2026-01-14,WEEKLY_,2026-01-14,CHECKER_ID_1
EUR,927,MAKER_ID_15,Y,A,4348,O,2026-01-15,WEEKLY_,2026-01-15,CHECKER_ID_1
BRL,3395,MAKER_ID_16,Y,A,3371,O,2026-01-16,WEEKLY_,2026-01-16,CHECKER_ID_1
USD,1275,MAKER_ID_17,Y,A,6255,O,2026-01-17,WEEKLY_,2026-01-17,CHECKER_ID_1
PEN,5905,MAKER_ID_18,Y,A,9181,O,2026-01-18,WEEKLY_,2026-01-18,CHECKER_ID_1
EUR,9818,MAKER_ID_19,Y,A,1848,O,2026-01-19,WEEKLY_,2026-01-19,CHECKER_ID_1
BRL,4064,MAKER_ID_20,Y,A,2003,O,2026-01-20,WEEKLY_,2026-01-20,CHECKER_ID_2
USD,7553,MAKER_ID_21,Y,A,6553,O,2026-01-21,WEEKLY_,2026-01-21,CHECKER_ID_2
PEN,4053,MAKER_ID_22,Y,A,4045,O,2026-01-22,WEEKLY_,2026-01-22,CHECKER_ID_2
EUR,6007,MAKER_ID_23,Y,A,6641,O,2026-01-23,WEEKLY_,2026-01-23,CHECKER_ID_2
BRL,3542,MAKER_ID_24,Y,U,4906,O,2026-01-24,WEEKLY_,2026-01-24,CHECKER_ID_2
USD,2745,MAKER_ID_25,Y,A,9653,O,2026-01-25,WEEKLY_,2026-01-25,CHECKER_ID_2
PEN,6724,MAKER_ID_26,Y,A,2732,O,2026-01-26,WEEKLY_,2026-01-26,CHECKER_ID_2
EUR,9044,MAKER_ID_27,Y,A,4910,O,2026-01-27,WEEKLY_,2026-01-27,CHECKER_ID_2
BRL,6117,MAKER_ID_28,Y,A,3434,O,2026-01-28,WEEKLY_,2026-01-28,CHECKER_ID_2
USD,8955,MAKER_ID_29,Y,A,173,O,2026-01-29,WEEKLY_,2026-01-29,CHECKER_ID_2
PEN,7088,MAKER_ID_30,Y,A,132,O,2026-01-30,WEEKLY_,2026-01-30,CHECKER_ID_3
EUR,3446,MAKER_ID_31,Y,A,7930,O,2026-01-31,WEEKLY_,2026-01-31,CHECKER_ID_3
BRL,3983,MAKER_ID_32,Y,A,4279,O,2026-02-01,WEEKLY_,2026-02-01,CHECKER_ID_3
USD,7971,MAKER_ID_33,Y,A,4308,O,2026-02-02,WEEKLY_,2026-02-02,CHECKER_ID_3
PEN,541,MAKER_ID_34,Y,A,2393,O,2026-02-03,WEEKLY_,2026-02-03,CHECKER_ID_3
EUR,6936,MAKER_ID_35,Y,A,890,O,2026-02-04,WEEKLY_,2026-02-04,CHECKER_ID_3
BRL,225,MAKER_ID_36,Y,A,1046,O,2026-02-05,WEEKLY_,2026-02-05,CHECKER_ID_3
USD,3218,MAKER_ID_37,Y,A,4778,O,2026-02-06,WEEKLY_,2026-02-06,CHECKER_ID_3
PEN,1196,MAKER_ID_38,Y,A,2940,O,2026-02-07,WEEKLY_,2026-02-07,CHECKER_ID_3
EUR,9499,MAKER_ID_39,Y,A,5947,O,2026-02-08,WEEKLY_,2026-02-08,CHECKER_ID_3
BRL,2964,MAKER_ID_40,Y,A,3211,O,2026-02-09,WEEKLY_,2026-02-09,CHECKER_ID_4
USD,5889,MAKER_ID_41,Y,A,5146,O,2026-02-10,WEEKLY_,2026-02-10,CHECKER_ID_4
PEN,2223,MAKER_ID_42,Y,A,6324,O,2026-02-11,WEEKLY_,2026-02-11,CHECKER_ID_4
EUR,5166,MAKER_ID_43,Y,A,7496,O,2026-02-12,WEEKLY_,2026-02-12,CHECKER_ID_4
BRL,6907,MAKER_ID_44,Y,A,1041,O,2026-02-13,WEEKLY_,2026-02-13,CHECKER_ID_4
USD,6995,MAKER_ID_45,Y,A,8368,O,2026-02-14,WEEKLY_,2026-02-14,CHECKER_ID_4
PEN,4845,MAKER_ID_46,Y,A,1205,O,2026-02-15,WEEKLY_,2026-02-15,CHECKER_ID_4
EUR,2674,MAKER_ID_47,Y,U,6931,O,2026-02-16,WEEKLY_,2026-02-16,CHECKER_ID_4
BRL,4340,MAKER_ID_48,Y,A,510,O,2026-02-17,WEEKLY_,2026-02-17,CHECKER_ID_4
USD,2116,MAKER_ID_49,Y,A,2757,O,2026-02-18,WEEKLY_,2026-02-18,CHECKER_ID_4
PEN,8685,MAKER_ID_50,Y,A,8273,O,2026-02-19,WEEKLY_,2026-02-19,CHECKER_ID_5
EUR,7444,MAKER_ID_51,Y,A,2798,O,2026-02-20,WEEKLY_,2026-02-20,CHECKER_ID_5
BRL,3202,MAKER_ID_52,Y,A,4706,O,2026-02-21,WEEKLY_,2026-02-21,CHECKER_ID_5
USD,2607,MAKER_ID_53,Y,A,2072,O,2026-02-22,WEEKLY_,2026-02-22,CHECKER_ID_5
PEN,6876,MAKER_ID_54,Y,A,8730,O,2026-02-23,WEEKLY_,2026-02-23,CHECKER_ID_5
EUR,6629,MAKER_ID_55,Y,A,6121,O,2026-02-24,WEEKLY_,2026-02-24,CHECKER_ID_5
BRL,7018,MAKER_ID_56,Y,A,6345,O,2026-02-25,WEEKLY_,2026-02-25,CHECKER_ID_5
USD,1667,MAKER_ID_57,Y,A,2152,O,2026-02-26,WEEKLY_,2026-02-26,CHECKER_ID_5
PEN,2756,MAKER_ID_58,Y,A,9279,O,2026-02-27,WEEKLY_,2026-02-27,CHECKER_ID_5
EUR,6339,MAKER_ID_59,Y,A,1066,O,2026-02-28,WEEKLY_,2026-02-28,CHECKER_ID_5
BRL,9184,MAKER_ID_60,Y,A,3809,O,2026-03-01,WEEKLY_,2026-03-01,CHECKER_ID_6
USD,7124,MAKER_ID_61,Y,A,8379,O,2026-03-02,WEEKLY_,2026-03-02,CHECKER_ID_6
PEN,7168,MAKER_ID_62,Y,A,1523,O,2026-03-03,WEEKLY_,2026-03-03,CHECKER_ID_6
EUR,5341,MAKER_ID_63,Y,A,8795,O,2026-03-04,WEEKLY_,2026-03-04,CHECKER_ID_6
BRL,8827,MAKER_ID_64,Y,A,2036,O,2026-03-05,WEEKLY_,2026-03-05,CHECKER_ID_6
USD,6208,MAKER_ID_65,Y,A,3925,O,2026-03-06,WEEKLY_,2026-03-06,CHECKER_ID_6
PEN,4052,MAKER_ID_66,Y,A,6611,O,2026-03-07,WEEKLY_,2026-03-07,CHECKER_ID_6
EUR,7029,MAKER_ID_67,Y,A,7509,O,2026-03-08,WEEKLY_,2026-03-08,CHECKER_ID_6
BRL,4352,MAKER_ID_68,Y,A,9171,O,2026-03-09,WEEKLY_,2026-03-09,CHECKER_ID_6
USD,935,MAKER_ID_69,Y,A,2027,O,2026-03-10,WEEKLY_,2026-03-10,CHECKER_ID_6
PEN,7739,MAKER_ID_70,Y,U,940,O,2026-03-11,WEEKLY_,2026-03-11,CHECKER_ID_7
EUR,3284,MAKER_ID_71,Y,A,7309,O,2026-03-12,WEEKLY_,2026-03-12,CHECKER_ID_7
BRL,1024,MAKER_ID_72,Y,A,8819,O,2026-03-13,WEEKLY_,2026-03-13,CHECKER_ID_7
USD,4962,MAKER_ID_73,Y,A,3908,O,2026-03-14,WEEKLY_,2026-03-14,CHECKER_ID_7
PEN,3776,MAKER_ID_74,Y,A,2680,O,2026-03-15,WEEKLY_,2026-03-15,CHECKER_ID_7
EUR,247,MAKER_ID_75,Y,A,5715,O,2026-03-16,WEEKLY_,2026-03-16,CHECKER_ID_7
BRL,9294,MAKER_ID_76,Y,A,4429,O,2026-03-17,WEEKLY_,2026-03-17,CHECKER_ID_7
USD,5469,MAKER_ID_77,Y,A,7420,O,2026-03-18,WEEKLY_,2026-03-18,CHECKER_ID_7
PEN,5338,MAKER_ID_78,Y,A,1154,O,2026-03-19,WEEKLY_,2026-03-19,CHECKER_ID_7
EUR,1157,MAKER_ID_79,Y,A,3273,O,2026-03-20,WEEKLY_,2026-03-20,CHECKER_ID_7
BRL,4590,MAKER_ID_80,Y,A,2467,O,2026-03-21,WEEKLY_,2026-03-21,CHECKER_ID_8
USD,3524,MAKER_ID_81,Y,A,2650,O,2026-03-22,WEEKLY_,2026-03-22,CHECKER_ID_8
PEN,3743,MAKER_ID_82,Y,A,6908,O,2026-03-23,WEEKLY_,2026-03-23,CHECKER_ID_8
EUR,3229,MAKER_ID_83,Y,A,940,O,2026-03-24,WEEKLY_,2026-03-24,CHECKER_ID_8
BRL,6475,MAKER_ID_84,Y,A,6506,O,2026-03-25,WEEKLY_,2026-03-25,CHECKER_ID_8
USD,745,MAKER_ID_85,Y,A,3845,O,2026-03-26,WEEKLY_,2026-03-26,CHECKER_ID_8
PEN,9815,MAKER_ID_86,Y,A,8114,O,2026-03-27,WEEKLY_,2026-03-27,CHECKER_ID_8
EUR,3554,MAKER_ID_87,Y,A,412,O,2026-03-28,WEEKLY_,2026-03-28,CHECKER_ID_8
BRL,8751,MAKER_ID_88,Y,A,3827,O,2026-03-29,WEEKLY_,2026-03-29,CHECKER_ID_8
USD,5528,MAKER_ID_89,Y,A,4465,O,2026-03-30,WEEKLY_,2026-03-30,CHECKER_ID_8
PEN,4143,MAKER_ID_90,Y,A,4164,O,2026-03-31,WEEKLY_,2026-03-31,CHECKER_ID_9
EUR,7712,MAKER_ID_91,Y,A,2019,O,2026-04-01,WEEKLY_,2026-04-01,CHECKER_ID_9
BRL,4028,MAKER_ID_92,Y,A,4534,O,2026-04-02,WEEKLY_,2026-04-02,CHECKER_ID_9
USD,8220,MAKER_ID_93,Y,U,588,O,2026-04-03,WEEKLY_,2026-04-03,CHECKER_ID_9
PEN,5834,MAKER_ID_94,Y,A,4556,O,2026-04-04,WEEKLY_,2026-04-04,CHECKER_ID_9
EUR,2255,MAKER_ID_95,Y,A,1395,O,2026-04-05,WEEKLY_,2026-04-05,CHECKER_ID_9
BRL,2001,MAKER_ID_96,Y,A,1159,O,2026-04-06,WEEKLY_,2026-04-06,CHECKER_ID_9
USD,1316,MAKER_ID_97,Y,A,3500,O,2026-04-07,WEEKLY_,2026-04-07,CHECKER_ID_9
PEN,5675,MAKER_ID_98,Y,A,8022,O,2026-04-08,WEEKLY_,2026-04-08,CHECKER_ID_9
EUR,1150,MAKER_ID_99,Y,A,1958,O,2026-04-09,WEEKLY_,2026-04-09,CHECKER_ID_9
BRL,7460,MAKER_ID_100,Y,A,7306,O,2026-04-10,WEEKLY_,2026-04-10,CHECKER_ID_1
USD,9632,MAKER_ID_101,Y,A,4004,O,2026-04-11,WEEKLY_,2026-04-11,CHECKER_ID_1
PEN,2145,MAKER_ID_102,Y,A,4796,O,2026-04-12,WEEKLY_,2026-04-12,CHECKER_ID_1
EUR,1537,MAKER_ID_103,Y,A,8068,O,2026-04-13,WEEKLY_,2026-04-13,CHECKER_ID_1
BRL,2844,MAKER_ID_104,Y,A,5800,O,2026-04-14,WEEKLY_,2026-04-14,CHECKER_ID_1
USD,4697,MAKER_ID_105,Y,A,6240,O,2026-04-15,WEEKLY_,2026-04-15,CHECKER_ID_1
PEN,2337,MAKER_ID_106,Y,A,9816,O,2026-04-16,WEEKLY_,2026-04-16,CHECKER_ID_1
EUR,9953,MAKER_ID_107,Y,A,7524,O,2026-04-17,WEEKLY_,2026-04-17,CHECKER_ID_1
BRL,6052,MAKER_ID_108,Y,A,4204,O,2026-04-18,WEEKLY_,2026-04-18,CHECKER_ID_1
USD,2114,MAKER_ID_109,Y,A,1329,O,2026-04-19,WEEKLY_,2026-04-19,CHECKER_ID_1
PEN,7363,MAKER_ID_110,Y,A,9639,O,2026-04-20,WEEKLY_,2026-04-20,CHECKER_ID_1
EUR,7792,MAKER_ID_111,Y,A,177,O,2026-04-21,WEEKLY_,2026-04-21,CHECKER_ID_1
BRL,2698,MAKER_ID_112,Y,A,5839,O,2026-04-22,WEEKLY_,2026-04-22,CHECKER_ID_1
USD,6905,MAKER_ID_113,Y,A,878,O,2026-04-23,WEEKLY_,2026-04-23,CHECKER_ID_1
PEN,7059,MAKER_ID_114,Y,A,1752,O,2026-04-24,WEEKLY_,2026-04-24,CHECKER_ID_1
EUR,2907,MAKER_ID_115,Y,A,3614,O,2026-04-25,WEEKLY_,2026-04-25,CHECKER_ID_1
BRL,8706,MAKER_ID_116,Y,U,2511,O,2026-04-26,WEEKLY_,2026-04-26,CHECKER_ID_1
USD,4272,MAKER_ID_117,Y,A,5614,O,2026-04-27,WEEKLY_,2026-04-27,CHECKER_ID_1
PEN,8418,MAKER_ID_118,Y,A,5917,O,2026-04-28,WEEKLY_,2026-04-28,CHECKER_ID_1
EUR,1210,MAKER_ID_119,Y,A,8032,O,2026-04-29,WEEKLY_,2026-04-29,CHECKER_ID_1
BRL,1430,MAKER_ID_120,Y,A,376,O,2026-04-30,WEEKLY_,2026-04-30,CHECKER_ID_1
USD,5125,MAKER_ID_121,Y,A,8820,O,2026-05-01,WEEKLY_,2026-05-01,CHECKER_ID_1
PEN,3591,MAKER_ID_122,Y,A,2261,O,2026-05-02,WEEKLY_,2026-05-02,CHECKER_ID_1
EUR,8036,MAKER_ID_123,Y,A,6569,O,2026-05-03,WEEKLY_,2026-05-03,CHECKER_ID_1
BRL,7798,MAKER_ID_124,Y,A,7280,O,2026-05-04,WEEKLY_,2026-05-04,CHECKER_ID_1
USD,297,MAKER_ID_125,Y,A,6653,O,2026-05-05,WEEKLY_,2026-05-05,CHECKER_ID_1
PEN,4350,MAKER_ID_126,Y,A,7589,O,2026-05-06,WEEKLY_,2026-05-06,CHECKER_ID_1
EUR,1925,MAKER_ID_127,Y,A,1104,O,2026-05-07,WEEKLY_,2026-05-07,CHECKER_ID_1
BRL,3343,MAKER_ID_128,Y,A,2980,O,2026-05-08,WEEKLY_,2026-05-08,CHECKER_ID_1
USD,1953,MAKER_ID_129,Y,A,6359,O,2026-05-09,WEEKLY_,2026-05-09,CHECKER_ID_1
PEN,1590,MAKER_ID_130,Y,A,6518,O,2026-05-10,WEEKLY_,2026-05-10,CHECKER_ID_1
EUR,1673,MAKER_ID_131,Y,A,6427,O,2026-05-11,WEEKLY_,2026-05-11,CHECKER_ID_1
BRL,8774,MAKER_ID_132,Y,A,8221,O,2026-05-12,WEEKLY_,2026-05-12,CHECKER_ID_1
USD,7926,MAKER_ID_133,Y,A,1492,O,2026-05-13,WEEKLY_,2026-05-13,CHECKER_ID_1
PEN,4336,MAKER_ID_134,Y,A,745,O,2026-05-14,WEEKLY_,2026-05-14,CHECKER_ID_1
EUR,6829,MAKER_ID_135,Y,A,3502,O,2026-05-15,WEEKLY_,2026-05-15,CHECKER_ID_1
BRL,9839,MAKER_ID_136,Y,A,3509,O,2026-05-16,WEEKLY_,2026-05-16,CHECKER_ID_1
USD,8274,MAKER_ID_137,Y,A,1329,O,2026-05-17,WEEKLY_,2026-05-17,CHECKER_ID_1
PEN,6293,MAKER_ID_138,Y,A,5173,O,2026-05-18,WEEKLY_,2026-05-18,CHECKER_ID_1
EUR,2492,MAKER_ID_139,Y,U,9247,O,2026-05-19,WEEKLY_,2026-05-19,CHECKER_ID_1
BRL,4441,MAKER_ID_140,Y,A,7650,O,2026-05-20,WEEKLY_,2026-05-20,CHECKER_ID_1
USD,9176,MAKER_ID_141,Y,A,2900,O,2026-05-21,WEEKLY_,2026-05-21,CHECKER_ID_1
PEN,374,MAKER_ID_142,Y,A,4250,O,2026-05-22,WEEKLY_,2026-05-22,CHECKER_ID_1
EUR,5681,MAKER_ID_143,Y,A,5093,O,2026-05-23,WEEKLY_,2026-05-23,CHECKER_ID_1
BRL,7650,MAKER_ID_144,Y,A,6799,O,2026-05-24,WEEKLY_,2026-05-24,CHECKER_ID_1
USD,3723,MAKER_ID_145,Y,A,9618,O,2026-05-25,WEEKLY_,2026-05-25,CHECKER_ID_1
PEN,3577,MAKER_ID_146,Y,A,6490,O,2026-05-26,WEEKLY_,2026-05-26,CHECKER_ID_1
EUR,5625,MAKER_ID_147,Y,A,6284,O,2026-05-27,WEEKLY_,2026-05-27,CHECKER_ID_1
BRL,3073,MAKER_ID_148,Y,A,4162,O,2026-05-28,WEEKLY_,2026-05-28,CHECKER_ID_1
USD,5809,MAKER_ID_149,Y,A,2884,O,2026-05-29,WEEKLY_,2026-05-29,CHECKER_ID_1
PEN,986,MAKER_ID_150,Y,A,1970,O,2026-05-30,WEEKLY_,2026-05-30,CHECKER_ID_1
EUR,1463,MAKER_ID_151,Y,A,6221,O,2026-05-31,WEEKLY_,2026-05-31,CHECKER_ID_1
BRL,898,MAKER_ID_152,Y,A,7505,O,2026-06-01,WEEKLY_,2026-06-01,CHECKER_ID_1
USD,9705,MAKER_ID_153,Y,A,8033,O,2026-06-02,WEEKLY_,2026-06-02,CHECKER_ID_1
PEN,9755,MAKER_ID_154,Y,A,8079,O,2026-06-03,WEEKLY_,2026-06-03,CHECKER_ID_1
EUR,6601,MAKER_ID_155,Y,A,5143,O,2026-06-04,WEEKLY_,2026-06-04,CHECKER_ID_1
BRL,2842,MAKER_ID_156,Y,A,9696,O,2026-06-05,WEEKLY_,2026-06-05,CHECKER_ID_1
USD,531,MAKER_ID_157,Y,A,7684,O,2026-06-06,WEEKLY_,2026-06-06,CHECKER_ID_1
PEN,7505,MAKER_ID_158,Y,A,7915,O,2026-06-07,WEEKLY_,2026-06-07,CHECKER_ID_1
EUR,4452,MAKER_ID_159,Y,A,6911,O,2026-06-08,WEEKLY_,2026-06-08,CHECKER_ID_1
BRL,6285,MAKER_ID_160,Y,A,4354,O,2026-06-09,WEEKLY_,2026-06-09,CHECKER_ID_1
USD,3244,MAKER_ID_161,Y,A,9885,O,2026-06-10,WEEKLY_,2026-06-10,CHECKER_ID_1
PEN,6340,MAKER_ID_162,Y,U,7669,O,2026-06-11,WEEKLY_,2026-06-11,CHECKER_ID_1
EUR,7342,MAKER_ID_163,Y,A,6808,O,2026-06-12,WEEKLY_,2026-06-12,CHECKER_ID_1
BRL,7313,MAKER_ID_164,Y,A,8553,O,2026-06-13,WEEKLY_,2026-06-13,CHECKER_ID_1
USD,6015,MAKER_ID_165,Y,A,4801,O,2026-06-14,WEEKLY_,2026-06-14,CHECKER_ID_1
PEN,4026,MAKER_ID_166,Y,A,8782,O,2026-06-15,WEEKLY_,2026-06-15,CHECKER_ID_1
EUR,360,MAKER_ID_167,Y,A,3526,O,2026-06-16,WEEKLY_,2026-06-16,CHECKER_ID_1
BRL,1429,MAKER_ID_168,Y,A,7520,O,2026-06-17,WEEKLY_,2026-06-17,CHECKER_ID_1
USD,1132,MAKER_ID_169,Y,A,773,O,2026-06-18,WEEKLY_,2026-06-18,CHECKER_ID_1
PEN,7136,MAKER_ID_170,Y,A,4378,O,2026-06-19,WEEKLY_,2026-06-19,CHECKER_ID_1
EUR,2680,MAKER_ID_171,Y,A,9006,O,2026-06-20,WEEKLY_,2026-06-20,CHECKER_ID_1
BRL,4216,MAKER_ID_172,Y,A,4575,O,2026-06-21,WEEKLY_,2026-06-21,CHECKER_ID_1
USD,7194,MAKER_ID_173,Y,A,8046,O,2026-06-22,WEEKLY_,2026-06-22,CHECKER_ID_1
PEN,7840,MAKER_ID_174,Y,A,6646,O,2026-06-23,WEEKLY_,2026-06-23,CHECKER_ID_1
EUR,5427,MAKER_ID_175,Y,A,73,O,2026-06-24,WEEKLY_,2026-06-24,CHECKER_ID_1
BRL,6976,MAKER_ID_176,Y,A,5750,O,2026-06-25,WEEKLY_,2026-06-25,CHECKER_ID_1
USD,4565,MAKER_ID_177,Y,A,4013,O,2026-06-26,WEEKLY_,2026-06-26,CHECKER_ID_1
PEN,4587,MAKER_ID_178,Y,A,7768,O,2026-06-27,WEEKLY_,2026-06-27,CHECKER_ID_1
EUR,8579,MAKER_ID_179,Y,A,7806,O,2026-06-28,WEEKLY_,2026-06-28,CHECKER_ID_1
BRL,6086,MAKER_ID_180,Y,A,6656,O,2026-06-29,WEEKLY_,2026-06-29,CHECKER_ID_1
USD,5231,MAKER_ID_181,Y,A,4885,O,2026-06-30,WEEKLY_,2026-06-30,CHECKER_ID_1
PEN,7431,MAKER_ID_182,Y,A,4732,O,2026-07-01,WEEKLY_,2026-07-01,CHECKER_ID_1
EUR,3791,MAKER_ID_183,Y,A,3511,O,2026-07-02,WEEKLY_,2026-07-02,CHECKER_ID_1
BRL,598,MAKER_ID_184,Y,A,1489,O,2026-07-03,WEEKLY_,2026-07-03,CHECKER_ID_1
USD,3737,MAKER_ID_185,Y,U,4578,O,2026-07-04,WEEKLY_,2026-07-04,CHECKER_ID_1
PEN,2149,MAKER_ID_186,Y,A,2068,O,2026-07-05,WEEKLY_,2026-07-05,CHECKER_ID_1
EUR,7126,MAKER_ID_187,Y,A,9663,O,2026-07-06,WEEKLY_,2026-07-06,CHECKER_ID_1
BRL,3882,MAKER_ID_188,Y,A,9886,O,2026-07-07,WEEKLY_,2026-07-07,CHECKER_ID_1
USD,8932,MAKER_ID_189,Y,A,7610,O,2026-07-08,WEEKLY_,2026-07-08,CHECKER_ID_1
PEN,9190,MAKER_ID_190,Y,A,8469,O,2026-07-09,WEEKLY_,2026-07-09,CHECKER_ID_1
EUR,8520,MAKER_ID_191,Y,A,9607,O,2026-07-10,WEEKLY_,2026-07-10,CHECKER_ID_1
BRL,8715,MAKER_ID_192,Y,A,8514,O,2026-07-11,WEEKLY_,2026-07-11,CHECKER_ID_1
USD,20,MAKER_ID_193,Y,A,8362,O,2026-07-12,WEEKLY_,2026-07-12,CHECKER_ID_1
PEN,7714,MAKER_ID_194,Y,A,2098,O,2026-07-13,WEEKLY_,2026-07-13,CHECKER_ID_1
EUR,6420,MAKER_ID_195,Y,A,3118,O,2026-07-14,WEEKLY_,2026-07-14,CHECKER_ID_1
BRL,7613,MAKER_ID_196,Y,A,7863,O,2026-07-15,WEEKLY_,2026-07-15,CHECKER_ID_1
USD,5461,MAKER_ID_197,Y,A,8700,O,2026-07-16,WEEKLY_,2026-07-16,CHECKER_ID_1
PEN,183,MAKER_ID_198,Y,A,3592,O,2026-07-17,WEEKLY_,2026-07-17,CHECKER_ID_1
EUR,3783,MAKER_ID_199,Y,A,520,O,2026-07-18,WEEKLY_,2026-07-18,CHECKER_ID_1
BRL,664,MAKER_ID_200,Y,A,7040,O,2026-07-19,WEEKLY_,2026-07-19,CHECKER_ID_2
USD,2530,MAKER_ID_201,Y,A,8946,O,2026-07-20,WEEKLY_,2026-07-20,CHECKER_ID_2
PEN,9981,MAKER_ID_202,Y,A,9876,O,2026-07-21,WEEKLY_,2026-07-21,CHECKER_ID_2
EUR,6369,MAKER_ID_203,Y,A,5908,O,2026-07-22,WEEKLY_,2026-07-22,CHECKER_ID_2
BRL,9790,MAKER_ID_204,Y,A,863,O,2026-07-23,WEEKLY_,2026-07-23,CHECKER_ID_2
USD,2057,MAKER_ID_205,Y,A,7131,O,2026-07-24,WEEKLY_,2026-07-24,CHECKER_ID_2
PEN,2643,MAKER_ID_206,Y,A,2903,O,2026-07-25,WEEKLY_,2026-07-25,CHECKER_ID_2
EUR,225,MAKER_ID_207,Y,A,8648,O,2026-07-26,WEEKLY_,2026-07-26,CHECKER_ID_2
BRL,8191,MAKER_ID_208,Y,U,445,O,2026-07-27,WEEKLY_,2026-07-27,CHECKER_ID_2
USD,8777,MAKER_ID_209,Y,A,8859,O,2026-07-28,WEEKLY_,2026-07-28,CHECKER_ID_2
PEN,4937,MAKER_ID_210,Y,A,1895,O,2026-07-29,WEEKLY_,2026-07-29,CHECKER_ID_2
EUR,9148,MAKER_ID_211,Y,A,8564,O,2026-07-30,WEEKLY_,2026-07-30,CHECKER_ID_2
BRL,5564,MAKER_ID_212,Y,A,9350,O,2026-07-31,WEEKLY_,2026-07-31,CHECKER_ID_2
USD,5869,MAKER_ID_213,Y,A,2522,O,2026-08-01,WEEKLY_,2026-08-01,CHECKER_ID_2
PEN,3715,MAKER_ID_214,Y,A,9046,O,2026-08-02,WEEKLY_,2026-08-02,CHECKER_ID_2
EUR,8772,MAKER_ID_215,Y,A,6525,O,2026-08-03,WEEKLY_,2026-08-03,CHECKER_ID_2
BRL,2846,MAKER_ID_216,Y,A,6332,O,2026-08-04,WEEKLY_,2026-08-04,CHECKER_ID_2
USD,4115,MAKER_ID_217,Y,A,8135,O,2026-08-05,WEEKLY_,2026-08-05,CHECKER_ID_2
PEN,1320,MAKER_ID_218,Y,A,9839,O,2026-08-06,WEEKLY_,2026-08-06,CHECKER_ID_2
EUR,2326,MAKER_ID_219,Y,A,9154,O,2026-08-07,WEEKLY_,2026-08-07,CHECKER_ID_2
BRL,93,MAKER_ID_220,Y,A,7417,O,2026-08-08,WEEKLY_,2026-08-08,CHECKER_ID_2
USD,6030,MAKER_ID_221,Y,A,5295,O,2026-08-09,WEEKLY_,2026-08-09,CHECKER_ID_2
PEN,9456,MAKER_ID_222,Y,A,7190,O,2026-08-10,WEEKLY_,2026-08-10,CHECKER_ID_2
EUR,2099,MAKER_ID_223,Y,A,6880,O,2026-08-11,WEEKLY_,2026-08-11,CHECKER_ID_2
BRL,6808,MAKER_ID_224,Y,A,5254,O,2026-08-12,WEEKLY_,2026-08-12,CHECKER_ID_2
USD,3261,MAKER_ID_225,Y,A,880,O,2026-08-13,WEEKLY_,2026-08-13,CHECKER_ID_2
PEN,8765,MAKER_ID_226,Y,A,818,O,2026-08-14,WEEKLY_,2026-08-14,CHECKER_ID_2
EUR,7241,MAKER_ID_227,Y,A,8032,O,2026-08-15,WEEKLY_,2026-08-15,CHECKER_ID_2
BRL,5895,MAKER_ID_228,Y,A,1774,O,2026-08-16,WEEKLY_,2026-08-16,CHECKER_ID_2
USD,891,MAKER_ID_229,Y,A,9539,O,2026-08-17,WEEKLY_,2026-08-17,CHECKER_ID_2
PEN,1075,MAKER_ID_230,Y,A,1970,O,2026-08-18,WEEKLY_,2026-08-18,CHECKER_ID_2
EUR,6814,MAKER_ID_231,Y,U,5192,O,2026-08-19,WEEKLY_,2026-08-19,CHECKER_ID_2
BRL,2549,MAKER_ID_232,Y,A,102,O,2026-08-20,WEEKLY_,2026-08-20,CHECKER_ID_2
USD,8572,MAKER_ID_233,Y,A,6918,O,2026-08-21,WEEKLY_,2026-08-21,CHECKER_ID_2
PEN,6042,MAKER_ID_234,Y,A,2460,O,2026-08-22,WEEKLY_,2026-08-22,CHECKER_ID_2
EUR,1375,MAKER_ID_235,Y,A,38,O,2026-08-23,WEEKLY_,2026-08-23,CHECKER_ID_2
BRL,2949,MAKER_ID_236,Y,A,7602,O,2026-08-24,WEEKLY_,2026-08-24,CHECKER_ID_2
USD,2211,MAKER_ID_237,Y,A,8699,O,2026-08-25,WEEKLY_,2026-08-25,CHECKER_ID_2
PEN,6830,MAKER_ID_238,Y,A,657,O,2026-08-26,WEEKLY_,2026-08-26,CHECKER_ID_2
EUR,8771,MAKER_ID_239,Y,A,9170,O,2026-08-27,WEEKLY_,2026-08-27,CHECKER_ID_2
BRL,5141,MAKER_ID_240,Y,A,6758,O,2026-08-28,WEEKLY_,2026-08-28,CHECKER_ID_2
USD,7771,MAKER_ID_241,Y,A,2519,O,2026-08-29,WEEKLY_,2026-08-29,CHECKER_ID_2
PEN,4779,MAKER_ID_242,Y,A,5625,O,2026-08-30,WEEKLY_,2026-08-30,CHECKER_ID_2
EUR,7348,MAKER_ID_243,Y,A,7191,O,2026-08-31,WEEKLY_,2026-08-31,CHECKER_ID_2
BRL,9130,MAKER_ID_244,Y,A,9416,O,2026-09-01,WEEKLY_,2026-09-01,CHECKER_ID_2
USD,6658,MAKER_ID_245,Y,A,3710,O,2026-09-02,WEEKLY_,2026-09-02,CHECKER_ID_2
PEN,3325,MAKER_ID_246,Y,A,9724,O,2026-09-03,WEEKLY_,2026-09-03,CHECKER_ID_2
EUR,7725,MAKER_ID_247,Y,A,5400,O,2026-09-04,WEEKLY_,2026-09-04,CHECKER_ID_2
BRL,8686,MAKER_ID_248,Y,A,6442,O,2026-09-05,WEEKLY_,2026-09-05,CHECKER_ID_2
USD,9472,MAKER_ID_249,Y,A,8380,O,2026-09-06,WEEKLY_,2026-09-06,CHECKER_ID_2
PEN,4859,MAKER_ID_250,Y,A,22,O,2026-09-07,WEEKLY_,2026-09-07,CHECKER_ID_2
EUR,7028,MAKER_ID_251,Y,A,135,O,2026-09-08,WEEKLY_,2026-09-08,CHECKER_ID_2
BRL,2430,MAKER_ID_252,Y,A,9337,O,2026-09-09,WEEKLY_,2026-09-09,CHECKER_ID_2
USD,4550,MAKER_ID_253,Y,A,6405,O,2026-09-10,WEEKLY_,2026-09-10,CHECKER_ID_2
PEN,9946,MAKER_ID_254,Y,U,9481,O,2026-09-11,WEEKLY_,2026-09-11,CHECKER_ID_2
EUR,8930,MAKER_ID_255,Y,A,4542,O,2026-09-12,WEEKLY_,2026-09-12,CHECKER_ID_2
BRL,7843,MAKER_ID_256,Y,A,4002,O,2026-09-13,WEEKLY_,2026-09-13,CHECKER_ID_2
USD,2536,MAKER_ID_257,Y,A,8284,O,2026-09-14,WEEKLY_,2026-09-14,CHECKER_ID_2
PEN,3690,MAKER_ID_258,Y,A,9970,O,2026-09-15,WEEKLY_,2026-09-15,CHECKER_ID_2
EUR,6594,MAKER_ID_259,Y,A,6833,O,2026-09-16,WEEKLY_,2026-09-16,CHECKER_ID_2
BRL,5900,MAKER_ID_260,Y,A,7017,O,2026-09-17,WEEKLY_,2026-09-17,CHECKER_ID_2
USD,9927,MAKER_ID_261,Y,A,8291,O,2026-09-18,WEEKLY_,2026-09-18,CHECKER_ID_2
PEN,9439,MAKER_ID_262,Y,A,2108,O,2026-09-19,WEEKLY_,2026-09-19,CHECKER_ID_2
EUR,1829,MAKER_ID_263,Y,A,919,O,2026-09-20,WEEKLY_,2026-09-20,CHECKER_ID_2
BRL,7607,MAKER_ID_264,Y,A,7747,O,2026-09-21,WEEKLY_,2026-09-21,CHECKER_ID_2
USD,2604,MAKER_ID_265,Y,A,3886,O,2026-09-22,WEEKLY_,2026-09-22,CHECKER_ID_2
PEN,544,MAKER_ID_266,Y,A,6051,O,2026-09-23,WEEKLY_,2026-09-23,CHECKER_ID_2
EUR,6906,MAKER_ID_267,Y,A,3069,O,2026-09-24,WEEKLY_,2026-09-24,CHECKER_ID_2
BRL,3299,MAKER_ID_268,Y,A,1476,O,2026-09-25,WEEKLY_,2026-09-25,CHECKER_ID_2
USD,3218,MAKER_ID_269,Y,A,6257,O,2026-09-26,WEEKLY_,2026-09-26,CHECKER_ID_2
PEN,7845,MAKER_ID_270,Y,A,5224,O,2026-09-27,WEEKLY_,2026-09-27,CHECKER_ID_2
EUR,1561,MAKER_ID_271,Y,A,1256,O,2026-09-28,WEEKLY_,2026-09-28,CHECKER_ID_2
BRL,1338,MAKER_ID_272,Y,A,7163,O,2026-09-29,WEEKLY_,2026-09-29,CHECKER_ID_2
USD,8665,MAKER_ID_273,Y,A,9726,O,2026-09-30,WEEKLY_,2026-09-30,CHECKER_ID_2
PEN,3757,MAKER_ID_274,Y,A,8333,O,2026-10-01,WEEKLY_,2026-10-01,CHECKER_ID_2
EUR,1227,MAKER_ID_275,Y,A,7653,O,2026-10-02,WEEKLY_,2026-10-02,CHECKER_ID_2
BRL,6479,MAKER_ID_276,Y,A,786,O,2026-10-03,WEEKLY_,2026-10-03,CHECKER_ID_2
USD,5756,MAKER_ID_277,Y,U,1040,O,2026-10-04,WEEKLY_,2026-10-04,CHECKER_ID_2
PEN,1543,MAKER_ID_278,Y,A,7750,O,2026-10-05,WEEKLY_,2026-10-05,CHECKER_ID_2
EUR,1647,MAKER_ID_279,Y,A,2050,O,2026-10-06,WEEKLY_,2026-10-06,CHECKER_ID_2
BRL,8290,MAKER_ID_280,Y,A,8611,O,2026-10-07,WEEKLY_,2026-10-07,CHECKER_ID_2
USD,3873,MAKER_ID_281,Y,A,9426,O,2026-10-08,WEEKLY_,2026-10-08,CHECKER_ID_2
PEN,9921,MAKER_ID_282,Y,A,5682,O,2026-10-09,WEEKLY_,2026-10-09,CHECKER_ID_2
EUR,1073,MAKER_ID_283,Y,A,2203,O,2026-10-10,WEEKLY_,2026-10-10,CHECKER_ID_2
BRL,7185,MAKER_ID_284,Y,A,9696,O,2026-10-11,WEEKLY_,2026-10-11,CHECKER_ID_2
USD,7843,MAKER_ID_285,Y,A,9680,O,2026-10-12,WEEKLY_,2026-10-12,CHECKER_ID_2
PEN,4746,MAKER_ID_286,Y,A,5797,O,2026-10-13,WEEKLY_,2026-10-13,CHECKER_ID_2
EUR,6444,MAKER_ID_287,Y,A,3527,O,2026-10-14,WEEKLY_,2026-10-14,CHECKER_ID_2
BRL,4136,MAKER_ID_288,Y,A,1059,O,2026-10-15,WEEKLY_,2026-10-15,CHECKER_ID_2
USD,4636,MAKER_ID_289,Y,A,9999,O,2026-10-16,WEEKLY_,2026-10-16,CHECKER_ID_2
PEN,3516,MAKER_ID_290,Y,A,9990,O,2026-10-17,WEEKLY_,2026-10-17,CHECKER_ID_2
EUR,4829,MAKER_ID_291,Y,A,5380,O,2026-10-18,WEEKLY_,2026-10-18,CHECKER_ID_2
BRL,2427,MAKER_ID_292,Y,A,8378,O,2026-10-19,WEEKLY_,2026-10-19,CHECKER_ID_2
USD,8673,MAKER_ID_293,Y,A,890,O,2026-10-20,WEEKLY_,2026-10-20,CHECKER_ID_2
PEN,4547,MAKER_ID_294,Y,A,6166,O,2026-10-21,WEEKLY_,2026-10-21,CHECKER_ID_2
EUR,6168,MAKER_ID_295,Y,A,888,O,2026-10-22,WEEKLY_,2026-10-22,CHECKER_ID_2
BRL,5893,MAKER_ID_296,Y,A,5529,O,2026-10-23,WEEKLY_,2026-10-23,CHECKER_ID_2
USD,6744,MAKER_ID_297,Y,A,6969,O,2026-10-24,WEEKLY_,2026-10-24,CHECKER_ID_2
PEN,2302,MAKER_ID_298,Y,A,1732,O,2026-10-25,WEEKLY_,2026-10-25,CHECKER_ID_2
EUR,7661,MAKER_ID_299,Y,A,8517,O,2026-10-26,WEEKLY_,2026-10-26,CHECKER_ID_2
BRL,1673,MAKER_ID_300,Y,U,6234,O,2026-10-27,WEEKLY_,2026-10-27,CHECKER_ID_3
USD,607,MAKER_ID_301,Y,A,4098,O,2026-10-28,WEEKLY_,2026-10-28,CHECKER_ID_3
PEN,5079,MAKER_ID_302,Y,A,4428,O,2026-10-29,WEEKLY_,2026-10-29,CHECKER_ID_3
EUR,3731,MAKER_ID_303,Y,A,3309,O,2026-10-30,WEEKLY_,2026-10-30,CHECKER_ID_3
BRL,2387,MAKER_ID_304,Y,A,3415,O,2026-10-31,WEEKLY_,2026-10-31,CHECKER_ID_3
USD,9763,MAKER_ID_305,Y,A,8922,O,2026-11-01,WEEKLY_,2026-11-01,CHECKER_ID_3
PEN,4939,MAKER_ID_306,Y,A,2015,O,2026-11-02,WEEKLY_,2026-11-02,CHECKER_ID_3
EUR,7166,MAKER_ID_307,Y,A,5786,O,2026-11-03,WEEKLY_,2026-11-03,CHECKER_ID_3
BRL,3409,MAKER_ID_308,Y,A,4441,O,2026-11-04,WEEKLY_,2026-11-04,CHECKER_ID_3
USD,2878,MAKER_ID_309,Y,A,9741,O,2026-11-05,WEEKLY_,2026-11-05,CHECKER_ID_3
PEN,6418,MAKER_ID_310,Y,A,5018,O,2026-11-06,WEEKLY_,2026-11-06,CHECKER_ID_3
EUR,801,MAKER_ID_311,Y,A,6093,O,2026-11-07,WEEKLY_,2026-11-07,CHECKER_ID_3
BRL,1102,MAKER_ID_312,Y,A,1722,O,2026-11-08,WEEKLY_,2026-11-08,CHECKER_ID_3
USD,8811,MAKER_ID_313,Y,A,7034,O,2026-11-09,WEEKLY_,2026-11-09,CHECKER_ID_3
PEN,2703,MAKER_ID_314,Y,A,7921,O,2026-11-10,WEEKLY_,2026-11-10,CHECKER_ID_3
EUR,8839,MAKER_ID_315,Y,A,3348,O,2026-11-11,WEEKLY_,2026-11-11,CHECKER_ID_3
BRL,3719,MAKER_ID_316,Y,A,3316,O,2026-11-12,WEEKLY_,2026-11-12,CHECKER_ID_3
USD,1683,MAKER_ID_317,Y,A,7321,O,2026-11-13,WEEKLY_,2026-11-13,CHECKER_ID_3
PEN,9132,MAKER_ID_318,Y,A,130,O,2026-11-14,WEEKLY_,2026-11-14,CHECKER_ID_3
EUR,4908,MAKER_ID_319,Y,A,1393,O,2026-11-15,WEEKLY_,2026-11-15,CHECKER_ID_3
BRL,1343,MAKER_ID_320,Y,A,3936,O,2026-11-16,WEEKLY_,2026-11-16,CHECKER_ID_3
USD,8359,MAKER_ID_321,Y,A,3347,O,2026-11-17,WEEKLY_,2026-11-17,CHECKER_ID_3
PEN,5630,MAKER_ID_322,Y,A,861,O,2026-11-18,WEEKLY_,2026-11-18,CHECKER_ID_3
EUR,2603,MAKER_ID_323,Y,U,2577,O,2026-11-19,WEEKLY_,2026-11-19,CHECKER_ID_3
BRL,9594,MAKER_ID_324,Y,A,5689,O,2026-11-20,WEEKLY_,2026-11-20,CHECKER_ID_3
USD,8980,MAKER_ID_325,Y,A,4957,O,2026-11-21,WEEKLY_,2026-11-21,CHECKER_ID_3
PEN,1551,MAKER_ID_326,Y,A,3449,O,2026-11-22,WEEKLY_,2026-11-22,CHECKER_ID_3
EUR,1429,MAKER_ID_327,Y,A,3122,O,2026-11-23,WEEKLY_,2026-11-23,CHECKER_ID_3
BRL,5857,MAKER_ID_328,Y,A,8081,O,2026-11-24,WEEKLY_,2026-11-24,CHECKER_ID_3
USD,2527,MAKER_ID_329,Y,A,15,O,2026-11-25,WEEKLY_,2026-11-25,CHECKER_ID_3
PEN,2345,MAKER_ID_330,Y,A,8307,O,2026-11-26,WEEKLY_,2026-11-26,CHECKER_ID_3
EUR,3214,MAKER_ID_331,Y,A,9056,O,2026-11-27,WEEKLY_,2026-11-27,CHECKER_ID_3
BRL,1923,MAKER_ID_332,Y,A,5515,O,2026-11-28,WEEKLY_,2026-11-28,CHECKER_ID_3
USD,5856,MAKER_ID_333,Y,A,8694,O,2026-11-29,WEEKLY_,2026-11-29,CHECKER_ID_3
PEN,6542,MAKER_ID_334,Y,A,8825,O,2026-11-30,WEEKLY_,2026-11-30,CHECKER_ID_3
EUR,5495,MAKER_ID_335,Y,A,1215,O,2026-12-01,WEEKLY_,2026-12-01,CHECKER_ID_3
BRL,6646,MAKER_ID_336,Y,A,5749,O,2026-12-02,WEEKLY_,2026-12-02,CHECKER_ID_3
USD,9588,MAKER_ID_337,Y,A,457,O,2026-12-03,WEEKLY_,2026-12-03,CHECKER_ID_3
PEN,2365,MAKER_ID_338,Y,A,8495,O,2026-12-04,WEEKLY_,2026-12-04,CHECKER_ID_3
EUR,8581,MAKER_ID_339,Y,A,2411,O,2026-12-05,WEEKLY_,2026-12-05,CHECKER_ID_3
BRL,2426,MAKER_ID_340,Y,A,2001,O,2026-12-06,WEEKLY_,2026-12-06,CHECKER_ID_3
USD,2723,MAKER_ID_341,Y,A,2815,O,2026-12-07,WEEKLY_,2026-12-07,CHECKER_ID_3
PEN,4655,MAKER_ID_342,Y,A,6523,O,2026-12-08,WEEKLY_,2026-12-08,CHECKER_ID_3
EUR,4979,MAKER_ID_343,Y,A,4235,O,2026-12-09,WEEKLY_,2026-12-09,CHECKER_ID_3
BRL,1209,MAKER_ID_344,Y,A,3415,O,2026-12-10,WEEKLY_,2026-12-10,CHECKER_ID_3
USD,4465,MAKER_ID_345,Y,A,8090,O,2026-12-11,WEEKLY_,2026-12-11,CHECKER_ID_3
PEN,1925,MAKER_ID_346,Y,U,5361,O,2026-12-12,WEEKLY_,2026-12-12,CHECKER_ID_3
EUR,9871,MAKER_ID_347,Y,A,6887,O,2026-12-13,WEEKLY_,2026-12-13,CHECKER_ID_3
BRL,8715,MAKER_ID_348,Y,A,3884,O,2026-12-14,WEEKLY_,2026-12-14,CHECKER_ID_3
USD,8589,MAKER_ID_349,Y,A,533,O,2026-12-15,WEEKLY_,2026-12-15,CHECKER_ID_3
PEN,5556,MAKER_ID_350,Y,A,2951,O,2026-12-16,WEEKLY_,2026-12-16,CHECKER_ID_3
EUR,7283,MAKER_ID_351,Y,A,1026,O,2026-12-17,WEEKLY_,2026-12-17,CHECKER_ID_3
BRL,5855,MAKER_ID_352,Y,A,7077,O,2026-12-18,WEEKLY_,2026-12-18,CHECKER_ID_3
USD,3779,MAKER_ID_353,Y,A,8810,O,2026-12-19,WEEKLY_,2026-12-19,CHECKER_ID_3
PEN,3466,MAKER_ID_354,Y,A,8262,O,2026-12-20,WEEKLY_,2026-12-20,CHECKER_ID_3
EUR,3424,MAKER_ID_355,Y,A,4001,O,2026-12-21,WEEKLY_,2026-12-21,CHECKER_ID_3
BRL,3622,MAKER_ID_356,Y,A,8747,O,2026-12-22,WEEKLY_,2026-12-22,CHECKER_ID_3
USD,1512,MAKER_ID_357,Y,A,1867,O,2026-12-23,WEEKLY_,2026-12-23,CHECKER_ID_3
PEN,6431,MAKER_ID_358,Y,A,1583,O,2026-12-24,WEEKLY_,2026-12-24,CHECKER_ID_3
EUR,5597,MAKER_ID_359,Y,A,8590,O,2026-12-25,WEEKLY_,2026-12-25,CHECKER_ID_3
BRL,429,MAKER_ID_360,Y,A,7361,O,2026-12-26,WEEKLY_,2026-12-26,CHECKER_ID_3
USD,648,MAKER_ID_361,Y,A,6777,O,2026-12-27,WEEKLY_,2026-12-27,CHECKER_ID_3
PEN,9883,MAKER_ID_362,Y,A,6663,O,2026-12-28,WEEKLY_,2026-12-28,CHECKER_ID_3
EUR,2375,MAKER_ID_363,Y,A,6490,O,2026-12-29,WEEKLY_,2026-12-29,CHECKER_ID_3
BRL,5120,MAKER_ID_364,Y,A,5488,O,2026-12-30,WEEKLY_,2026-12-30,CHECKER_ID_3
USD,6123,MAKER_ID_365,Y,A,2912,O,2026-12-31,WEEKLY_,2026-12-31,CHECKER_ID_3
PEN,8637,MAKER_ID_366,Y,A,4719,O,2026-01-01,WEEKLY_,2026-01-01,CHECKER_ID_3
EUR,748,MAKER_ID_367,Y,A,6458,O,2026-01-02,WEEKLY_,2026-01-02,CHECKER_ID_3
