ACCOUNT_CLASS,MAX_DEPOSIT_PERD,ALLOW_SCHEDULES,ALLOW_BACK_VALUE_TD,MIN_SYS_DAYS_TO_MAT,DCV_DEPOSIT,MIN_DAYS,DEFAULT_DAYS,MAX_DAYS,ENDORSABLE,AUTO_ROLLOVER,ROLLOVER_INTRT,ROLLOVER_DAYS,ROLLOVER_NOTICE_PRD,GEN_MAT_ADV,MAT_NOTICE_PRD,PREPAYMNT_NOTICE_PRD,MIN_DAYS_CHECK_REQD,READJ_ELG_DAYS,INT_ELG_DAYS,RATE_REV_REQD,RATE_CHANGE_PERD,INPUT_TAX_REQD,INPUT_TAX_RATE,ALLOW_PARTIAL_PREPAYMENT,PREPAYMNT_NOTICE_PRD_END,PENALTY_RATE,ROLLOVER_TYPE,MAX_ROLLOVER_DAYS,NAT_RETN_DAYS,RETN_DAYS,RETN_TYPE,INT_RETN_DAYS,ROUNDING_GL,TRN_CODE,OFS_TRN_CODE,MIN_READJ_DAYS,PRINC_READJ_PENALTY_RATE,INT_READJ_PENALTY_RATE
ACCOUN,8739,A,A,9,D,10,7,5,E,A,RO,5,60183,G,21132,81238,M,0,32,R,2,I,4.26000000,A,48299,0,ROLLOVER_TYPE_1,4,NAT_R,RETN_,RETN_,INT_R,ROUNDING_,ATM,ATM,27,0,3
ACCOUN,3127,A,A,31,D,1,29,16,E,A,RO,6,16653,G,95656,95302,M,2,23,R,3,I,2.92000000,A,50186,2,ROLLOVER_TYPE_2,22,NAT_R,RETN_,RETN_,INT_R,ROUNDING_,DEP,DEP,35,3,3
ACCOUN,6944,A,A,25,D,24,36,35,E,A,RO,0,71315,G,5953,25458,M,32,22,R,0,I,0.99000000,A,71486,2,ROLLOVER_TYPE_3,14,NAT_R,RETN_,RETN_,INT_R,ROUNDING_,WDR,WDR,7,1,4
ACCOUN,8531,A,A,31,D,34,14,28,E,A,RO,2,23323,G,74443,77371,M,3,31,R,3,I,1.77000000,A,58627,1,ROLLOVER_TYPE_4,13,NAT_R,RETN_,RETN_,INT_R,ROUNDING_,TRF,TRF,13,3,4
ACCOUN,8908,A,A,2,D,13,25,11,E,A,RO,28,32748,G,27634,45193,M,22,16,R,2,I,0.81000000,A,99046,2,ROLLOVER_TYPE_5,7,NAT_R,RETN_,RETN_,INT_R,ROUNDING_,FEE,FEE,33,1,3
ACCOUN,7542,A,A,27,D,20,5,28,E,A,RO,10,12716,G,66197,56230,M,28,11,R,3,I,4.00000000,A,93031,1,ROLLOVER_TYPE_6,13,NAT_R,RETN_,RETN_,INT_R,ROUNDING_,INT,INT,26,1,4
ACCOUN,6157,A,A,32,D,14,18,3,E,A,RO,6,82251,G,62580,9858,M,19,15,R,1,I,1.94000000,A,82377,2,ROLLOVER_TYPE_7,31,NAT_R,RETN_,RETN_,INT_R,ROUNDING_,REV,REV,32,2,2
ACCOUN,769,A,A,19,D,24,16,18,E,A,RO,3,53254,G,35282,41682,M,18,30,R,3,I,2.65000000,A,73737,1,ROLLOVER_TYPE_8,23,NAT_R,RETN_,RETN_,INT_R,ROUNDING_,PAY,PAY,0,4,1
ACCOUN,1779,A,A,10,D,18,19,20,E,A,RO,28,84221,G,79079,92390,M,20,8,R,2,I,1.79000000,A,55596,2,ROLLOVER_TYPE_9,12,NAT_R,RETN_,RETN_,INT_R,ROUNDING_,ATM,ATM,21,3,3
ACCOUN,1751,A,A,13,D,23,24,36,E,A,RO,33,81413,G,20540,16320,M,12,26,R,2,I,3.14000000,A,33590,0,ROLLOVER_TYPE_10,18,NAT_R,RETN_,RETN_,INT_R,ROUNDING_,DEP,DEP,14,3,3
ACCOUN,6954,A,A,33,D,24,8,34,E,A,RO,29,71340,G,21978,41606,M,36,16,R,3,I,3.43000000,A,55859,2,ROLLOVER_TYPE_11,16,NAT_R,RETN_,RETN_,INT_R,ROUNDING_,WDR,WDR,26,4,1
ACCOUN,5894,A,A,20,D,25,20,0,E,A,RO,29,25568,G,83704,68367,M,16,0,R,3,I,2.93000000,A,13799,2,ROLLOVER_TYPE_12,4,NAT_R,RETN_,RETN_,INT_R,ROUNDING_,TRF,TRF,34,3,3
ACCOUN,5877,A,A,13,D,16,34,20,E,A,RO,17,57571,G,22369,93393,M,25,13,R,1,I,3.07000000,A,86735,1,ROLLOVER_TYPE_13,29,NAT_R,RETN_,RETN_,INT_R,ROUNDING_,FEE,FEE,21,4,2
ACCOUN,1295,A,A,31,D,17,14,28,E,A,RO,15,47552,G,57015,86036,M,11,31,R,1,I,3.34000000,A,99275,1,ROLLOVER_TYPE_14,29,NAT_R,RETN_,RETN_,INT_R,ROUNDING_,INT,INT,5,1,3
ACCOUN,8511,A,A,31,D,0,10,30,E,A,RO,34,32329,G,31125,38330,M,25,15,R,4,I,1.96000000,A,86002,1,ROLLOVER_TYPE_15,17,NAT_R,RETN_,RETN_,INT_R,ROUNDING_,REV,REV,34,2,1
ACCOUN,3058,A,A,30,D,36,16,7,E,A,RO,18,12642,G,45851,86981,M,36,0,R,4,I,1.92000000,A,6257,3,ROLLOVER_TYPE_16,20,NAT_R,RETN_,RETN_,INT_R,ROUNDING_,PAY,PAY,5,0,2
ACCOUN,8479,A,A,35,D,4,35,4,E,A,RO,4,56948,G,25903,59335,M,24,20,R,2,I,2.89000000,A,38018,4,ROLLOVER_TYPE_17,22,NAT_R,RETN_,RETN_,INT_R,ROUNDING_,ATM,ATM,33,2,1
ACCOUN,705,A,A,34,D,32,28,9,E,A,RO,2,82707,G,65186,4534,M,23,9,R,2,I,4.07000000,A,8109,2,ROLLOVER_TYPE_18,28,NAT_R,RETN_,RETN_,INT_R,ROUNDING_,DEP,DEP,2,1,2
ACCOUN,5639,A,A,27,D,34,23,10,E,A,RO,18,13962,G,7310,63381,M,0,30,R,2,I,2.80000000,A,74398,4,ROLLOVER_TYPE_19,30,NAT_R,RETN_,RETN_,INT_R,ROUNDING_,WDR,WDR,36,2,1
ACCOUN,9629,A,A,11,D,21,12,15,E,A,RO,8,41844,G,86820,80114,M,33,24,R,1,I,4.43000000,A,21597,4,ROLLOVER_TYPE_20,19,NAT_R,RETN_,RETN_,INT_R,ROUNDING_,TRF,TRF,6,0,1
ACCOUN,7534,A,A,27,D,4,34,22,E,A,RO,17,44786,G,14036,73267,M,3,6,R,2,I,3.59000000,A,58385,2,ROLLOVER_TYPE_21,9,NAT_R,RETN_,RETN_,INT_R,ROUNDING_,FEE,FEE,27,1,1
ACCOUN,2249,A,A,16,D,21,26,16,E,A,RO,15,48235,G,58979,83553,M,17,8,R,1,I,2.70000000,A,78625,1,ROLLOVER_TYPE_22,7,NAT_R,RETN_,RETN_,INT_R,ROUNDING_,INT,INT,14,2,4
ACCOUN,8821,A,A,12,D,8,16,14,E,A,RO,25,94738,G,2863,630,M,36,10,R,1,I,3.77000000,A,22516,2,ROLLOVER_TYPE_23,6,NAT_R,RETN_,RETN_,INT_R,ROUNDING_,REV,REV,15,3,3
ACCOUN,4753,A,A,27,D,35,12,3,E,A,RO,13,67549,G,18470,64075,M,8,3,R,3,I,1.83000000,A,91256,4,ROLLOVER_TYPE_24,31,NAT_R,RETN_,RETN_,INT_R,ROUNDING_,PAY,PAY,30,4,3
ACCOUN,5058,A,A,36,D,24,7,9,E,A,RO,32,11863,G,11403,5425,M,24,3,R,3,I,0.86000000,A,86531,1,ROLLOVER_TYPE_25,36,NAT_R,RETN_,RETN_,INT_R,ROUNDING_,ATM,ATM,32,1,3
ACCOUN,1260,A,A,28,D,7,26,36,E,A,RO,3,47382,G,55536,35948,M,15,21,R,1,I,1.63000000,A,70296,2,ROLLOVER_TYPE_26,23,NAT_R,RETN_,RETN_,INT_R,ROUNDING_,DEP,DEP,16,1,1
ACCOUN,8168,A,A,15,D,34,13,23,E,A,RO,26,52870,G,2938,77231,M,13,26,R,3,I,1.88000000,A,36431,3,ROLLOVER_TYPE_27,29,NAT_R,RETN_,RETN_,INT_R,ROUNDING_,WDR,WDR,8,4,3
ACCOUN,3753,A,A,17,D,36,26,12,E,A,RO,5,96646,G,54663,81479,M,25,6,R,4,I,1.51000000,A,79278,2,ROLLOVER_TYPE_28,25,NAT_R,RETN_,RETN_,INT_R,ROUNDING_,TRF,TRF,8,4,1
ACCOUN,8706,A,A,30,D,28,8,17,E,A,RO,11,57153,G,48467,24772,M,36,10,R,3,I,1.42000000,A,32390,1,ROLLOVER_TYPE_29,22,NAT_R,RETN_,RETN_,INT_R,ROUNDING_,FEE,FEE,35,1,3
ACCOUN,4898,A,A,29,D,20,12,23,E,A,RO,17,75351,G,83757,12729,M,20,11,R,1,I,4.05000000,A,8060,3,ROLLOVER_TYPE_30,22,NAT_R,RETN_,RETN_,INT_R,ROUNDING_,INT,INT,11,2,4
ACCOUN,7059,A,A,25,D,7,29,28,E,A,RO,36,981,G,5510,80297,M,31,17,R,2,I,3.83000000,A,96172,3,ROLLOVER_TYPE_31,20,NAT_R,RETN_,RETN_,INT_R,ROUNDING_,REV,REV,20,4,2
ACCOUN,351,A,A,5,D,34,23,29,E,A,RO,29,85196,G,81668,29643,M,33,2,R,2,I,1.43000000,A,21341,4,ROLLOVER_TYPE_32,22,NAT_R,RETN_,RETN_,INT_R,ROUNDING_,PAY,PAY,25,1,4
ACCOUN,993,A,A,3,D,13,26,8,E,A,RO,0,23504,G,97455,51126,M,3,24,R,3,I,4.31000000,A,82252,0,ROLLOVER_TYPE_33,26,NAT_R,RETN_,RETN_,INT_R,ROUNDING_,ATM,ATM,28,3,4
ACCOUN,4516,A,A,35,D,17,24,23,E,A,RO,2,45659,G,63662,79215,M,21,24,R,3,I,2.74000000,A,27190,4,ROLLOVER_TYPE_34,13,NAT_R,RETN_,RETN_,INT_R,ROUNDING_,DEP,DEP,9,2,4
ACCOUN,7616,A,A,11,D,14,10,24,E,A,RO,2,32338,G,89473,25695,M,18,22,R,4,I,2.80000000,A,58539,0,ROLLOVER_TYPE_35,3,NAT_R,RETN_,RETN_,INT_R,ROUNDING_,WDR,WDR,4,2,3
ACCOUN,8100,A,A,27,D,9,22,35,E,A,RO,27,67778,G,34750,13480,M,27,29,R,2,I,2.90000000,A,4656,2,ROLLOVER_TYPE_36,16,NAT_R,RETN_,RETN_,INT_R,ROUNDING_,TRF,TRF,33,2,1
ACCOUN,3591,A,A,20,D,32,14,30,E,A,RO,8,67641,G,60942,77340,M,32,0,R,2,I,3.07000000,A,53151,3,ROLLOVER_TYPE_37,28,NAT_R,RETN_,RETN_,INT_R,ROUNDING_,FEE,FEE,3,2,3
ACCOUN,8583,A,A,17,D,9,14,13,E,A,RO,29,61411,G,25482,63503,M,34,27,R,2,I,1.02000000,A,64013,2,ROLLOVER_TYPE_38,20,NAT_R,RETN_,RETN_,INT_R,ROUNDING_,INT,INT,10,3,4
ACCOUN,2931,A,A,6,D,3,26,14,E,A,RO,21,85503,G,86945,80318,M,25,0,R,1,I,3.18000000,A,50816,2,ROLLOVER_TYPE_39,4,NAT_R,RETN_,RETN_,INT_R,ROUNDING_,REV,REV,30,3,2
ACCOUN,3211,A,A,30,D,4,28,21,E,A,RO,8,21654,G,11508,83019,M,18,32,R,1,I,1.27000000,A,83547,1,ROLLOVER_TYPE_40,36,NAT_R,RETN_,RETN_,INT_R,ROUNDING_,PAY,PAY,0,3,1
ACCOUN,2965,A,A,13,D,19,13,7,E,A,RO,0,21193,G,18905,79451,M,12,36,R,4,I,3.39000000,A,25696,3,ROLLOVER_TYPE_41,7,NAT_R,RETN_,RETN_,INT_R,ROUNDING_,ATM,ATM,33,4,0
ACCOUN,1730,A,A,2,D,9,35,13,E,A,RO,15,39186,G,26324,6110,M,2,9,R,2,I,2.18000000,A,67660,2,ROLLOVER_TYPE_42,9,NAT_R,RETN_,RETN_,INT_R,ROUNDING_,DEP,DEP,30,3,3
ACCOUN,4410,A,A,4,D,2,26,25,E,A,RO,17,96180,G,83551,10273,M,18,25,R,3,I,1.06000000,A,88638,1,ROLLOVER_TYPE_43,0,NAT_R,RETN_,RETN_,INT_R,ROUNDING_,WDR,WDR,19,4,3
ACCOUN,6824,A,A,32,D,15,4,22,E,A,RO,10,32534,G,97482,41063,M,14,14,R,2,I,4.33000000,A,2315,4,ROLLOVER_TYPE_44,16,NAT_R,RETN_,RETN_,INT_R,ROUNDING_,TRF,TRF,0,2,1
ACCOUN,3885,A,A,13,D,18,22,9,E,A,RO,20,30246,G,80194,35354,M,21,3,R,3,I,4.33000000,A,80771,1,ROLLOVER_TYPE_45,19,NAT_R,RETN_,RETN_,INT_R,ROUNDING_,FEE,FEE,10,2,3
ACCOUN,2620,A,A,6,D,33,3,33,E,A,RO,23,34721,G,94966,502,M,30,0,R,2,I,2.92000000,A,69527,4,ROLLOVER_TYPE_46,33,NAT_R,RETN_,RETN_,INT_R,ROUNDING_,INT,INT,6,4,1
ACCOUN,6700,A,A,12,D,4,18,10,E,A,RO,14,57565,G,74698,86688,M,6,3,R,1,I,4.30000000,A,32396,1,ROLLOVER_TYPE_47,26,NAT_R,RETN_,RETN_,INT_R,ROUNDING_,REV,REV,14,4,3
ACCOUN,2144,A,A,15,D,15,14,4,E,A,RO,24,63704,G,45813,19892,M,36,31,R,3,I,3.99000000,A,89930,3,ROLLOVER_TYPE_48,26,NAT_R,RETN_,RETN_,INT_R,ROUNDING_,PAY,PAY,6,3,1
ACCOUN,422,A,A,17,D,22,1,20,E,A,RO,5,22045,G,7524,91673,M,3,27,R,3,I,1.77000000,A,52607,1,ROLLOVER_TYPE_49,36,NAT_R,RETN_,RETN_,INT_R,ROUNDING_,ATM,ATM,11,3,1
ACCOUN,6241,A,A,0,D,6,28,0,E,A,RO,10,77656,G,32916,51210,M,33,0,R,4,I,1.31000000,A,29699,3,ROLLOVER_TYPE_50,8,NAT_R,RETN_,RETN_,INT_R,ROUNDING_,DEP,DEP,19,0,1
ACCOUN,2623,A,A,5,D,22,4,9,E,A,RO,17,45974,G,97516,25317,M,5,32,R,1,I,2.21000000,A,27603,3,ROLLOVER_TYPE_51,17,NAT_R,RETN_,RETN_,INT_R,ROUNDING_,WDR,WDR,33,1,2
ACCOUN,4598,A,A,23,D,29,6,2,E,A,RO,4,30658,G,18639,71827,M,34,9,R,2,I,1.15000000,A,65157,3,ROLLOVER_TYPE_52,32,NAT_R,RETN_,RETN_,INT_R,ROUNDING_,TRF,TRF,15,3,1
ACCOUN,192,A,A,1,D,32,35,3,E,A,RO,16,82800,G,45156,57079,M,19,2,R,1,I,2.16000000,A,83485,3,ROLLOVER_TYPE_53,2,NAT_R,RETN_,RETN_,INT_R,ROUNDING_,FEE,FEE,10,1,3
ACCOUN,6878,A,A,14,D,9,28,15,E,A,RO,1,51703,G,84314,78067,M,30,15,R,2,I,3.78000000,A,53408,2,ROLLOVER_TYPE_54,1,NAT_R,RETN_,RETN_,INT_R,ROUNDING_,INT,INT,25,1,4
ACCOUN,8419,A,A,28,D,16,21,13,E,A,RO,4,75208,G,25729,15185,M,16,31,R,3,I,1.78000000,A,14928,0,ROLLOVER_TYPE_55,23,NAT_R,RETN_,RETN_,INT_R,ROUNDING_,REV,REV,10,3,4
ACCOUN,7336,A,A,36,D,7,34,15,E,A,RO,7,36129,G,90685,12946,M,19,19,R,1,I,1.04000000,A,32004,2,ROLLOVER_TYPE_56,2,NAT_R,RETN_,RETN_,INT_R,ROUNDING_,PAY,PAY,35,3,1
ACCOUN,7381,A,A,12,D,28,27,27,E,A,RO,17,37370,G,66949,11162,M,17,29,R,2,I,2.10000000,A,90856,3,ROLLOVER_TYPE_57,4,NAT_R,RETN_,RETN_,INT_R,ROUNDING_,ATM,ATM,23,3,1
ACCOUN,6809,A,A,34,D,15,20,15,E,A,RO,27,59972,G,97910,17248,M,8,36,R,2,I,2.25000000,A,36032,4,ROLLOVER_TYPE_58,20,NAT_R,RETN_,RETN_,INT_R,ROUNDING_,DEP,DEP,16,2,2
ACCOUN,7289,A,A,8,D,23,19,14,E,A,RO,5,22622,G,68931,98673,M,27,34,R,4,I,3.10000000,A,2008,3,ROLLOVER_TYPE_59,0,NAT_R,RETN_,RETN_,INT_R,ROUNDING_,WDR,WDR,31,2,1
ACCOUN,9783,A,A,21,D,19,14,28,E,A,RO,24,25953,G,72519,88534,M,16,35,R,2,I,4.18000000,A,50987,3,ROLLOVER_TYPE_60,27,NAT_R,RETN_,RETN_,INT_R,ROUNDING_,TRF,TRF,19,3,1
ACCOUN,7676,A,A,21,D,16,11,4,E,A,RO,8,45842,G,26969,90255,M,3,2,R,2,I,1.81000000,A,86002,4,ROLLOVER_TYPE_61,6,NAT_R,RETN_,RETN_,INT_R,ROUNDING_,FEE,FEE,7,3,2
ACCOUN,1321,A,A,5,D,31,12,2,E,A,RO,34,42902,G,74274,33044,M,31,24,R,4,I,4.42000000,A,45821,3,ROLLOVER_TYPE_62,12,NAT_R,RETN_,RETN_,INT_R,ROUNDING_,INT,INT,36,4,2
ACCOUN,9927,A,A,27,D,24,21,12,E,A,RO,20,11752,G,63820,50196,M,1,3,R,2,I,2.01000000,A,96933,3,ROLLOVER_TYPE_63,26,NAT_R,RETN_,RETN_,INT_R,ROUNDING_,REV,REV,20,1,0
ACCOUN,1490,A,A,15,D,7,28,1,E,A,RO,2,12124,G,5441,16154,M,5,20,R,3,I,1.71000000,A,78423,2,ROLLOVER_TYPE_64,31,NAT_R,RETN_,RETN_,INT_R,ROUNDING_,PAY,PAY,32,2,1
ACCOUN,8894,A,A,1,D,24,17,24,E,A,RO,25,4349,G,39023,4437,M,10,24,R,3,I,2.14000000,A,53631,3,ROLLOVER_TYPE_65,31,NAT_R,RETN_,RETN_,INT_R,ROUNDING_,ATM,ATM,15,1,3
ACCOUN,3945,A,A,24,D,13,2,8,E,A,RO,13,9138,G,37555,93988,M,34,14,R,1,I,3.90000000,A,16818,1,ROLLOVER_TYPE_66,5,NAT_R,RETN_,RETN_,INT_R,ROUNDING_,DEP,DEP,13,1,4
ACCOUN,8641,A,A,30,D,25,8,19,E,A,RO,25,43547,G,86466,57869,M,32,21,R,3,I,3.14000000,A,28915,4,ROLLOVER_TYPE_67,29,NAT_R,RETN_,RETN_,INT_R,ROUNDING_,WDR,WDR,22,1,4
ACCOUN,8112,A,A,0,D,36,18,16,E,A,RO,14,39979,G,45992,65208,M,7,34,R,2,I,1.37000000,A,48808,2,ROLLOVER_TYPE_68,18,NAT_R,RETN_,RETN_,INT_R,ROUNDING_,TRF,TRF,29,1,3
ACCOUN,6884,A,A,30,D,14,26,0,E,A,RO,27,57166,G,86355,29658,M,26,19,R,4,I,1.43000000,A,64739,2,ROLLOVER_TYPE_69,25,NAT_R,RETN_,RETN_,INT_R,ROUNDING_,FEE,FEE,27,1,2
ACCOUN,8148,A,A,11,D,30,8,13,E,A,RO,25,22139,G,10784,82012,M,34,34,R,4,I,3.50000000,A,39661,3,ROLLOVER_TYPE_70,24,NAT_R,RETN_,RETN_,INT_R,ROUNDING_,INT,INT,8,2,3
ACCOUN,5888,A,A,21,D,4,5,30,E,A,RO,27,50550,G,52574,53533,M,17,28,R,1,I,3.34000000,A,18971,3,ROLLOVER_TYPE_71,31,NAT_R,RETN_,RETN_,INT_R,ROUNDING_,REV,REV,4,3,3
ACCOUN,8050,A,A,14,D,16,33,3,E,A,RO,21,92536,G,57268,62349,M,32,19,R,0,I,2.08000000,A,25723,1,ROLLOVER_TYPE_72,11,NAT_R,RETN_,RETN_,INT_R,ROUNDING_,PAY,PAY,33,4,3
ACCOUN,9508,A,A,13,D,23,30,12,E,A,RO,5,74901,G,94582,86292,M,18,29,R,1,I,3.65000000,A,82524,4,ROLLOVER_TYPE_73,35,NAT_R,RETN_,RETN_,INT_R,ROUNDING_,ATM,ATM,7,3,3
ACCOUN,9556,A,A,18,D,35,1,6,E,A,RO,28,74991,G,44226,55088,M,23,14,R,1,I,2.94000000,A,50436,2,ROLLOVER_TYPE_74,35,NAT_R,RETN_,RETN_,INT_R,ROUNDING_,DEP,DEP,33,2,2
ACCOUN,672,A,A,10,D,1,17,9,E,A,RO,26,82546,G,86056,83141,M,25,20,R,4,I,3.02000000,A,30529,1,ROLLOVER_TYPE_75,15,NAT_R,RETN_,RETN_,INT_R,ROUNDING_,WDR,WDR,34,2,1
ACCOUN,2236,A,A,11,D,31,10,3,E,A,RO,35,96652,G,58599,29469,M,22,2,R,3,I,4.34000000,A,52864,4,ROLLOVER_TYPE_76,29,NAT_R,RETN_,RETN_,INT_R,ROUNDING_,TRF,TRF,24,1,4
ACCOUN,646,A,A,6,D,14,21,23,E,A,RO,8,29220,G,8698,39946,M,32,33,R,0,I,3.15000000,A,24622,1,ROLLOVER_TYPE_77,30,NAT_R,RETN_,RETN_,INT_R,ROUNDING_,FEE,FEE,0,3,2
ACCOUN,2243,A,A,14,D,16,6,4,E,A,RO,31,69329,G,7572,29631,M,13,8,R,4,I,0.86000000,A,21066,2,ROLLOVER_TYPE_78,4,NAT_R,RETN_,RETN_,INT_R,ROUNDING_,INT,INT,13,4,2
ACCOUN,1690,A,A,10,D,34,9,4,E,A,RO,33,97233,G,61090,1129,M,35,13,R,3,I,3.67000000,A,47823,2,ROLLOVER_TYPE_79,2,NAT_R,RETN_,RETN_,INT_R,ROUNDING_,REV,REV,4,2,4
ACCOUN,1076,A,A,31,D,8,28,28,E,A,RO,13,38189,G,83671,95582,M,3,3,R,1,I,2.33000000,A,20981,2,ROLLOVER_TYPE_80,25,NAT_R,RETN_,RETN_,INT_R,ROUNDING_,PAY,PAY,27,3,1
ACCOUN,659,A,A,2,D,0,34,27,E,A,RO,31,17073,G,55730,79038,M,33,22,R,4,I,3.92000000,A,78426,4,ROLLOVER_TYPE_81,36,NAT_R,RETN_,RETN_,INT_R,ROUNDING_,ATM,ATM,26,1,2
ACCOUN,8665,A,A,9,D,14,27,36,E,A,RO,18,736,G,38168,8086,M,4,32,R,3,I,2.67000000,A,9208,1,ROLLOVER_TYPE_82,31,NAT_R,RETN_,RETN_,INT_R,ROUNDING_,DEP,DEP,33,4,2
ACCOUN,1416,A,A,0,D,18,29,29,E,A,RO,21,22733,G,25635,97897,M,12,19,R,1,I,3.25000000,A,77537,2,ROLLOVER_TYPE_83,25,NAT_R,RETN_,RETN_,INT_R,ROUNDING_,WDR,WDR,9,1,1
ACCOUN,9645,A,A,18,D,36,10,1,E,A,RO,35,66957,G,79357,25346,M,16,35,R,3,I,3.45000000,A,99507,3,ROLLOVER_TYPE_84,3,NAT_R,RETN_,RETN_,INT_R,ROUNDING_,TRF,TRF,7,1,3
ACCOUN,5154,A,A,34,D,23,33,32,E,A,RO,32,41881,G,99737,7094,M,17,31,R,4,I,3.79000000,A,13620,1,ROLLOVER_TYPE_85,16,NAT_R,RETN_,RETN_,INT_R,ROUNDING_,FEE,FEE,12,3,1
ACCOUN,572,A,A,23,D,3,29,29,E,A,RO,13,92983,G,84801,54765,M,21,1,R,4,I,2.64000000,A,7415,1,ROLLOVER_TYPE_86,14,NAT_R,RETN_,RETN_,INT_R,ROUNDING_,INT,INT,15,4,4
ACCOUN,4074,A,A,8,D,0,36,28,E,A,RO,34,42867,G,8283,43956,M,6,28,R,3,I,0.94000000,A,17318,4,ROLLOVER_TYPE_87,6,NAT_R,RETN_,RETN_,INT_R,ROUNDING_,REV,REV,5,1,2
ACCOUN,8147,A,A,22,D,32,14,11,E,A,RO,11,88988,G,26027,11592,M,32,8,R,3,I,4.15000000,A,26756,2,ROLLOVER_TYPE_88,0,NAT_R,RETN_,RETN_,INT_R,ROUNDING_,PAY,PAY,27,2,2
ACCOUN,9049,A,A,7,D,23,16,25,E,A,RO,14,53789,G,18883,57644,M,24,30,R,2,I,4.27000000,A,15841,4,ROLLOVER_TYPE_89,12,NAT_R,RETN_,RETN_,INT_R,ROUNDING_,ATM,ATM,36,1,1
ACCOUN,6454,A,A,9,D,24,4,25,E,A,RO,16,85963,G,46546,6264,M,29,3,R,1,I,0.88000000,A,91901,3,ROLLOVER_TYPE_90,20,NAT_R,RETN_,RETN_,INT_R,ROUNDING_,DEP,DEP,2,2,4
ACCOUN,9363,A,A,30,D,21,19,0,E,A,RO,0,10324,G,57166,69082,M,5,6,R,0,I,2.52000000,A,76961,1,ROLLOVER_TYPE_91,6,NAT_R,RETN_,RETN_,INT_R,ROUNDING_,WDR,WDR,13,1,4
ACCOUN,2978,A,A,31,D,31,3,34,E,A,RO,28,9902,G,32663,53913,M,36,30,R,4,I,4.25000000,A,64998,2,ROLLOVER_TYPE_92,16,NAT_R,RETN_,RETN_,INT_R,ROUNDING_,TRF,TRF,28,3,1
ACCOUN,8166,A,A,10,D,26,15,2,E,A,RO,4,45366,G,85908,3079,M,14,16,R,2,I,2.90000000,A,42426,3,ROLLOVER_TYPE_93,25,NAT_R,RETN_,RETN_,INT_R,ROUNDING_,FEE,FEE,16,1,3
ACCOUN,882,A,A,0,D,14,33,3,E,A,RO,22,48275,G,185,32176,M,32,0,R,1,I,0.97000000,A,106,2,ROLLOVER_TYPE_94,8,NAT_R,RETN_,RETN_,INT_R,ROUNDING_,INT,INT,34,3,0
ACCOUN,3345,A,A,33,D,31,9,3,E,A,RO,24,98189,G,71935,82437,M,34,15,R,2,I,2.90000000,A,25751,2,ROLLOVER_TYPE_95,9,NAT_R,RETN_,RETN_,INT_R,ROUNDING_,REV,REV,22,4,4
ACCOUN,3477,A,A,34,D,10,30,22,E,A,RO,16,92383,G,99115,21750,M,5,13,R,3,I,4.15000000,A,35970,4,ROLLOVER_TYPE_96,16,NAT_R,RETN_,RETN_,INT_R,ROUNDING_,PAY,PAY,32,3,4
ACCOUN,6604,A,A,29,D,13,14,0,E,A,RO,3,48216,G,38499,32656,M,16,13,R,1,I,1.56000000,A,39026,4,ROLLOVER_TYPE_97,8,NAT_R,RETN_,RETN_,INT_R,ROUNDING_,ATM,ATM,26,3,4
ACCOUN,8034,A,A,34,D,14,25,26,E,A,RO,3,53379,G,43864,7812,M,4,23,R,2,I,3.96000000,A,67052,1,ROLLOVER_TYPE_98,34,NAT_R,RETN_,RETN_,INT_R,ROUNDING_,DEP,DEP,18,3,1
ACCOUN,4704,A,A,1,D,17,29,11,E,A,RO,3,97893,G,41454,3814,M,2,35,R,1,I,0.85000000,A,43865,1,ROLLOVER_TYPE_99,23,NAT_R,RETN_,RETN_,INT_R,ROUNDING_,WDR,WDR,21,3,1
ACCOUN,1881,A,A,16,D,29,24,17,E,A,RO,7,27734,G,15169,94991,M,27,28,R,3,I,2.72000000,A,36430,3,ROLLOVER_TYPE_100,35,NAT_R,RETN_,RETN_,INT_R,ROUNDING_,TRF,TRF,31,2,1
ACCOUN,9132,A,A,32,D,20,25,30,E,A,RO,25,25243,G,80129,9906,M,13,24,R,2,I,0.90000000,A,71284,3,ROLLOVER_TYPE_101,27,NAT_R,RETN_,RETN_,INT_R,ROUNDING_,FEE,FEE,3,2,3
ACCOUN,9736,A,A,16,D,13,26,18,E,A,RO,20,11714,G,53338,9636,M,22,1,R,4,I,3.54000000,A,11532,4,ROLLOVER_TYPE_102,9,NAT_R,RETN_,RETN_,INT_R,ROUNDING_,INT,INT,31,2,4
ACCOUN,2259,A,A,33,D,16,16,1,E,A,RO,34,58829,G,72917,1576,M,23,20,R,1,I,1.70000000,A,12445,1,ROLLOVER_TYPE_103,29,NAT_R,RETN_,RETN_,INT_R,ROUNDING_,REV,REV,26,3,0
ACCOUN,5065,A,A,2,D,15,22,6,E,A,RO,3,56160,G,22138,73224,M,2,17,R,1,I,3.47000000,A,70337,1,ROLLOVER_TYPE_104,12,NAT_R,RETN_,RETN_,INT_R,ROUNDING_,PAY,PAY,5,4,2
ACCOUN,7529,A,A,34,D,2,26,28,E,A,RO,19,37322,G,17131,30658,M,0,5,R,2,I,1.55000000,A,52711,1,ROLLOVER_TYPE_105,23,NAT_R,RETN_,RETN_,INT_R,ROUNDING_,ATM,ATM,22,0,3
ACCOUN,3194,A,A,34,D,6,21,23,E,A,RO,30,59268,G,57863,10284,M,27,17,R,2,I,2.04000000,A,71495,3,ROLLOVER_TYPE_106,27,NAT_R,RETN_,RETN_,INT_R,ROUNDING_,DEP,DEP,18,2,0
ACCOUN,4337,A,A,7,D,5,13,2,E,A,RO,27,31964,G,16339,84252,M,6,25,R,1,I,4.24000000,A,64889,2,ROLLOVER_TYPE_107,10,NAT_R,RETN_,RETN_,INT_R,ROUNDING_,WDR,WDR,20,4,4
ACCOUN,5031,A,A,20,D,6,6,32,E,A,RO,9,84202,G,97931,22520,M,23,17,R,2,I,3.87000000,A,82156,4,ROLLOVER_TYPE_108,33,NAT_R,RETN_,RETN_,INT_R,ROUNDING_,TRF,TRF,34,2,3
ACCOUN,4640,A,A,14,D,23,17,33,E,A,RO,31,62229,G,15091,67634,M,11,33,R,1,I,0.94000000,A,72040,4,ROLLOVER_TYPE_109,1,NAT_R,RETN_,RETN_,INT_R,ROUNDING_,FEE,FEE,10,2,3
ACCOUN,4074,A,A,31,D,14,18,6,E,A,RO,8,21200,G,39369,80961,M,2,7,R,1,I,2.75000000,A,78085,3,ROLLOVER_TYPE_110,27,NAT_R,RETN_,RETN_,INT_R,ROUNDING_,INT,INT,25,1,3
ACCOUN,5287,A,A,22,D,2,13,14,E,A,RO,29,16241,G,71114,91906,M,20,27,R,1,I,1.98000000,A,67952,4,ROLLOVER_TYPE_111,15,NAT_R,RETN_,RETN_,INT_R,ROUNDING_,REV,REV,0,3,3
ACCOUN,3851,A,A,27,D,25,8,21,E,A,RO,17,26736,G,67959,96646,M,5,4,R,1,I,1.69000000,A,61187,2,ROLLOVER_TYPE_112,6,NAT_R,RETN_,RETN_,INT_R,ROUNDING_,PAY,PAY,5,4,2
ACCOUN,5739,A,A,14,D,14,10,26,E,A,RO,22,42568,G,77662,45990,M,16,35,R,3,I,4.39000000,A,59452,3,ROLLOVER_TYPE_113,17,NAT_R,RETN_,RETN_,INT_R,ROUNDING_,ATM,ATM,5,3,4
ACCOUN,3753,A,A,21,D,32,17,4,E,A,RO,4,18777,G,47040,53462,M,20,33,R,2,I,2.09000000,A,77901,1,ROLLOVER_TYPE_114,24,NAT_R,RETN_,RETN_,INT_R,ROUNDING_,DEP,DEP,34,4,2
ACCOUN,8134,A,A,24,D,32,32,17,E,A,RO,35,28646,G,7061,281,M,34,22,R,3,I,2.14000000,A,59169,1,ROLLOVER_TYPE_115,13,NAT_R,RETN_,RETN_,INT_R,ROUNDING_,WDR,WDR,9,3,3
ACCOUN,4261,A,A,28,D,6,35,20,E,A,RO,15,30556,G,51982,17483,M,32,10,R,1,I,3.55000000,A,62670,1,ROLLOVER_TYPE_116,24,NAT_R,RETN_,RETN_,INT_R,ROUNDING_,TRF,TRF,24,0,2
ACCOUN,6503,A,A,21,D,20,32,30,E,A,RO,11,16348,G,35522,6267,M,31,1,R,3,I,1.30000000,A,66364,2,ROLLOVER_TYPE_117,34,NAT_R,RETN_,RETN_,INT_R,ROUNDING_,FEE,FEE,6,3,3
ACCOUN,8321,A,A,28,D,36,27,1,E,A,RO,16,38355,G,24859,1328,M,30,7,R,2,I,3.03000000,A,95201,3,ROLLOVER_TYPE_118,4,NAT_R,RETN_,RETN_,INT_R,ROUNDING_,INT,INT,8,2,4
ACCOUN,5307,A,A,0,D,10,18,34,E,A,RO,30,40636,G,64484,80455,M,30,31,R,1,I,4.46000000,A,45440,1,ROLLOVER_TYPE_119,32,NAT_R,RETN_,RETN_,INT_R,ROUNDING_,REV,REV,8,1,2
ACCOUN,5106,A,A,9,D,19,30,4,E,A,RO,22,79126,G,12288,77289,M,16,20,R,2,I,1.15000000,A,62462,1,ROLLOVER_TYPE_120,28,NAT_R,RETN_,RETN_,INT_R,ROUNDING_,PAY,PAY,17,3,2
ACCOUN,9721,A,A,14,D,32,32,9,E,A,RO,15,47776,G,57937,71519,M,22,34,R,2,I,1.08000000,A,67137,2,ROLLOVER_TYPE_121,3,NAT_R,RETN_,RETN_,INT_R,ROUNDING_,ATM,ATM,5,1,1
ACCOUN,1710,A,A,26,D,25,31,17,E,A,RO,0,49255,G,82937,80284,M,18,22,R,4,I,1.32000000,A,64752,1,ROLLOVER_TYPE_122,12,NAT_R,RETN_,RETN_,INT_R,ROUNDING_,DEP,DEP,17,1,4
ACCOUN,3193,A,A,31,D,7,19,17,E,A,RO,24,53643,G,75588,57877,M,15,17,R,1,I,2.08000000,A,3768,2,ROLLOVER_TYPE_123,35,NAT_R,RETN_,RETN_,INT_R,ROUNDING_,WDR,WDR,24,3,1
ACCOUN,4514,A,A,12,D,30,26,28,E,A,RO,11,72189,G,5597,29827,M,10,35,R,3,I,3.85000000,A,35621,3,ROLLOVER_TYPE_124,29,NAT_R,RETN_,RETN_,INT_R,ROUNDING_,TRF,TRF,10,2,4
ACCOUN,3353,A,A,4,D,18,13,20,E,A,RO,21,34802,G,1842,98364,M,14,19,R,1,I,2.64000000,A,85260,3,ROLLOVER_TYPE_125,23,NAT_R,RETN_,RETN_,INT_R,ROUNDING_,FEE,FEE,4,4,4
ACCOUN,2598,A,A,6,D,15,19,36,E,A,RO,24,1531,G,29281,22322,M,26,13,R,3,I,4.07000000,A,28963,1,ROLLOVER_TYPE_126,29,NAT_R,RETN_,RETN_,INT_R,ROUNDING_,INT,INT,35,1,3
ACCOUN,4263,A,A,27,D,19,35,4,E,A,RO,15,82520,G,30174,66406,M,34,19,R,0,I,2.28000000,A,77077,4,ROLLOVER_TYPE_127,23,NAT_R,RETN_,RETN_,INT_R,ROUNDING_,REV,REV,21,3,1
ACCOUN,2214,A,A,25,D,33,9,6,E,A,RO,31,9724,G,92735,24225,M,15,34,R,3,I,4.40000000,A,32079,3,ROLLOVER_TYPE_128,27,NAT_R,RETN_,RETN_,INT_R,ROUNDING_,PAY,PAY,15,4,2
ACCOUN,5933,A,A,1,D,28,9,31,E,A,RO,13,44786,G,54657,77536,M,26,3,R,3,I,1.88000000,A,48371,3,ROLLOVER_TYPE_129,28,NAT_R,RETN_,RETN_,INT_R,ROUNDING_,ATM,ATM,7,1,2
ACCOUN,6723,A,A,11,D,8,14,36,E,A,RO,8,64579,G,9460,46288,M,12,4,R,0,I,1.02000000,A,907,3,ROLLOVER_TYPE_130,35,NAT_R,RETN_,RETN_,INT_R,ROUNDING_,DEP,DEP,35,3,2
ACCOUN,8662,A,A,5,D,1,25,5,E,A,RO,5,2592,G,40449,93819,M,6,20,R,4,I,3.10000000,A,91256,2,ROLLOVER_TYPE_131,23,NAT_R,RETN_,RETN_,INT_R,ROUNDING_,WDR,WDR,2,4,1
ACCOUN,5611,A,A,8,D,29,8,6,E,A,RO,22,61015,G,16969,46961,M,20,19,R,2,I,3.84000000,A,80174,1,ROLLOVER_TYPE_132,35,NAT_R,RETN_,RETN_,INT_R,ROUNDING_,TRF,TRF,11,3,3
ACCOUN,8282,A,A,27,D,14,33,7,E,A,RO,7,74952,G,7646,59633,M,18,33,R,3,I,0.90000000,A,69845,3,ROLLOVER_TYPE_133,8,NAT_R,RETN_,RETN_,INT_R,ROUNDING_,FEE,FEE,25,1,1
ACCOUN,1654,A,A,20,D,23,22,25,E,A,RO,27,51823,G,79504,67855,M,8,10,R,4,I,2.84000000,A,42566,1,ROLLOVER_TYPE_134,14,NAT_R,RETN_,RETN_,INT_R,ROUNDING_,INT,INT,29,3,2
ACCOUN,6025,A,A,17,D,5,16,35,E,A,RO,13,60301,G,20072,80732,M,8,17,R,3,I,3.23000000,A,90065,2,ROLLOVER_TYPE_135,34,NAT_R,RETN_,RETN_,INT_R,ROUNDING_,REV,REV,24,2,2
ACCOUN,8083,A,A,27,D,4,14,6,E,A,RO,19,54823,G,47209,55255,M,11,27,R,2,I,1.36000000,A,93393,0,ROLLOVER_TYPE_136,8,NAT_R,RETN_,RETN_,INT_R,ROUNDING_,PAY,PAY,6,4,1
ACCOUN,5774,A,A,23,D,4,14,0,E,A,RO,14,61590,G,72971,2690,M,25,5,R,1,I,3.70000000,A,96749,1,ROLLOVER_TYPE_137,1,NAT_R,RETN_,RETN_,INT_R,ROUNDING_,ATM,ATM,0,1,3
ACCOUN,6318,A,A,30,D,6,0,5,E,A,RO,21,99161,G,28186,59079,M,20,25,R,3,I,1.78000000,A,62835,1,ROLLOVER_TYPE_138,11,NAT_R,RETN_,RETN_,INT_R,ROUNDING_,DEP,DEP,13,3,2
ACCOUN,3441,A,A,6,D,18,5,9,E,A,RO,12,18187,G,90460,57011,M,18,21,R,4,I,3.03000000,A,78786,2,ROLLOVER_TYPE_139,25,NAT_R,RETN_,RETN_,INT_R,ROUNDING_,WDR,WDR,27,3,3
ACCOUN,1273,A,A,19,D,30,24,1,E,A,RO,5,23593,G,55169,52985,M,35,34,R,1,I,2.83000000,A,10130,2,ROLLOVER_TYPE_140,15,NAT_R,RETN_,RETN_,INT_R,ROUNDING_,TRF,TRF,14,4,2
ACCOUN,8234,A,A,34,D,27,14,3,E,A,RO,31,73759,G,81019,94519,M,6,8,R,3,I,2.40000000,A,86205,2,ROLLOVER_TYPE_141,16,NAT_R,RETN_,RETN_,INT_R,ROUNDING_,FEE,FEE,24,3,1
ACCOUN,9532,A,A,22,D,16,25,36,E,A,RO,33,34627,G,43687,16930,M,32,33,R,3,I,1.28000000,A,45187,2,ROLLOVER_TYPE_142,13,NAT_R,RETN_,RETN_,INT_R,ROUNDING_,INT,INT,7,2,0
ACCOUN,5202,A,A,14,D,7,16,32,E,A,RO,21,41095,G,19403,50783,M,13,2,R,1,I,3.12000000,A,91962,0,ROLLOVER_TYPE_143,32,NAT_R,RETN_,RETN_,INT_R,ROUNDING_,REV,REV,0,3,4
ACCOUN,9793,A,A,7,D,34,34,33,E,A,RO,29,75730,G,30868,89078,M,4,17,R,2,I,2.23000000,A,84141,2,ROLLOVER_TYPE_144,9,NAT_R,RETN_,RETN_,INT_R,ROUNDING_,PAY,PAY,21,3,2
ACCOUN,3018,A,A,29,D,17,28,8,E,A,RO,10,14009,G,50960,4859,M,32,31,R,1,I,4.35000000,A,36186,3,ROLLOVER_TYPE_145,27,NAT_R,RETN_,RETN_,INT_R,ROUNDING_,ATM,ATM,29,4,1
ACCOUN,2382,A,A,11,D,15,11,24,E,A,RO,23,71083,G,91139,35084,M,8,21,R,4,I,2.74000000,A,19186,1,ROLLOVER_TYPE_146,11,NAT_R,RETN_,RETN_,INT_R,ROUNDING_,DEP,DEP,29,3,4
ACCOUN,2878,A,A,18,D,10,23,18,E,A,RO,14,57632,G,5956,28968,M,13,16,R,1,I,4.20000000,A,3912,3,ROLLOVER_TYPE_147,13,NAT_R,RETN_,RETN_,INT_R,ROUNDING_,WDR,WDR,32,2,4
ACCOUN,7445,A,A,0,D,10,21,0,E,A,RO,21,33048,G,77194,18054,M,18,28,R,2,I,3.83000000,A,51974,2,ROLLOVER_TYPE_148,33,NAT_R,RETN_,RETN_,INT_R,ROUNDING_,TRF,TRF,29,4,2
ACCOUN,4794,A,A,27,D,29,12,28,E,A,RO,0,30878,G,43600,12540,M,8,20,R,1,I,2.25000000,A,75798,4,ROLLOVER_TYPE_149,31,NAT_R,RETN_,RETN_,INT_R,ROUNDING_,FEE,FEE,27,3,3
ACCOUN,8683,A,A,4,D,6,25,35,E,A,RO,30,9059,G,86048,31247,M,24,36,R,2,I,0.98000000,A,12160,3,ROLLOVER_TYPE_150,9,NAT_R,RETN_,RETN_,INT_R,ROUNDING_,INT,INT,36,4,3
ACCOUN,7631,A,A,28,D,4,8,32,E,A,RO,27,55084,G,85584,22804,M,2,22,R,1,I,1.67000000,A,22849,3,ROLLOVER_TYPE_151,35,NAT_R,RETN_,RETN_,INT_R,ROUNDING_,REV,REV,23,4,1
ACCOUN,5969,A,A,3,D,6,34,36,E,A,RO,15,59592,G,71293,18438,M,25,10,R,3,I,1.73000000,A,67854,2,ROLLOVER_TYPE_152,22,NAT_R,RETN_,RETN_,INT_R,ROUNDING_,PAY,PAY,31,2,2
ACCOUN,2244,A,A,1,D,27,30,14,E,A,RO,11,14555,G,9238,1449,M,7,16,R,2,I,3.96000000,A,28681,2,ROLLOVER_TYPE_153,19,NAT_R,RETN_,RETN_,INT_R,ROUNDING_,ATM,ATM,9,2,4
ACCOUN,9952,A,A,15,D,7,21,16,E,A,RO,3,18848,G,15322,57121,M,7,3,R,3,I,4.41000000,A,81657,1,ROLLOVER_TYPE_154,1,NAT_R,RETN_,RETN_,INT_R,ROUNDING_,DEP,DEP,9,2,1
ACCOUN,1114,A,A,14,D,18,0,27,E,A,RO,13,93649,G,87302,83713,M,17,28,R,4,I,3.87000000,A,96916,2,ROLLOVER_TYPE_155,27,NAT_R,RETN_,RETN_,INT_R,ROUNDING_,WDR,WDR,28,3,2
ACCOUN,8755,A,A,32,D,5,1,33,E,A,RO,15,84696,G,60855,37285,M,10,1,R,2,I,2.21000000,A,70336,2,ROLLOVER_TYPE_156,7,NAT_R,RETN_,RETN_,INT_R,ROUNDING_,TRF,TRF,34,2,1
ACCOUN,7841,A,A,31,D,7,25,9,E,A,RO,9,32261,G,21616,36375,M,13,12,R,1,I,2.18000000,A,65417,3,ROLLOVER_TYPE_157,3,NAT_R,RETN_,RETN_,INT_R,ROUNDING_,FEE,FEE,30,0,1
ACCOUN,351,A,A,27,D,16,15,7,E,A,RO,28,38102,G,8363,37488,M,0,2,R,1,I,2.08000000,A,49762,3,ROLLOVER_TYPE_158,25,NAT_R,RETN_,RETN_,INT_R,ROUNDING_,INT,INT,0,2,1
ACCOUN,8552,A,A,14,D,36,36,6,E,A,RO,14,77087,G,85604,30739,M,7,26,R,2,I,1.23000000,A,86648,2,ROLLOVER_TYPE_159,33,NAT_R,RETN_,RETN_,INT_R,ROUNDING_,REV,REV,32,3,1
ACCOUN,5778,A,A,4,D,17,12,18,E,A,RO,24,60543,G,42260,50469,M,16,6,R,2,I,3.64000000,A,35230,3,ROLLOVER_TYPE_160,19,NAT_R,RETN_,RETN_,INT_R,ROUNDING_,PAY,PAY,7,2,4
ACCOUN,5425,A,A,0,D,27,18,16,E,A,RO,24,57480,G,76919,15799,M,17,12,R,4,I,4.33000000,A,15169,4,ROLLOVER_TYPE_161,23,NAT_R,RETN_,RETN_,INT_R,ROUNDING_,ATM,ATM,12,4,3
ACCOUN,3307,A,A,0,D,32,8,12,E,A,RO,15,34522,G,27371,60721,M,3,19,R,3,I,3.18000000,A,26794,0,ROLLOVER_TYPE_162,29,NAT_R,RETN_,RETN_,INT_R,ROUNDING_,DEP,DEP,25,0,2
ACCOUN,6273,A,A,23,D,33,9,25,E,A,RO,2,33084,G,1423,95756,M,13,27,R,2,I,0.82000000,A,64520,2,ROLLOVER_TYPE_163,10,NAT_R,RETN_,RETN_,INT_R,ROUNDING_,WDR,WDR,7,1,1
ACCOUN,1373,A,A,32,D,29,18,26,E,A,RO,26,59343,G,19925,55538,M,25,3,R,1,I,3.83000000,A,99238,3,ROLLOVER_TYPE_164,16,NAT_R,RETN_,RETN_,INT_R,ROUNDING_,TRF,TRF,5,4,0
ACCOUN,2171,A,A,18,D,12,1,16,E,A,RO,6,28875,G,81460,33516,M,2,4,R,3,I,2.13000000,A,22695,2,ROLLOVER_TYPE_165,36,NAT_R,RETN_,RETN_,INT_R,ROUNDING_,FEE,FEE,10,2,2
ACCOUN,2789,A,A,5,D,6,26,32,E,A,RO,29,69453,G,31044,49497,M,14,26,R,1,I,1.56000000,A,24520,3,ROLLOVER_TYPE_166,23,NAT_R,RETN_,RETN_,INT_R,ROUNDING_,INT,INT,5,4,1
ACCOUN,8547,A,A,24,D,9,21,26,E,A,RO,34,69859,G,32572,80228,M,35,30,R,4,I,1.17000000,A,59269,1,ROLLOVER_TYPE_167,15,NAT_R,RETN_,RETN_,INT_R,ROUNDING_,REV,REV,10,2,4
ACCOUN,2513,A,A,17,D,21,2,21,E,A,RO,12,96241,G,80283,54183,M,16,36,R,3,I,2.13000000,A,18358,3,ROLLOVER_TYPE_168,17,NAT_R,RETN_,RETN_,INT_R,ROUNDING_,PAY,PAY,28,4,4
ACCOUN,2059,A,A,0,D,34,24,32,E,A,RO,17,41522,G,57894,94484,M,5,11,R,1,I,3.59000000,A,18566,1,ROLLOVER_TYPE_169,36,NAT_R,RETN_,RETN_,INT_R,ROUNDING_,ATM,ATM,27,4,3
ACCOUN,2289,A,A,18,D,13,11,34,E,A,RO,11,35299,G,88701,85533,M,15,22,R,3,I,4.27000000,A,24033,3,ROLLOVER_TYPE_170,29,NAT_R,RETN_,RETN_,INT_R,ROUNDING_,DEP,DEP,8,3,1
ACCOUN,791,A,A,34,D,28,32,5,E,A,RO,2,68849,G,67425,52758,M,4,6,R,3,I,3.84000000,A,44908,1,ROLLOVER_TYPE_171,32,NAT_R,RETN_,RETN_,INT_R,ROUNDING_,WDR,WDR,1,1,3
ACCOUN,1668,A,A,11,D,4,3,9,E,A,RO,26,92736,G,67879,65210,M,18,33,R,1,I,2.30000000,A,75406,4,ROLLOVER_TYPE_172,33,NAT_R,RETN_,RETN_,INT_R,ROUNDING_,TRF,TRF,13,1,1
ACCOUN,9410,A,A,24,D,33,35,22,E,A,RO,29,14713,G,25971,46189,M,0,35,R,3,I,0.93000000,A,83345,4,ROLLOVER_TYPE_173,5,NAT_R,RETN_,RETN_,INT_R,ROUNDING_,FEE,FEE,34,3,1
ACCOUN,1211,A,A,27,D,22,17,36,E,A,RO,15,76555,G,97125,50367,M,26,1,R,2,I,2.02000000,A,9281,1,ROLLOVER_TYPE_174,17,NAT_R,RETN_,RETN_,INT_R,ROUNDING_,INT,INT,11,2,4
ACCOUN,5413,A,A,16,D,6,32,6,E,A,RO,16,86993,G,15915,38967,M,3,8,R,2,I,2.81000000,A,59531,3,ROLLOVER_TYPE_175,7,NAT_R,RETN_,RETN_,INT_R,ROUNDING_,REV,REV,22,4,1
ACCOUN,1660,A,A,3,D,35,27,27,E,A,RO,34,73389,G,83662,60448,M,4,1,R,3,I,2.16000000,A,59527,4,ROLLOVER_TYPE_176,10,NAT_R,RETN_,RETN_,INT_R,ROUNDING_,PAY,PAY,19,2,2
ACCOUN,3177,A,A,0,D,2,32,26,E,A,RO,32,72041,G,62991,30517,M,4,32,R,2,I,3.13000000,A,66307,2,ROLLOVER_TYPE_177,3,NAT_R,RETN_,RETN_,INT_R,ROUNDING_,ATM,ATM,20,4,0
ACCOUN,2581,A,A,11,D,16,25,26,E,A,RO,23,76633,G,21295,49392,M,27,14,R,3,I,2.27000000,A,60233,4,ROLLOVER_TYPE_178,29,NAT_R,RETN_,RETN_,INT_R,ROUNDING_,DEP,DEP,18,3,2
ACCOUN,2124,A,A,25,D,21,10,29,E,A,RO,4,86443,G,42240,44106,M,31,36,R,4,I,1.86000000,A,88509,3,ROLLOVER_TYPE_179,19,NAT_R,RETN_,RETN_,INT_R,ROUNDING_,WDR,WDR,17,4,3
ACCOUN,7571,A,A,1,D,32,15,0,E,A,RO,22,96923,G,20919,88110,M,5,5,R,1,I,4.17000000,A,85267,3,ROLLOVER_TYPE_180,8,NAT_R,RETN_,RETN_,INT_R,ROUNDING_,TRF,TRF,13,4,0
ACCOUN,8431,A,A,24,D,19,7,29,E,A,RO,11,18350,G,52468,84566,M,15,32,R,2,I,2.17000000,A,97635,2,ROLLOVER_TYPE_181,23,NAT_R,RETN_,RETN_,INT_R,ROUNDING_,FEE,FEE,15,2,3
ACCOUN,4146,A,A,29,D,20,27,34,E,A,RO,31,73156,G,47341,88446,M,4,26,R,3,I,3.34000000,A,75914,1,ROLLOVER_TYPE_182,34,NAT_R,RETN_,RETN_,INT_R,ROUNDING_,INT,INT,18,4,1
ACCOUN,4687,A,A,34,D,9,30,28,E,A,RO,13,88182,G,63647,97728,M,36,30,R,1,I,2.63000000,A,63367,3,ROLLOVER_TYPE_183,28,NAT_R,RETN_,RETN_,INT_R,ROUNDING_,REV,REV,1,3,3
ACCOUN,1716,A,A,16,D,35,32,7,E,A,RO,11,83050,G,61997,571,M,23,27,R,2,I,1.99000000,A,38975,3,ROLLOVER_TYPE_184,29,NAT_R,RETN_,RETN_,INT_R,ROUNDING_,PAY,PAY,20,1,2
ACCOUN,3206,A,A,16,D,7,0,28,E,A,RO,26,26619,G,6208,63348,M,16,26,R,4,I,3.33000000,A,25589,4,ROLLOVER_TYPE_185,20,NAT_R,RETN_,RETN_,INT_R,ROUNDING_,ATM,ATM,3,4,1
ACCOUN,1103,A,A,14,D,27,22,23,E,A,RO,3,30339,G,40475,27489,M,19,8,R,1,I,2.05000000,A,36732,1,ROLLOVER_TYPE_186,28,NAT_R,RETN_,RETN_,INT_R,ROUNDING_,DEP,DEP,36,3,1
ACCOUN,3312,A,A,25,D,15,30,30,E,A,RO,32,72694,G,81463,51170,M,34,36,R,1,I,3.96000000,A,2009,4,ROLLOVER_TYPE_187,25,NAT_R,RETN_,RETN_,INT_R,ROUNDING_,WDR,WDR,32,1,1
ACCOUN,2550,A,A,30,D,15,15,16,E,A,RO,28,54917,G,27196,98553,M,4,28,R,2,I,4.49000000,A,3346,1,ROLLOVER_TYPE_188,23,NAT_R,RETN_,RETN_,INT_R,ROUNDING_,TRF,TRF,35,4,1
ACCOUN,5483,A,A,22,D,31,8,35,E,A,RO,4,39136,G,68732,17327,M,12,9,R,2,I,2.00000000,A,86613,2,ROLLOVER_TYPE_189,20,NAT_R,RETN_,RETN_,INT_R,ROUNDING_,FEE,FEE,32,2,4
ACCOUN,4068,A,A,36,D,12,24,9,E,A,RO,36,53150,G,68599,56457,M,23,33,R,1,I,4.45000000,A,25051,2,ROLLOVER_TYPE_190,16,NAT_R,RETN_,RETN_,INT_R,ROUNDING_,INT,INT,14,2,2
ACCOUN,3528,A,A,28,D,5,11,15,E,A,RO,20,50578,G,70707,61219,M,26,18,R,4,I,1.50000000,A,46802,2,ROLLOVER_TYPE_191,34,NAT_R,RETN_,RETN_,INT_R,ROUNDING_,REV,REV,1,3,1
ACCOUN,4816,A,A,1,D,35,32,34,E,A,RO,22,59027,G,69852,15746,M,17,21,R,2,I,3.23000000,A,40962,1,ROLLOVER_TYPE_192,20,NAT_R,RETN_,RETN_,INT_R,ROUNDING_,PAY,PAY,24,1,0
ACCOUN,2974,A,A,10,D,30,2,11,E,A,RO,31,32546,G,65518,69873,M,16,28,R,3,I,3.64000000,A,43441,2,ROLLOVER_TYPE_193,5,NAT_R,RETN_,RETN_,INT_R,ROUNDING_,ATM,ATM,23,2,3
ACCOUN,5996,A,A,12,D,5,20,4,E,A,RO,5,90977,G,67815,13434,M,31,13,R,3,I,1.36000000,A,27595,1,ROLLOVER_TYPE_194,16,NAT_R,RETN_,RETN_,INT_R,ROUNDING_,DEP,DEP,3,4,3
ACCOUN,4041,A,A,8,D,32,0,5,E,A,RO,3,5019,G,50867,98755,M,28,30,R,3,I,4.08000000,A,30267,2,ROLLOVER_TYPE_195,33,NAT_R,RETN_,RETN_,INT_R,ROUNDING_,WDR,WDR,30,2,4
ACCOUN,3330,A,A,6,D,8,29,36,E,A,RO,26,53391,G,29863,2237,M,36,31,R,3,I,3.73000000,A,33871,2,ROLLOVER_TYPE_196,20,NAT_R,RETN_,RETN_,INT_R,ROUNDING_,TRF,TRF,25,1,1
ACCOUN,5120,A,A,12,D,22,24,5,E,A,RO,9,33429,G,62476,38812,M,25,0,R,2,I,1.88000000,A,83225,2,ROLLOVER_TYPE_197,29,NAT_R,RETN_,RETN_,INT_R,ROUNDING_,FEE,FEE,3,1,4
ACCOUN,7537,A,A,7,D,24,31,30,E,A,RO,24,2472,G,90590,13618,M,17,34,R,4,I,4.42000000,A,5570,3,ROLLOVER_TYPE_198,27,NAT_R,RETN_,RETN_,INT_R,ROUNDING_,INT,INT,11,2,4
ACCOUN,6714,A,A,31,D,34,3,0,E,A,RO,17,70122,G,68054,96089,M,28,22,R,3,I,1.58000000,A,38220,3,ROLLOVER_TYPE_199,30,NAT_R,RETN_,RETN_,INT_R,ROUNDING_,REV,REV,24,2,2
ACCOUN,5322,A,A,32,D,32,34,31,E,A,RO,29,34314,G,76717,98158,M,13,30,R,2,I,0.89000000,A,34743,3,ROLLOVER_TYPE_200,28,NAT_R,RETN_,RETN_,INT_R,ROUNDING_,PAY,PAY,11,4,4
ACCOUN,6847,A,A,33,D,6,17,14,E,A,RO,25,13277,G,82187,15223,M,13,32,R,2,I,2.48000000,A,50397,2,ROLLOVER_TYPE_201,24,NAT_R,RETN_,RETN_,INT_R,ROUNDING_,ATM,ATM,28,1,2
ACCOUN,691,A,A,29,D,3,12,16,E,A,RO,6,12087,G,80582,12405,M,10,0,R,1,I,1.83000000,A,7668,2,ROLLOVER_TYPE_202,25,NAT_R,RETN_,RETN_,INT_R,ROUNDING_,DEP,DEP,4,2,3
ACCOUN,6688,A,A,25,D,34,35,3,E,A,RO,30,46827,G,94779,58255,M,13,12,R,2,I,3.11000000,A,49927,2,ROLLOVER_TYPE_203,21,NAT_R,RETN_,RETN_,INT_R,ROUNDING_,WDR,WDR,10,1,4
ACCOUN,4155,A,A,10,D,34,10,10,E,A,RO,7,39758,G,72355,46278,M,18,27,R,0,I,3.26000000,A,6663,2,ROLLOVER_TYPE_204,32,NAT_R,RETN_,RETN_,INT_R,ROUNDING_,TRF,TRF,25,1,1
ACCOUN,681,A,A,26,D,5,14,24,E,A,RO,30,45135,G,86694,10787,M,33,4,R,2,I,2.54000000,A,21345,3,ROLLOVER_TYPE_205,34,NAT_R,RETN_,RETN_,INT_R,ROUNDING_,FEE,FEE,16,1,3
ACCOUN,7747,A,A,20,D,29,17,15,E,A,RO,35,80582,G,50846,47131,M,32,26,R,3,I,0.97000000,A,89195,2,ROLLOVER_TYPE_206,7,NAT_R,RETN_,RETN_,INT_R,ROUNDING_,INT,INT,31,2,2
ACCOUN,1409,A,A,4,D,22,17,29,E,A,RO,22,84648,G,1002,28533,M,13,8,R,1,I,4.36000000,A,66844,3,ROLLOVER_TYPE_207,6,NAT_R,RETN_,RETN_,INT_R,ROUNDING_,REV,REV,20,2,2
ACCOUN,6506,A,A,28,D,8,12,4,E,A,RO,15,78170,G,46677,29984,M,30,2,R,1,I,1.04000000,A,58214,2,ROLLOVER_TYPE_208,8,NAT_R,RETN_,RETN_,INT_R,ROUNDING_,PAY,PAY,9,1,2
ACCOUN,3439,A,A,33,D,14,10,35,E,A,RO,27,2513,G,10456,30244,M,21,5,R,2,I,1.27000000,A,76695,1,ROLLOVER_TYPE_209,36,NAT_R,RETN_,RETN_,INT_R,ROUNDING_,ATM,ATM,27,3,0
ACCOUN,6644,A,A,35,D,32,5,25,E,A,RO,24,8305,G,3952,8270,M,0,20,R,2,I,1.27000000,A,2461,2,ROLLOVER_TYPE_210,13,NAT_R,RETN_,RETN_,INT_R,ROUNDING_,DEP,DEP,21,2,0
ACCOUN,8008,A,A,36,D,2,30,21,E,A,RO,12,24423,G,10443,41729,M,16,19,R,3,I,1.14000000,A,45183,1,ROLLOVER_TYPE_211,20,NAT_R,RETN_,RETN_,INT_R,ROUNDING_,WDR,WDR,12,3,3
ACCOUN,690,A,A,35,D,10,10,15,E,A,RO,3,34653,G,30893,91774,M,23,12,R,4,I,4.20000000,A,10811,3,ROLLOVER_TYPE_212,28,NAT_R,RETN_,RETN_,INT_R,ROUNDING_,TRF,TRF,5,1,2
ACCOUN,2066,A,A,4,D,21,36,23,E,A,RO,25,64830,G,73343,37510,M,24,10,R,2,I,4.02000000,A,35750,1,ROLLOVER_TYPE_213,16,NAT_R,RETN_,RETN_,INT_R,ROUNDING_,FEE,FEE,14,0,3
ACCOUN,3338,A,A,33,D,32,12,29,E,A,RO,32,31917,G,334,22037,M,12,34,R,2,I,1.20000000,A,38111,1,ROLLOVER_TYPE_214,29,NAT_R,RETN_,RETN_,INT_R,ROUNDING_,INT,INT,35,1,1
ACCOUN,3431,A,A,9,D,12,36,10,E,A,RO,23,42013,G,9709,59947,M,9,19,R,2,I,3.55000000,A,36196,3,ROLLOVER_TYPE_215,29,NAT_R,RETN_,RETN_,INT_R,ROUNDING_,REV,REV,28,2,3
ACCOUN,4194,A,A,35,D,25,20,8,E,A,RO,30,10345,G,66381,29461,M,7,31,R,2,I,1.76000000,A,82915,2,ROLLOVER_TYPE_216,4,NAT_R,RETN_,RETN_,INT_R,ROUNDING_,PAY,PAY,0,2,1
ACCOUN,5514,A,A,14,D,34,6,19,E,A,RO,34,36933,G,24967,30842,M,31,28,R,1,I,1.27000000,A,84681,3,ROLLOVER_TYPE_217,27,NAT_R,RETN_,RETN_,INT_R,ROUNDING_,ATM,ATM,19,2,1
ACCOUN,1590,A,A,30,D,10,14,35,E,A,RO,35,3378,G,79137,80870,M,30,6,R,2,I,3.55000000,A,20997,2,ROLLOVER_TYPE_218,13,NAT_R,RETN_,RETN_,INT_R,ROUNDING_,DEP,DEP,8,1,2
ACCOUN,5740,A,A,13,D,15,13,13,E,A,RO,28,46949,G,85318,11530,M,30,12,R,1,I,0.82000000,A,6522,4,ROLLOVER_TYPE_219,11,NAT_R,RETN_,RETN_,INT_R,ROUNDING_,WDR,WDR,22,3,2
ACCOUN,9723,A,A,17,D,21,26,33,E,A,RO,33,2174,G,27568,86830,M,33,22,R,1,I,4.21000000,A,74424,3,ROLLOVER_TYPE_220,18,NAT_R,RETN_,RETN_,INT_R,ROUNDING_,TRF,TRF,15,3,3
ACCOUN,1911,A,A,19,D,7,29,13,E,A,RO,1,8945,G,94005,71798,M,1,4,R,3,I,3.52000000,A,21855,4,ROLLOVER_TYPE_221,13,NAT_R,RETN_,RETN_,INT_R,ROUNDING_,FEE,FEE,26,1,4
ACCOUN,480,A,A,29,D,4,23,21,E,A,RO,23,42073,G,5508,69744,M,25,26,R,2,I,3.36000000,A,32047,4,ROLLOVER_TYPE_222,13,NAT_R,RETN_,RETN_,INT_R,ROUNDING_,INT,INT,9,4,3
ACCOUN,5449,A,A,9,D,5,22,12,E,A,RO,5,13699,G,2576,97865,M,0,13,R,1,I,3.58000000,A,1180,3,ROLLOVER_TYPE_223,23,NAT_R,RETN_,RETN_,INT_R,ROUNDING_,REV,REV,15,3,3
ACCOUN,7475,A,A,24,D,6,0,23,E,A,RO,25,49566,G,70386,4980,M,17,33,R,0,I,4.44000000,A,62461,1,ROLLOVER_TYPE_224,13,NAT_R,RETN_,RETN_,INT_R,ROUNDING_,PAY,PAY,28,2,1
ACCOUN,5095,A,A,12,D,13,15,26,E,A,RO,24,58752,G,95253,10859,M,26,27,R,2,I,2.75000000,A,81380,2,ROLLOVER_TYPE_225,36,NAT_R,RETN_,RETN_,INT_R,ROUNDING_,ATM,ATM,5,0,3
ACCOUN,2771,A,A,9,D,29,30,8,E,A,RO,35,69451,G,44649,56728,M,20,2,R,2,I,2.69000000,A,32247,3,ROLLOVER_TYPE_226,14,NAT_R,RETN_,RETN_,INT_R,ROUNDING_,DEP,DEP,10,1,1
ACCOUN,7848,A,A,25,D,33,20,21,E,A,RO,10,26923,G,20562,52341,M,18,11,R,4,I,2.79000000,A,91394,1,ROLLOVER_TYPE_227,35,NAT_R,RETN_,RETN_,INT_R,ROUNDING_,WDR,WDR,32,1,3
ACCOUN,9654,A,A,0,D,28,34,27,E,A,RO,34,72237,G,27502,63694,M,27,12,R,2,I,3.39000000,A,7820,2,ROLLOVER_TYPE_228,5,NAT_R,RETN_,RETN_,INT_R,ROUNDING_,TRF,TRF,18,3,0
ACCOUN,9143,A,A,25,D,6,3,34,E,A,RO,15,63705,G,16640,40331,M,10,10,R,1,I,4.13000000,A,28197,2,ROLLOVER_TYPE_229,28,NAT_R,RETN_,RETN_,INT_R,ROUNDING_,FEE,FEE,21,1,4
ACCOUN,4616,A,A,33,D,19,6,3,E,A,RO,17,31717,G,55000,68325,M,23,7,R,1,I,3.58000000,A,61868,3,ROLLOVER_TYPE_230,2,NAT_R,RETN_,RETN_,INT_R,ROUNDING_,INT,INT,6,1,4
ACCOUN,3758,A,A,12,D,7,20,14,E,A,RO,9,83906,G,82958,22933,M,14,34,R,1,I,4.15000000,A,3211,4,ROLLOVER_TYPE_231,23,NAT_R,RETN_,RETN_,INT_R,ROUNDING_,REV,REV,31,3,1
ACCOUN,9888,A,A,34,D,2,25,6,E,A,RO,10,68118,G,62429,86420,M,33,23,R,2,I,1.87000000,A,6903,3,ROLLOVER_TYPE_232,25,NAT_R,RETN_,RETN_,INT_R,ROUNDING_,PAY,PAY,26,4,1
ACCOUN,793,A,A,24,D,8,0,29,E,A,RO,29,61885,G,98669,47180,M,20,14,R,1,I,2.09000000,A,92355,1,ROLLOVER_TYPE_233,35,NAT_R,RETN_,RETN_,INT_R,ROUNDING_,ATM,ATM,14,2,1
ACCOUN,6781,A,A,36,D,30,16,18,E,A,RO,34,40012,G,80744,62199,M,11,9,R,3,I,1.54000000,A,72586,0,ROLLOVER_TYPE_234,24,NAT_R,RETN_,RETN_,INT_R,ROUNDING_,DEP,DEP,9,3,1
ACCOUN,6507,A,A,22,D,7,13,28,E,A,RO,19,29900,G,29289,52601,M,31,23,R,2,I,4.14000000,A,37508,3,ROLLOVER_TYPE_235,3,NAT_R,RETN_,RETN_,INT_R,ROUNDING_,WDR,WDR,3,1,1
ACCOUN,508,A,A,7,D,28,23,35,E,A,RO,20,96550,G,73425,89765,M,8,7,R,3,I,2.10000000,A,6800,3,ROLLOVER_TYPE_236,9,NAT_R,RETN_,RETN_,INT_R,ROUNDING_,TRF,TRF,34,1,3
ACCOUN,2770,A,A,21,D,4,10,36,E,A,RO,31,57018,G,22991,95472,M,15,17,R,1,I,3.59000000,A,25160,3,ROLLOVER_TYPE_237,3,NAT_R,RETN_,RETN_,INT_R,ROUNDING_,FEE,FEE,30,1,3
ACCOUN,3476,A,A,33,D,35,8,1,E,A,RO,8,25033,G,77902,38224,M,10,35,R,4,I,1.74000000,A,86857,4,ROLLOVER_TYPE_238,19,NAT_R,RETN_,RETN_,INT_R,ROUNDING_,INT,INT,19,3,1
ACCOUN,5118,A,A,36,D,34,22,32,E,A,RO,10,80744,G,39483,72665,M,13,26,R,4,I,1.79000000,A,87965,4,ROLLOVER_TYPE_239,0,NAT_R,RETN_,RETN_,INT_R,ROUNDING_,REV,REV,25,3,3
ACCOUN,1954,A,A,18,D,32,28,6,E,A,RO,30,55085,G,10290,52396,M,3,0,R,3,I,2.67000000,A,18813,1,ROLLOVER_TYPE_240,32,NAT_R,RETN_,RETN_,INT_R,ROUNDING_,PAY,PAY,0,2,2
ACCOUN,9954,A,A,15,D,15,0,25,E,A,RO,28,85099,G,63457,73346,M,5,8,R,3,I,2.28000000,A,48615,3,ROLLOVER_TYPE_241,0,NAT_R,RETN_,RETN_,INT_R,ROUNDING_,ATM,ATM,22,3,2
ACCOUN,2968,A,A,31,D,8,10,26,E,A,RO,10,51051,G,15056,58848,M,0,2,R,1,I,2.19000000,A,93303,1,ROLLOVER_TYPE_242,31,NAT_R,RETN_,RETN_,INT_R,ROUNDING_,DEP,DEP,11,3,4
ACCOUN,3812,A,A,16,D,24,5,5,E,A,RO,17,67233,G,33709,97811,M,13,23,R,1,I,3.02000000,A,25337,2,ROLLOVER_TYPE_243,11,NAT_R,RETN_,RETN_,INT_R,ROUNDING_,WDR,WDR,25,1,1
ACCOUN,8806,A,A,19,D,29,11,36,E,A,RO,26,36318,G,35835,55784,M,36,34,R,3,I,2.81000000,A,50551,2,ROLLOVER_TYPE_244,31,NAT_R,RETN_,RETN_,INT_R,ROUNDING_,TRF,TRF,10,3,1
ACCOUN,4350,A,A,4,D,18,25,24,E,A,RO,15,67984,G,6021,795,M,29,6,R,4,I,2.02000000,A,75157,1,ROLLOVER_TYPE_245,8,NAT_R,RETN_,RETN_,INT_R,ROUNDING_,FEE,FEE,28,3,2
ACCOUN,5333,A,A,33,D,31,9,13,E,A,RO,30,75134,G,93466,97641,M,1,12,R,3,I,3.36000000,A,29086,1,ROLLOVER_TYPE_246,1,NAT_R,RETN_,RETN_,INT_R,ROUNDING_,INT,INT,13,1,2
ACCOUN,5674,A,A,24,D,18,14,7,E,A,RO,9,61117,G,55407,63387,M,1,19,R,1,I,4.02000000,A,11129,1,ROLLOVER_TYPE_247,28,NAT_R,RETN_,RETN_,INT_R,ROUNDING_,REV,REV,4,2,4
ACCOUN,8799,A,A,3,D,19,1,12,E,A,RO,7,73112,G,9399,47207,M,17,6,R,1,I,0.83000000,A,6043,2,ROLLOVER_TYPE_248,6,NAT_R,RETN_,RETN_,INT_R,ROUNDING_,PAY,PAY,18,2,3
ACCOUN,481,A,A,33,D,20,5,11,E,A,RO,20,5572,G,16694,22250,M,6,20,R,3,I,1.98000000,A,17826,2,ROLLOVER_TYPE_249,26,NAT_R,RETN_,RETN_,INT_R,ROUNDING_,ATM,ATM,35,2,3
ACCOUN,9244,A,A,23,D,18,7,27,E,A,RO,0,85098,G,12108,65478,M,29,8,R,2,I,2.03000000,A,9942,4,ROLLOVER_TYPE_250,10,NAT_R,RETN_,RETN_,INT_R,ROUNDING_,DEP,DEP,10,1,2
ACCOUN,3223,A,A,0,D,25,7,11,E,A,RO,12,29494,G,33278,8280,M,5,30,R,1,I,3.08000000,A,52776,2,ROLLOVER_TYPE_251,19,NAT_R,RETN_,RETN_,INT_R,ROUNDING_,WDR,WDR,9,1,4
ACCOUN,4253,A,A,8,D,0,30,30,E,A,RO,13,95841,G,25349,20249,M,7,3,R,1,I,1.34000000,A,92447,3,ROLLOVER_TYPE_252,27,NAT_R,RETN_,RETN_,INT_R,ROUNDING_,TRF,TRF,12,3,3
ACCOUN,892,A,A,9,D,24,18,4,E,A,RO,12,18040,G,89733,25950,M,29,19,R,2,I,2.43000000,A,38072,3,ROLLOVER_TYPE_253,18,NAT_R,RETN_,RETN_,INT_R,ROUNDING_,FEE,FEE,11,3,1
ACCOUN,2595,A,A,20,D,30,36,27,E,A,RO,6,7443,G,54094,5818,M,5,36,R,2,I,3.34000000,A,75959,3,ROLLOVER_TYPE_254,24,NAT_R,RETN_,RETN_,INT_R,ROUNDING_,INT,INT,2,3,3
ACCOUN,9402,A,A,9,D,34,22,14,E,A,RO,7,77387,G,13846,8771,M,0,3,R,3,I,3.32000000,A,6489,4,ROLLOVER_TYPE_255,17,NAT_R,RETN_,RETN_,INT_R,ROUNDING_,REV,REV,17,1,3
ACCOUN,4201,A,A,15,D,24,34,17,E,A,RO,8,48951,G,52996,79905,M,31,23,R,4,I,1.77000000,A,274,4,ROLLOVER_TYPE_256,24,NAT_R,RETN_,RETN_,INT_R,ROUNDING_,PAY,PAY,12,2,3
ACCOUN,7782,A,A,33,D,22,34,17,E,A,RO,27,40497,G,65394,69138,M,10,28,R,3,I,2.31000000,A,34880,3,ROLLOVER_TYPE_257,19,NAT_R,RETN_,RETN_,INT_R,ROUNDING_,ATM,ATM,36,3,1
ACCOUN,1592,A,A,28,D,9,36,8,E,A,RO,35,62239,G,31000,81814,M,2,18,R,1,I,4.49000000,A,67086,1,ROLLOVER_TYPE_258,7,NAT_R,RETN_,RETN_,INT_R,ROUNDING_,DEP,DEP,24,1,1
ACCOUN,1703,A,A,34,D,18,29,5,E,A,RO,3,57330,G,73535,8423,M,16,17,R,3,I,4.35000000,A,44575,1,ROLLOVER_TYPE_259,9,NAT_R,RETN_,RETN_,INT_R,ROUNDING_,WDR,WDR,7,1,3
ACCOUN,5662,A,A,21,D,27,5,13,E,A,RO,30,56107,G,81091,30170,M,3,26,R,3,I,3.73000000,A,57352,1,ROLLOVER_TYPE_260,28,NAT_R,RETN_,RETN_,INT_R,ROUNDING_,TRF,TRF,32,2,2
ACCOUN,6151,A,A,14,D,15,13,3,E,A,RO,9,93709,G,10900,93888,M,32,18,R,2,I,2.24000000,A,51524,1,ROLLOVER_TYPE_261,30,NAT_R,RETN_,RETN_,INT_R,ROUNDING_,FEE,FEE,23,1,4
ACCOUN,9483,A,A,34,D,11,12,10,E,A,RO,28,25807,G,9580,3227,M,32,12,R,1,I,1.86000000,A,87866,2,ROLLOVER_TYPE_262,21,NAT_R,RETN_,RETN_,INT_R,ROUNDING_,INT,INT,26,1,3
ACCOUN,4214,A,A,25,D,2,9,11,E,A,RO,6,5050,G,50747,31872,M,13,32,R,2,I,4.34000000,A,85683,4,ROLLOVER_TYPE_263,21,NAT_R,RETN_,RETN_,INT_R,ROUNDING_,REV,REV,17,3,2
ACCOUN,2873,A,A,8,D,36,22,1,E,A,RO,16,33134,G,5176,41056,M,24,18,R,1,I,2.27000000,A,88553,2,ROLLOVER_TYPE_264,33,NAT_R,RETN_,RETN_,INT_R,ROUNDING_,PAY,PAY,4,1,3
ACCOUN,3673,A,A,13,D,36,12,12,E,A,RO,36,52126,G,22311,93722,M,18,26,R,3,I,3.13000000,A,29762,3,ROLLOVER_TYPE_265,28,NAT_R,RETN_,RETN_,INT_R,ROUNDING_,ATM,ATM,28,3,2
ACCOUN,1571,A,A,24,D,2,36,36,E,A,RO,12,80847,G,41303,14915,M,3,30,R,1,I,2.18000000,A,64281,1,ROLLOVER_TYPE_266,18,NAT_R,RETN_,RETN_,INT_R,ROUNDING_,DEP,DEP,15,4,0
ACCOUN,1026,A,A,35,D,14,14,21,E,A,RO,5,64078,G,59905,63706,M,35,0,R,3,I,1.03000000,A,92634,1,ROLLOVER_TYPE_267,33,NAT_R,RETN_,RETN_,INT_R,ROUNDING_,WDR,WDR,36,1,2
ACCOUN,3806,A,A,28,D,0,10,30,E,A,RO,10,28823,G,98786,19551,M,3,8,R,3,I,3.69000000,A,2208,3,ROLLOVER_TYPE_268,17,NAT_R,RETN_,RETN_,INT_R,ROUNDING_,TRF,TRF,36,3,1
ACCOUN,7667,A,A,34,D,17,12,20,E,A,RO,36,86954,G,2313,54864,M,25,11,R,3,I,3.85000000,A,9888,3,ROLLOVER_TYPE_269,6,NAT_R,RETN_,RETN_,INT_R,ROUNDING_,FEE,FEE,29,1,1
ACCOUN,9859,A,A,33,D,9,31,34,E,A,RO,4,69196,G,96764,672,M,19,17,R,1,I,3.65000000,A,2824,2,ROLLOVER_TYPE_270,29,NAT_R,RETN_,RETN_,INT_R,ROUNDING_,INT,INT,18,1,1
ACCOUN,4149,A,A,26,D,20,16,6,E,A,RO,10,58229,G,56269,29051,M,15,14,R,2,I,3.84000000,A,15578,2,ROLLOVER_TYPE_271,19,NAT_R,RETN_,RETN_,INT_R,ROUNDING_,REV,REV,26,4,3
ACCOUN,8764,A,A,28,D,5,23,16,E,A,RO,21,54752,G,12183,23334,M,36,9,R,1,I,2.36000000,A,93189,1,ROLLOVER_TYPE_272,23,NAT_R,RETN_,RETN_,INT_R,ROUNDING_,PAY,PAY,20,1,2
ACCOUN,415,A,A,13,D,36,15,22,E,A,RO,5,88623,G,8021,32482,M,4,0,R,1,I,3.98000000,A,47448,3,ROLLOVER_TYPE_273,3,NAT_R,RETN_,RETN_,INT_R,ROUNDING_,ATM,ATM,1,1,2
ACCOUN,6039,A,A,28,D,28,31,23,E,A,RO,3,97072,G,54299,36057,M,27,30,R,3,I,2.55000000,A,92300,3,ROLLOVER_TYPE_274,6,NAT_R,RETN_,RETN_,INT_R,ROUNDING_,DEP,DEP,30,0,2
ACCOUN,3221,A,A,6,D,36,12,23,E,A,RO,3,28448,G,78678,80603,M,7,2,R,1,I,1.83000000,A,34125,4,ROLLOVER_TYPE_275,11,NAT_R,RETN_,RETN_,INT_R,ROUNDING_,WDR,WDR,18,1,3
ACCOUN,2843,A,A,25,D,12,16,3,E,A,RO,2,15531,G,64452,28347,M,31,23,R,1,I,2.44000000,A,87405,2,ROLLOVER_TYPE_276,5,NAT_R,RETN_,RETN_,INT_R,ROUNDING_,TRF,TRF,25,0,2
ACCOUN,2668,A,A,30,D,0,4,9,E,A,RO,22,38748,G,61756,12714,M,6,7,R,2,I,2.86000000,A,83104,3,ROLLOVER_TYPE_277,6,NAT_R,RETN_,RETN_,INT_R,ROUNDING_,FEE,FEE,35,3,4
ACCOUN,5407,A,A,27,D,17,15,14,E,A,RO,34,96657,G,80086,80515,M,24,20,R,2,I,1.66000000,A,42849,1,ROLLOVER_TYPE_278,11,NAT_R,RETN_,RETN_,INT_R,ROUNDING_,INT,INT,5,3,1
ACCOUN,9004,A,A,25,D,33,36,13,E,A,RO,31,96019,G,51614,70780,M,2,28,R,2,I,3.52000000,A,45232,2,ROLLOVER_TYPE_279,14,NAT_R,RETN_,RETN_,INT_R,ROUNDING_,REV,REV,26,3,1
ACCOUN,7327,A,A,25,D,25,25,26,E,A,RO,7,93593,G,41057,91405,M,25,34,R,2,I,4.31000000,A,95076,3,ROLLOVER_TYPE_280,35,NAT_R,RETN_,RETN_,INT_R,ROUNDING_,PAY,PAY,31,2,2
ACCOUN,1478,A,A,12,D,18,21,29,E,A,RO,24,91743,G,26529,91551,M,28,4,R,3,I,3.62000000,A,9403,1,ROLLOVER_TYPE_281,35,NAT_R,RETN_,RETN_,INT_R,ROUNDING_,ATM,ATM,25,3,3
ACCOUN,3386,A,A,24,D,1,34,8,E,A,RO,18,47027,G,67148,70316,M,14,24,R,1,I,1.61000000,A,22222,3,ROLLOVER_TYPE_282,20,NAT_R,RETN_,RETN_,INT_R,ROUNDING_,DEP,DEP,24,2,1
ACCOUN,1536,A,A,28,D,35,21,3,E,A,RO,29,70654,G,75942,94323,M,4,14,R,2,I,2.19000000,A,98060,2,ROLLOVER_TYPE_283,31,NAT_R,RETN_,RETN_,INT_R,ROUNDING_,WDR,WDR,28,2,2
ACCOUN,773,A,A,10,D,10,17,6,E,A,RO,8,28478,G,17584,89428,M,8,1,R,4,I,2.80000000,A,27254,3,ROLLOVER_TYPE_284,31,NAT_R,RETN_,RETN_,INT_R,ROUNDING_,TRF,TRF,15,2,4
ACCOUN,1231,A,A,33,D,1,9,18,E,A,RO,16,13189,G,86179,66909,M,22,25,R,3,I,2.49000000,A,33028,2,ROLLOVER_TYPE_285,7,NAT_R,RETN_,RETN_,INT_R,ROUNDING_,FEE,FEE,28,2,3
ACCOUN,2560,A,A,16,D,21,29,33,E,A,RO,35,61584,G,80021,91805,M,22,1,R,2,I,1.45000000,A,55215,1,ROLLOVER_TYPE_286,19,NAT_R,RETN_,RETN_,INT_R,ROUNDING_,INT,INT,9,3,1
ACCOUN,5992,A,A,24,D,31,20,12,E,A,RO,4,47560,G,6775,75,M,4,20,R,2,I,3.59000000,A,75436,4,ROLLOVER_TYPE_287,4,NAT_R,RETN_,RETN_,INT_R,ROUNDING_,REV,REV,31,1,4
ACCOUN,3297,A,A,0,D,6,2,27,E,A,RO,8,39261,G,90888,27410,M,12,10,R,1,I,1.24000000,A,40968,1,ROLLOVER_TYPE_288,32,NAT_R,RETN_,RETN_,INT_R,ROUNDING_,PAY,PAY,24,2,4
ACCOUN,7199,A,A,9,D,1,6,23,E,A,RO,8,39230,G,64526,71478,M,5,28,R,2,I,4.08000000,A,16877,2,ROLLOVER_TYPE_289,28,NAT_R,RETN_,RETN_,INT_R,ROUNDING_,ATM,ATM,36,4,1
ACCOUN,9343,A,A,22,D,27,6,30,E,A,RO,5,32833,G,88694,17113,M,5,2,R,3,I,3.42000000,A,53112,3,ROLLOVER_TYPE_290,6,NAT_R,RETN_,RETN_,INT_R,ROUNDING_,DEP,DEP,14,2,1
ACCOUN,738,A,A,2,D,34,6,9,E,A,RO,15,17826,G,6686,19198,M,26,25,R,2,I,1.37000000,A,87751,3,ROLLOVER_TYPE_291,32,NAT_R,RETN_,RETN_,INT_R,ROUNDING_,WDR,WDR,3,2,2
ACCOUN,6076,A,A,12,D,8,9,19,E,A,RO,33,59254,G,14156,8654,M,27,28,R,4,I,1.84000000,A,72931,3,ROLLOVER_TYPE_292,16,NAT_R,RETN_,RETN_,INT_R,ROUNDING_,TRF,TRF,32,2,2
ACCOUN,9684,A,A,29,D,22,5,22,E,A,RO,5,10529,G,19658,13306,M,14,29,R,1,I,3.84000000,A,1017,2,ROLLOVER_TYPE_293,14,NAT_R,RETN_,RETN_,INT_R,ROUNDING_,FEE,FEE,14,4,1
ACCOUN,1667,A,A,16,D,34,24,14,E,A,RO,5,86137,G,85904,3296,M,6,26,R,2,I,2.12000000,A,92388,2,ROLLOVER_TYPE_294,29,NAT_R,RETN_,RETN_,INT_R,ROUNDING_,INT,INT,28,4,3
ACCOUN,4752,A,A,35,D,0,7,31,E,A,RO,28,49206,G,38963,927,M,14,23,R,2,I,1.48000000,A,13674,3,ROLLOVER_TYPE_295,17,NAT_R,RETN_,RETN_,INT_R,ROUNDING_,REV,REV,24,1,3
ACCOUN,3520,A,A,4,D,5,29,15,E,A,RO,17,27341,G,87934,52382,M,3,4,R,1,I,1.75000000,A,79580,2,ROLLOVER_TYPE_296,12,NAT_R,RETN_,RETN_,INT_R,ROUNDING_,PAY,PAY,29,2,3
ACCOUN,9326,A,A,24,D,3,12,16,E,A,RO,30,43357,G,90947,83569,M,0,7,R,4,I,1.97000000,A,38745,1,ROLLOVER_TYPE_297,4,NAT_R,RETN_,RETN_,INT_R,ROUNDING_,ATM,ATM,35,3,0
ACCOUN,80,A,A,24,D,14,1,34,E,A,RO,21,95356,G,25076,44119,M,1,26,R,3,I,0.90000000,A,29644,2,ROLLOVER_TYPE_298,1,NAT_R,RETN_,RETN_,INT_R,ROUNDING_,DEP,DEP,24,1,1
ACCOUN,3249,A,A,14,D,15,15,16,E,A,RO,18,84789,G,43647,41900,M,6,16,R,3,I,2.62000000,A,52353,3,ROLLOVER_TYPE_299,26,NAT_R,RETN_,RETN_,INT_R,ROUNDING_,WDR,WDR,0,2,3
ACCOUN,6849,A,A,28,D,22,33,10,E,A,RO,9,54226,G,49821,88611,M,4,14,R,4,I,3.54000000,A,39698,0,ROLLOVER_TYPE_300,15,NAT_R,RETN_,RETN_,INT_R,ROUNDING_,TRF,TRF,19,1,1
ACCOUN,1664,A,A,30,D,24,27,30,E,A,RO,27,70410,G,48235,12835,M,22,24,R,2,I,3.92000000,A,90574,1,ROLLOVER_TYPE_301,25,NAT_R,RETN_,RETN_,INT_R,ROUNDING_,FEE,FEE,29,3,1
ACCOUN,8783,A,A,19,D,25,22,1,E,A,RO,34,34091,G,78139,42405,M,21,19,R,2,I,3.41000000,A,57699,2,ROLLOVER_TYPE_302,25,NAT_R,RETN_,RETN_,INT_R,ROUNDING_,INT,INT,26,0,2
ACCOUN,8602,A,A,8,D,3,9,31,E,A,RO,31,51993,G,59368,75246,M,0,26,R,4,I,2.68000000,A,59865,3,ROLLOVER_TYPE_303,34,NAT_R,RETN_,RETN_,INT_R,ROUNDING_,REV,REV,7,3,3
ACCOUN,1734,A,A,23,D,16,15,34,E,A,RO,22,50800,G,16795,55435,M,10,20,R,3,I,1.19000000,A,8346,2,ROLLOVER_TYPE_304,28,NAT_R,RETN_,RETN_,INT_R,ROUNDING_,PAY,PAY,12,4,2
ACCOUN,3568,A,A,30,D,31,21,31,E,A,RO,31,24303,G,66751,38701,M,31,33,R,3,I,2.78000000,A,13469,3,ROLLOVER_TYPE_305,13,NAT_R,RETN_,RETN_,INT_R,ROUNDING_,ATM,ATM,5,1,1
ACCOUN,9656,A,A,36,D,34,33,18,E,A,RO,36,99565,G,69433,4760,M,18,19,R,1,I,4.46000000,A,39636,3,ROLLOVER_TYPE_306,20,NAT_R,RETN_,RETN_,INT_R,ROUNDING_,DEP,DEP,23,3,2
ACCOUN,3511,A,A,22,D,19,25,4,E,A,RO,5,77452,G,76310,4926,M,24,22,R,2,I,0.97000000,A,25346,3,ROLLOVER_TYPE_307,13,NAT_R,RETN_,RETN_,INT_R,ROUNDING_,WDR,WDR,1,2,1
ACCOUN,770,A,A,22,D,8,1,19,E,A,RO,6,61163,G,64394,90336,M,15,18,R,4,I,2.59000000,A,14888,3,ROLLOVER_TYPE_308,24,NAT_R,RETN_,RETN_,INT_R,ROUNDING_,TRF,TRF,20,3,2
ACCOUN,9299,A,A,32,D,10,17,9,E,A,RO,24,7438,G,98953,27233,M,23,27,R,2,I,0.94000000,A,92370,2,ROLLOVER_TYPE_309,12,NAT_R,RETN_,RETN_,INT_R,ROUNDING_,FEE,FEE,12,3,1
ACCOUN,3947,A,A,5,D,13,11,20,E,A,RO,18,26879,G,50620,21380,M,32,0,R,2,I,3.88000000,A,69066,4,ROLLOVER_TYPE_310,5,NAT_R,RETN_,RETN_,INT_R,ROUNDING_,INT,INT,7,2,1
ACCOUN,3714,A,A,4,D,3,17,1,E,A,RO,30,99579,G,56563,63920,M,16,29,R,3,I,3.65000000,A,58224,3,ROLLOVER_TYPE_311,16,NAT_R,RETN_,RETN_,INT_R,ROUNDING_,REV,REV,21,1,2
ACCOUN,2048,A,A,5,D,13,32,1,E,A,RO,11,92739,G,65320,94308,M,12,6,R,1,I,3.76000000,A,88878,2,ROLLOVER_TYPE_312,22,NAT_R,RETN_,RETN_,INT_R,ROUNDING_,PAY,PAY,13,1,3
ACCOUN,9845,A,A,30,D,21,19,6,E,A,RO,27,61772,G,37904,12029,M,31,7,R,2,I,4.37000000,A,74102,3,ROLLOVER_TYPE_313,34,NAT_R,RETN_,RETN_,INT_R,ROUNDING_,ATM,ATM,16,3,1
ACCOUN,4713,A,A,28,D,0,4,32,E,A,RO,7,18239,G,95570,85953,M,14,15,R,2,I,2.93000000,A,84312,2,ROLLOVER_TYPE_314,16,NAT_R,RETN_,RETN_,INT_R,ROUNDING_,DEP,DEP,25,2,3
ACCOUN,2165,A,A,33,D,7,19,34,E,A,RO,3,52584,G,29387,41102,M,34,11,R,3,I,1.72000000,A,88885,1,ROLLOVER_TYPE_315,18,NAT_R,RETN_,RETN_,INT_R,ROUNDING_,WDR,WDR,29,3,0
ACCOUN,1684,A,A,15,D,1,24,17,E,A,RO,1,81638,G,11837,55657,M,17,34,R,0,I,3.02000000,A,47354,3,ROLLOVER_TYPE_316,2,NAT_R,RETN_,RETN_,INT_R,ROUNDING_,TRF,TRF,19,2,3
ACCOUN,6867,A,A,22,D,31,7,22,E,A,RO,12,78222,G,75156,96583,M,26,25,R,1,I,3.15000000,A,32200,2,ROLLOVER_TYPE_317,16,NAT_R,RETN_,RETN_,INT_R,ROUNDING_,FEE,FEE,30,0,3
ACCOUN,7375,A,A,16,D,9,7,16,E,A,RO,33,18317,G,56038,99018,M,32,16,R,1,I,2.74000000,A,96764,0,ROLLOVER_TYPE_318,27,NAT_R,RETN_,RETN_,INT_R,ROUNDING_,INT,INT,26,2,1
ACCOUN,2976,A,A,7,D,7,4,25,E,A,RO,15,43819,G,57425,17807,M,6,21,R,4,I,1.87000000,A,27106,2,ROLLOVER_TYPE_319,23,NAT_R,RETN_,RETN_,INT_R,ROUNDING_,REV,REV,26,3,1
ACCOUN,7735,A,A,9,D,15,14,0,E,A,RO,13,86971,G,60635,31211,M,13,29,R,1,I,2.11000000,A,92000,1,ROLLOVER_TYPE_320,13,NAT_R,RETN_,RETN_,INT_R,ROUNDING_,PAY,PAY,34,4,2
ACCOUN,2960,A,A,0,D,1,1,13,E,A,RO,10,25697,G,54716,1726,M,20,34,R,3,I,3.91000000,A,64490,2,ROLLOVER_TYPE_321,4,NAT_R,RETN_,RETN_,INT_R,ROUNDING_,ATM,ATM,18,3,3
ACCOUN,2565,A,A,30,D,15,29,29,E,A,RO,6,12417,G,77312,92216,M,7,8,R,1,I,1.87000000,A,6828,2,ROLLOVER_TYPE_322,20,NAT_R,RETN_,RETN_,INT_R,ROUNDING_,DEP,DEP,26,2,4
ACCOUN,8760,A,A,25,D,30,21,16,E,A,RO,21,18085,G,7260,32031,M,26,19,R,4,I,3.61000000,A,12412,2,ROLLOVER_TYPE_323,24,NAT_R,RETN_,RETN_,INT_R,ROUNDING_,WDR,WDR,29,1,1
ACCOUN,8973,A,A,4,D,34,14,9,E,A,RO,16,27539,G,73564,14159,M,36,14,R,1,I,3.47000000,A,77057,3,ROLLOVER_TYPE_324,21,NAT_R,RETN_,RETN_,INT_R,ROUNDING_,TRF,TRF,8,1,2
ACCOUN,366,A,A,13,D,10,14,28,E,A,RO,25,13450,G,72783,72126,M,8,10,R,2,I,3.56000000,A,23125,1,ROLLOVER_TYPE_325,3,NAT_R,RETN_,RETN_,INT_R,ROUNDING_,FEE,FEE,16,2,3
ACCOUN,5130,A,A,32,D,20,14,8,E,A,RO,33,13100,G,89354,75842,M,5,32,R,3,I,1.08000000,A,24115,2,ROLLOVER_TYPE_326,24,NAT_R,RETN_,RETN_,INT_R,ROUNDING_,INT,INT,30,1,2
ACCOUN,8342,A,A,29,D,9,5,3,E,A,RO,13,25210,G,11500,61059,M,21,11,R,2,I,3.05000000,A,80955,1,ROLLOVER_TYPE_327,25,NAT_R,RETN_,RETN_,INT_R,ROUNDING_,REV,REV,10,2,4
ACCOUN,6552,A,A,35,D,28,25,6,E,A,RO,21,16005,G,58768,83549,M,27,30,R,3,I,1.26000000,A,46795,1,ROLLOVER_TYPE_328,33,NAT_R,RETN_,RETN_,INT_R,ROUNDING_,PAY,PAY,20,1,2
ACCOUN,606,A,A,17,D,6,36,28,E,A,RO,14,56696,G,2355,66170,M,3,9,R,2,I,0.82000000,A,18144,2,ROLLOVER_TYPE_329,28,NAT_R,RETN_,RETN_,INT_R,ROUNDING_,ATM,ATM,28,1,4
ACCOUN,749,A,A,18,D,33,6,27,E,A,RO,16,10414,G,6438,55696,M,36,0,R,1,I,3.96000000,A,32362,3,ROLLOVER_TYPE_330,36,NAT_R,RETN_,RETN_,INT_R,ROUNDING_,DEP,DEP,24,3,1
ACCOUN,630,A,A,25,D,22,29,32,E,A,RO,12,93039,G,20264,67217,M,19,4,R,1,I,3.41000000,A,62320,1,ROLLOVER_TYPE_331,8,NAT_R,RETN_,RETN_,INT_R,ROUNDING_,WDR,WDR,2,4,2
ACCOUN,5926,A,A,27,D,8,4,10,E,A,RO,28,92579,G,46246,9179,M,23,13,R,3,I,3.16000000,A,6163,2,ROLLOVER_TYPE_332,18,NAT_R,RETN_,RETN_,INT_R,ROUNDING_,TRF,TRF,2,1,3
ACCOUN,4718,A,A,27,D,30,25,30,E,A,RO,17,452,G,88519,94608,M,28,11,R,2,I,3.80000000,A,80138,2,ROLLOVER_TYPE_333,31,NAT_R,RETN_,RETN_,INT_R,ROUNDING_,FEE,FEE,16,4,0
ACCOUN,1339,A,A,12,D,28,21,27,E,A,RO,31,15895,G,42797,38034,M,6,30,R,2,I,0.91000000,A,37520,3,ROLLOVER_TYPE_334,10,NAT_R,RETN_,RETN_,INT_R,ROUNDING_,INT,INT,32,1,0
ACCOUN,1777,A,A,1,D,19,15,9,E,A,RO,5,44509,G,86002,36286,M,15,13,R,2,I,3.03000000,A,76271,3,ROLLOVER_TYPE_335,21,NAT_R,RETN_,RETN_,INT_R,ROUNDING_,REV,REV,27,3,2
ACCOUN,1264,A,A,4,D,33,17,30,E,A,RO,11,14801,G,91627,42536,M,15,8,R,2,I,1.34000000,A,9232,1,ROLLOVER_TYPE_336,0,NAT_R,RETN_,RETN_,INT_R,ROUNDING_,PAY,PAY,5,4,3
ACCOUN,6801,A,A,35,D,25,7,31,E,A,RO,1,58987,G,36494,86168,M,32,15,R,4,I,3.68000000,A,86443,2,ROLLOVER_TYPE_337,24,NAT_R,RETN_,RETN_,INT_R,ROUNDING_,ATM,ATM,14,2,3
ACCOUN,452,A,A,28,D,8,14,5,E,A,RO,29,20816,G,31276,30288,M,2,26,R,0,I,4.27000000,A,30613,3,ROLLOVER_TYPE_338,26,NAT_R,RETN_,RETN_,INT_R,ROUNDING_,DEP,DEP,22,4,3
ACCOUN,5195,A,A,33,D,30,36,34,E,A,RO,31,2287,G,2161,1504,M,28,9,R,1,I,3.72000000,A,95283,3,ROLLOVER_TYPE_339,19,NAT_R,RETN_,RETN_,INT_R,ROUNDING_,WDR,WDR,3,3,1
ACCOUN,5347,A,A,2,D,12,22,32,E,A,RO,19,89804,G,92150,2193,M,33,9,R,3,I,4.47000000,A,71842,3,ROLLOVER_TYPE_340,27,NAT_R,RETN_,RETN_,INT_R,ROUNDING_,TRF,TRF,8,1,1
ACCOUN,2904,A,A,12,D,10,3,18,E,A,RO,7,38673,G,89040,81495,M,4,13,R,2,I,0.95000000,A,55029,1,ROLLOVER_TYPE_341,4,NAT_R,RETN_,RETN_,INT_R,ROUNDING_,FEE,FEE,5,3,1
ACCOUN,2051,A,A,23,D,2,13,34,E,A,RO,35,91706,G,38006,70785,M,28,5,R,2,I,1.17000000,A,44294,4,ROLLOVER_TYPE_342,2,NAT_R,RETN_,RETN_,INT_R,ROUNDING_,INT,INT,32,3,1
ACCOUN,9628,A,A,6,D,5,24,5,E,A,RO,24,48699,G,65234,92247,M,15,9,R,3,I,1.52000000,A,9290,2,ROLLOVER_TYPE_343,22,NAT_R,RETN_,RETN_,INT_R,ROUNDING_,REV,REV,0,4,1
ACCOUN,6751,A,A,1,D,8,7,35,E,A,RO,30,30759,G,33785,16419,M,6,18,R,4,I,2.68000000,A,12322,2,ROLLOVER_TYPE_344,11,NAT_R,RETN_,RETN_,INT_R,ROUNDING_,PAY,PAY,22,1,4
ACCOUN,889,A,A,25,D,14,20,31,E,A,RO,34,30101,G,33788,96317,M,30,20,R,1,I,3.72000000,A,94481,3,ROLLOVER_TYPE_345,32,NAT_R,RETN_,RETN_,INT_R,ROUNDING_,ATM,ATM,31,2,0
ACCOUN,7991,A,A,35,D,29,23,13,E,A,RO,22,78915,G,52706,8493,M,31,25,R,1,I,1.77000000,A,27370,3,ROLLOVER_TYPE_346,6,NAT_R,RETN_,RETN_,INT_R,ROUNDING_,DEP,DEP,28,4,3
ACCOUN,9684,A,A,5,D,36,23,8,E,A,RO,24,20206,G,95239,46635,M,17,36,R,4,I,4.09000000,A,59507,0,ROLLOVER_TYPE_347,22,NAT_R,RETN_,RETN_,INT_R,ROUNDING_,WDR,WDR,8,2,3
ACCOUN,6745,A,A,15,D,33,15,25,E,A,RO,16,14004,G,23076,40632,M,1,20,R,4,I,4.18000000,A,17207,3,ROLLOVER_TYPE_348,20,NAT_R,RETN_,RETN_,INT_R,ROUNDING_,TRF,TRF,4,2,3
ACCOUN,3181,A,A,32,D,20,7,0,E,A,RO,10,28178,G,93166,27256,M,6,3,R,4,I,1.00000000,A,226,2,ROLLOVER_TYPE_349,28,NAT_R,RETN_,RETN_,INT_R,ROUNDING_,FEE,FEE,0,2,2
ACCOUN,9056,A,A,27,D,33,19,2,E,A,RO,32,3327,G,5613,52759,M,5,32,R,3,I,1.40000000,A,19999,2,ROLLOVER_TYPE_350,29,NAT_R,RETN_,RETN_,INT_R,ROUNDING_,INT,INT,10,1,1
ACCOUN,5039,A,A,13,D,24,23,20,E,A,RO,28,79983,G,82010,49679,M,0,7,R,1,I,2.14000000,A,53348,4,ROLLOVER_TYPE_351,36,NAT_R,RETN_,RETN_,INT_R,ROUNDING_,REV,REV,13,1,3
ACCOUN,7465,A,A,4,D,31,12,7,E,A,RO,12,47924,G,56778,57471,M,27,11,R,1,I,1.32000000,A,80118,0,ROLLOVER_TYPE_352,15,NAT_R,RETN_,RETN_,INT_R,ROUNDING_,PAY,PAY,10,4,1
ACCOUN,7642,A,A,20,D,10,4,20,E,A,RO,24,79357,G,29969,37352,M,12,10,R,1,I,1.89000000,A,50176,1,ROLLOVER_TYPE_353,0,NAT_R,RETN_,RETN_,INT_R,ROUNDING_,ATM,ATM,6,3,3
ACCOUN,9184,A,A,33,D,6,22,33,E,A,RO,19,58340,G,53838,66779,M,10,33,R,3,I,2.95000000,A,30465,1,ROLLOVER_TYPE_354,1,NAT_R,RETN_,RETN_,INT_R,ROUNDING_,DEP,DEP,0,3,2
ACCOUN,9957,A,A,30,D,19,19,19,E,A,RO,1,91929,G,58622,93368,M,27,2,R,2,I,1.88000000,A,11558,1,ROLLOVER_TYPE_355,27,NAT_R,RETN_,RETN_,INT_R,ROUNDING_,WDR,WDR,14,3,1
ACCOUN,6641,A,A,32,D,32,3,2,E,A,RO,3,14424,G,11979,74322,M,16,24,R,4,I,2.90000000,A,9091,2,ROLLOVER_TYPE_356,11,NAT_R,RETN_,RETN_,INT_R,ROUNDING_,TRF,TRF,19,3,3
ACCOUN,3959,A,A,24,D,32,3,7,E,A,RO,17,8941,G,37201,56740,M,30,20,R,4,I,2.10000000,A,98701,1,ROLLOVER_TYPE_357,25,NAT_R,RETN_,RETN_,INT_R,ROUNDING_,FEE,FEE,9,3,2
ACCOUN,2764,A,A,10,D,35,12,31,E,A,RO,32,52088,G,86124,77266,M,26,25,R,3,I,3.01000000,A,13007,3,ROLLOVER_TYPE_358,31,NAT_R,RETN_,RETN_,INT_R,ROUNDING_,INT,INT,21,1,3
ACCOUN,8340,A,A,23,D,31,18,23,E,A,RO,28,55792,G,95989,58268,M,2,29,R,3,I,2.92000000,A,95606,1,ROLLOVER_TYPE_359,18,NAT_R,RETN_,RETN_,INT_R,ROUNDING_,REV,REV,19,3,0
ACCOUN,6247,A,A,11,D,34,5,7,E,A,RO,15,5663,G,67127,80200,M,25,27,R,3,I,2.49000000,A,89277,3,ROLLOVER_TYPE_360,7,NAT_R,RETN_,RETN_,INT_R,ROUNDING_,PAY,PAY,30,1,0
ACCOUN,4534,A,A,15,D,9,20,2,E,A,RO,5,21471,G,84074,89921,M,32,6,R,0,I,1.21000000,A,28508,3,ROLLOVER_TYPE_361,17,NAT_R,RETN_,RETN_,INT_R,ROUNDING_,ATM,ATM,28,4,3
ACCOUN,2327,A,A,14,D,0,33,20,E,A,RO,2,32603,G,43644,34900,M,32,26,R,4,I,1.68000000,A,72834,2,ROLLOVER_TYPE_362,23,NAT_R,RETN_,RETN_,INT_R,ROUNDING_,DEP,DEP,29,4,4
ACCOUN,5339,A,A,24,D,32,35,32,E,A,RO,33,93601,G,30561,21537,M,25,31,R,3,I,3.13000000,A,17191,1,ROLLOVER_TYPE_363,14,NAT_R,RETN_,RETN_,INT_R,ROUNDING_,WDR,WDR,30,2,3
ACCOUN,3992,A,A,21,D,30,29,27,E,A,RO,2,42106,G,48247,93166,M,34,6,R,1,I,1.54000000,A,48943,3,ROLLOVER_TYPE_364,9,NAT_R,RETN_,RETN_,INT_R,ROUNDING_,TRF,TRF,13,4,0
ACCOUN,3415,A,A,7,D,15,11,35,E,A,RO,15,57820,G,29975,43255,M,8,16,R,3,I,4.46000000,A,91822,3,ROLLOVER_TYPE_365,4,NAT_R,RETN_,RETN_,INT_R,ROUNDING_,FEE,FEE,12,2,4
ACCOUN,5862,A,A,6,D,30,25,24,E,A,RO,8,15269,G,79833,64940,M,25,26,R,3,I,1.92000000,A,26047,4,ROLLOVER_TYPE_366,3,NAT_R,RETN_,RETN_,INT_R,ROUNDING_,INT,INT,36,3,3
ACCOUN,5348,A,A,0,D,22,6,27,E,A,RO,17,62937,G,22789,81603,M,14,16,R,2,I,4.49000000,A,69140,1,ROLLOVER_TYPE_367,4,NAT_R,RETN_,RETN_,INT_R,ROUNDING_,REV,REV,0,3,4
